EmployeeNumber,Department,JobRole,Attrition_Prob,Risk,ONETRole,SkillGap,SkillGapCount,Engagement,Recommendation
1,Sales,Sales Executive,0.8978562085193363,HIGH,Sales Managers,"Active Learning, Active Listening, Critical Thinking, Learning Strategies, Mathematics, Monitoring, Reading Comprehension, Science, Speaking",9,,Upskill in Active Learning
2,Research & Development,Research Scientist,0.08297059670956443,LOW,Biological Scientists,,0,,No immediate recommendation
4,Research & Development,Laboratory Technician,0.7822046593046466,HIGH,Biological Technicians,"Active Learning, Critical Thinking, Learning Strategies, Mathematics, Monitoring, Reading Comprehension, Science, Speaking",8,,Upskill in Active Learning
5,Research & Development,Research Scientist,0.5203847988596869,MEDIUM,Biological Scientists,,0,,No immediate recommendation
7,Research & Development,Laboratory Technician,0.7433738307902079,HIGH,Biological Technicians,"Active Learning, Learning Strategies, Mathematics, Monitoring, Reading Comprehension, Science, Writing",7,,Upskill in Active Learning
8,Research & Development,Laboratory Technician,0.24153304057930364,LOW,Biological Technicians,"Active Learning, Critical Thinking, Learning Strategies, Mathematics, Monitoring, Reading Comprehension, Science, Speaking",8,,Upskill in Active Learning
10,Research & Development,Laboratory Technician,0.4232997081388322,MEDIUM,Biological Technicians,"Active Learning, Active Listening, Critical Thinking, Learning Strategies, Mathematics, Monitoring, Reading Comprehension, Science, Speaking, Writing",10,,Upskill in Active Learning
11,Research & Development,Laboratory Technician,0.5003854932449051,MEDIUM,Biological Technicians,"Active Learning, Critical Thinking, Learning Strategies, Mathematics, Monitoring, Science, Speaking",7,,Upskill in Active Learning
12,Research & Development,Manufacturing Director,0.23701495739571218,LOW,Industrial Production Managers,"Active Learning, Active Listening, Critical Thinking, Learning Strategies, Mathematics, Monitoring, Reading Comprehension, Science, Writing",9,,Upskill in Active Learning
13,Research & Development,Healthcare Representative,0.14958042596262416,LOW,Sales Representatives of Services,,0,,No immediate recommendation
14,Research & Development,Laboratory Technician,0.29987915105999474,LOW,Biological Technicians,"Active Learning, Active Listening, Critical Thinking, Learning Strategies, Mathematics, Monitoring, Reading Comprehension, Science, Speaking, Writing",10,,Upskill in Active Learning
15,Research & Development,Laboratory Technician,0.5955389562489048,MEDIUM,Biological Technicians,"Active Learning, Active Listening, Critical Thinking, Learning Strategies, Mathematics, Monitoring, Reading Comprehension, Science",8,,Upskill in Active Learning
16,Research & Development,Research Scientist,0.3881691508101158,MEDIUM,Biological Scientists,,0,,No immediate recommendation
18,Research & Development,Laboratory Technician,0.42065907717269896,MEDIUM,Biological Technicians,"Active Learning, Critical Thinking, Learning Strategies, Mathematics, Monitoring, Science",6,,Upskill in Active Learning
19,Research & Development,Laboratory Technician,0.9419631461136445,HIGH,Biological Technicians,"Active Learning, Active Listening, Critical Thinking, Learning Strategies, Mathematics, Monitoring, Science, Speaking",8,,Upskill in Active Learning
20,Research & Development,Manufacturing Director,0.39641570423826894,MEDIUM,Industrial Production Managers,"Active Learning, Active Listening, Critical Thinking, Learning Strategies, Mathematics, Monitoring, Reading Comprehension, Science, Speaking",9,,Upskill in Active Learning
21,Research & Development,Research Scientist,0.1922578589678931,LOW,Biological Scientists,,0,,No immediate recommendation
22,Research & Development,Laboratory Technician,0.4281512446446875,MEDIUM,Biological Technicians,"Active Learning, Active Listening, Learning Strategies, Mathematics, Monitoring, Science, Speaking, Writing",8,,Upskill in Active Learning
23,Sales,Manager,0.06180988470214121,LOW,General and Operations Managers,"Active Learning, Learning Strategies, Mathematics, Monitoring, Reading Comprehension, Science, Speaking",7,,Upskill in Active Learning
24,Research & Development,Research Scientist,0.3711981116029174,MEDIUM,Biological Scientists,,0,,No immediate recommendation
26,Research & Development,Manufacturing Director,0.02589216601297115,LOW,Industrial Production Managers,"Active Learning, Critical Thinking, Learning Strategies, Mathematics, Monitoring, Reading Comprehension, Science",7,,Upskill in Active Learning
27,Sales,Sales Representative,0.7668061313262764,HIGH,Sales Representatives of Services,,0,,No immediate recommendation
28,Research & Development,Research Director,0.044266169250363085,LOW,Natural Sciences Managers,"Active Learning, Learning Strategies, Mathematics, Monitoring, Science, Speaking, Writing",7,,Upskill in Active Learning
30,Research & Development,Research Scientist,0.30599630046694626,MEDIUM,Biological Scientists,,0,,No immediate recommendation
31,Research & Development,Research Scientist,0.35846527354157404,MEDIUM,Biological Scientists,,0,,No immediate recommendation
32,Research & Development,Manager,0.0176942761474214,LOW,General and Operations Managers,"Active Learning, Critical Thinking, Learning Strategies, Mathematics, Monitoring, Reading Comprehension, Science, Speaking",8,,Upskill in Active Learning
33,Research & Development,Research Scientist,0.9224466623826414,HIGH,Biological Scientists,,0,,No immediate recommendation
35,Sales,Sales Executive,0.21889564100609468,LOW,Sales Managers,"Active Learning, Critical Thinking, Learning Strategies, Mathematics, Monitoring, Reading Comprehension, Science, Speaking",8,,Upskill in Active Learning
36,Research & Development,Healthcare Representative,0.01986883625713242,LOW,Sales Representatives of Services,,0,,No immediate recommendation
38,Sales,Manager,0.3739971255283272,MEDIUM,General and Operations Managers,"Active Learning, Active Listening, Learning Strategies, Mathematics, Monitoring, Reading Comprehension, Science, Speaking",8,,Upskill in Active Learning
39,Research & Development,Laboratory Technician,0.4022518331976649,MEDIUM,Biological Technicians,"Active Learning, Active Listening, Critical Thinking, Learning Strategies, Mathematics, Monitoring, Reading Comprehension, Science, Writing",9,,Upskill in Active Learning
40,Research & Development,Healthcare Representative,0.053368579268121566,LOW,Sales Representatives of Services,,0,,No immediate recommendation
41,Research & Development,Laboratory Technician,0.27289095180758055,LOW,Biological Technicians,"Active Learning, Critical Thinking, Learning Strategies, Mathematics, Monitoring, Reading Comprehension, Science, Speaking, Writing",9,,Upskill in Active Learning
42,Sales,Sales Representative,0.16633591917253315,LOW,Sales Representatives of Services,,0,,No immediate recommendation
45,Research & Development,Research Scientist,0.6507450143695411,HIGH,Biological Scientists,,0,,No immediate recommendation
46,Research & Development,Research Scientist,0.014450030477724326,LOW,Biological Scientists,,0,,No immediate recommendation
47,Sales,Sales Representative,0.916099493709037,HIGH,Sales Representatives of Services,,0,,No immediate recommendation
49,Sales,Sales Representative,0.45450282074603354,MEDIUM,Sales Representatives of Services,,0,,No immediate recommendation
51,Research & Development,Research Scientist,0.830274632219069,HIGH,Biological Scientists,,0,,No immediate recommendation
52,Sales,Sales Executive,0.20407971392921725,LOW,Sales Managers,"Active Learning, Active Listening, Learning Strategies, Mathematics, Monitoring, Reading Comprehension, Science, Writing",8,,Upskill in Active Learning
53,Research & Development,Laboratory Technician,0.18414670742456402,LOW,Biological Technicians,"Active Learning, Critical Thinking, Learning Strategies, Mathematics, Monitoring, Reading Comprehension, Science, Speaking, Writing",9,,Upskill in Active Learning
54,Research & Development,Laboratory Technician,0.32500442875367574,MEDIUM,Biological Technicians,"Active Learning, Critical Thinking, Learning Strategies, Mathematics, Monitoring, Reading Comprehension, Science, Speaking",8,,Upskill in Active Learning
55,Research & Development,Laboratory Technician,0.9544600624374836,HIGH,Biological Technicians,"Active Learning, Critical Thinking, Learning Strategies, Mathematics, Monitoring, Reading Comprehension, Science, Speaking, Writing",9,,Upskill in Active Learning
56,Sales,Sales Executive,0.2724221641113258,LOW,Sales Managers,"Active Learning, Active Listening, Learning Strategies, Mathematics, Monitoring, Reading Comprehension, Science, Speaking, Writing",9,,Upskill in Active Learning
57,Research & Development,Laboratory Technician,0.23666876862235783,LOW,Biological Technicians,"Active Learning, Critical Thinking, Learning Strategies, Mathematics, Monitoring, Reading Comprehension, Science, Speaking, Writing",9,,Upskill in Active Learning
58,Research & Development,Research Director,0.4027598330142041,MEDIUM,Natural Sciences Managers,"Active Learning, Active Listening, Critical Thinking, Learning Strategies, Mathematics, Monitoring, Science, Speaking",8,,Upskill in Active Learning
60,Sales,Sales Executive,0.3693658215617285,MEDIUM,Sales Managers,"Active Learning, Active Listening, Learning Strategies, Mathematics, Monitoring, Reading Comprehension, Science",7,,Upskill in Active Learning
61,Research & Development,Research Scientist,0.6184796618955363,HIGH,Biological Scientists,,0,,No immediate recommendation
62,Sales,Sales Executive,0.6073772235284116,HIGH,Sales Managers,"Active Learning, Active Listening, Learning Strategies, Mathematics, Monitoring, Reading Comprehension, Science",7,,Upskill in Active Learning
63,Research & Development,Laboratory Technician,0.1584863571608067,LOW,Biological Technicians,"Active Learning, Critical Thinking, Learning Strategies, Mathematics, Monitoring, Science, Speaking",7,,Upskill in Active Learning
64,Research & Development,Laboratory Technician,0.914050895197021,HIGH,Biological Technicians,"Active Learning, Active Listening, Learning Strategies, Mathematics, Monitoring, Reading Comprehension, Science, Speaking",8,,Upskill in Active Learning
65,Research & Development,Laboratory Technician,0.8785495549751635,HIGH,Biological Technicians,"Active Learning, Critical Thinking, Learning Strategies, Mathematics, Monitoring, Reading Comprehension, Science, Writing",8,,Upskill in Active Learning
68,Sales,Sales Executive,0.8329831550347766,HIGH,Sales Managers,"Active Learning, Critical Thinking, Learning Strategies, Mathematics, Monitoring, Reading Comprehension, Science, Speaking, Writing",9,,Upskill in Active Learning
70,Research & Development,Healthcare Representative,0.39936869574846523,MEDIUM,Sales Representatives of Services,,0,,No immediate recommendation
72,Sales,Sales Executive,0.9479507081804807,HIGH,Sales Managers,"Active Learning, Active Listening, Learning Strategies, Mathematics, Monitoring, Reading Comprehension, Science, Speaking",8,,Upskill in Active Learning
73,Research & Development,Research Director,0.2844918088032638,LOW,Natural Sciences Managers,"Active Learning, Active Listening, Critical Thinking, Learning Strategies, Mathematics, Monitoring, Reading Comprehension, Science, Writing",9,,Upskill in Active Learning
74,Sales,Sales Executive,0.46692560117924997,MEDIUM,Sales Managers,"Active Learning, Active Listening, Critical Thinking, Learning Strategies, Mathematics, Monitoring, Reading Comprehension, Science, Speaking, Writing",10,,Upskill in Active Learning
75,Research & Development,Laboratory Technician,0.8756554991599889,HIGH,Biological Technicians,"Active Learning, Learning Strategies, Mathematics, Monitoring, Reading Comprehension, Science, Speaking, Writing",8,,Upskill in Active Learning
76,Research & Development,Laboratory Technician,0.09992692231893134,LOW,Biological Technicians,"Active Learning, Learning Strategies, Mathematics, Monitoring, Science, Speaking",6,,Upskill in Active Learning
77,Research & Development,Manufacturing Director,0.05805208408684822,LOW,Industrial Production Managers,"Active Learning, Critical Thinking, Learning Strategies, Mathematics, Monitoring, Reading Comprehension, Science, Writing",8,,Upskill in Active Learning
78,Research & Development,Manufacturing Director,0.3400639423224953,MEDIUM,Industrial Production Managers,"Active Learning, Critical Thinking, Learning Strategies, Mathematics, Monitoring, Science, Speaking, Writing",8,,Upskill in Active Learning
79,Research & Development,Laboratory Technician,0.7181926329575946,HIGH,Biological Technicians,"Active Learning, Active Listening, Learning Strategies, Mathematics, Monitoring, Reading Comprehension, Science, Speaking",8,,Upskill in Active Learning
80,Research & Development,Research Director,0.6926077078344749,HIGH,Natural Sciences Managers,"Active Learning, Learning Strategies, Mathematics, Monitoring, Reading Comprehension, Science, Speaking, Writing",8,,Upskill in Active Learning
81,Sales,Sales Executive,0.540278857172024,MEDIUM,Sales Managers,"Active Learning, Active Listening, Learning Strategies, Mathematics, Monitoring, Science, Writing",7,,Upskill in Active Learning
83,Research & Development,Healthcare Representative,0.07972595908662097,LOW,Sales Representatives of Services,,0,,No immediate recommendation
84,Research & Development,Manager,0.04508823621413176,LOW,General and Operations Managers,"Active Learning, Active Listening, Learning Strategies, Mathematics, Monitoring, Reading Comprehension, Science, Speaking",8,,Upskill in Active Learning
85,Research & Development,Manufacturing Director,0.44276449045748323,MEDIUM,Industrial Production Managers,"Active Learning, Critical Thinking, Learning Strategies, Mathematics, Monitoring, Reading Comprehension, Science, Speaking, Writing",9,,Upskill in Active Learning
86,Research & Development,Research Scientist,0.07660648374957019,LOW,Biological Scientists,,0,,No immediate recommendation
88,Research & Development,Research Scientist,0.5100407474874514,MEDIUM,Biological Scientists,,0,,No immediate recommendation
90,Research & Development,Research Scientist,0.655555496948874,HIGH,Biological Scientists,,0,,No immediate recommendation
91,Sales,Sales Executive,0.5196702849112237,MEDIUM,Sales Managers,"Active Learning, Active Listening, Critical Thinking, Learning Strategies, Mathematics, Monitoring, Reading Comprehension, Science, Speaking",9,,Upskill in Active Learning
94,Research & Development,Research Scientist,0.042351409231936164,LOW,Biological Scientists,,0,,No immediate recommendation
95,Research & Development,Research Scientist,0.22546419999187234,LOW,Biological Scientists,,0,,No immediate recommendation
96,Research & Development,Research Scientist,0.03675820514433847,LOW,Biological Scientists,,0,,No immediate recommendation
97,Research & Development,Laboratory Technician,0.4848270344224366,MEDIUM,Biological Technicians,"Active Learning, Active Listening, Critical Thinking, Learning Strategies, Mathematics, Monitoring, Science, Speaking",8,,Upskill in Active Learning
98,Research & Development,Manufacturing Director,0.029688750521952717,LOW,Industrial Production Managers,"Active Learning, Active Listening, Critical Thinking, Learning Strategies, Mathematics, Monitoring, Reading Comprehension, Science, Writing",9,,Upskill in Active Learning
100,Sales,Sales Executive,0.19990668520520358,LOW,Sales Managers,"Active Learning, Active Listening, Learning Strategies, Mathematics, Monitoring, Science, Speaking",7,,Upskill in Active Learning
101,Research & Development,Research Director,0.0335209255607029,LOW,Natural Sciences Managers,"Active Learning, Critical Thinking, Learning Strategies, Mathematics, Monitoring, Reading Comprehension, Science, Speaking, Writing",9,,Upskill in Active Learning
102,Research & Development,Research Director,0.10314324146222495,LOW,Natural Sciences Managers,"Active Learning, Active Listening, Critical Thinking, Learning Strategies, Mathematics, Monitoring, Reading Comprehension, Science",8,,Upskill in Active Learning
103,Human Resources,Human Resources,0.5953193041153614,MEDIUM,Human Resources Managers,"Active Learning, Learning Strategies, Mathematics, Monitoring, Reading Comprehension, Science, Speaking",7,,Upskill in Active Learning
104,Research & Development,Laboratory Technician,0.5886530833210348,MEDIUM,Biological Technicians,"Active Learning, Active Listening, Critical Thinking, Learning Strategies, Mathematics, Monitoring, Science",7,,Upskill in Active Learning
105,Research & Development,Research Scientist,0.1676848305057593,LOW,Biological Scientists,,0,,No immediate recommendation
106,Sales,Sales Executive,0.034775763402951916,LOW,Sales Managers,"Active Learning, Learning Strategies, Mathematics, Monitoring, Reading Comprehension, Science, Speaking, Writing",8,,Upskill in Active Learning
107,Research & Development,Research Scientist,0.059604010529371663,LOW,Biological Scientists,,0,,No immediate recommendation
110,Research & Development,Manufacturing Director,0.29938111887701846,LOW,Industrial Production Managers,"Active Learning, Critical Thinking, Learning Strategies, Mathematics, Monitoring, Reading Comprehension, Science, Speaking, Writing",9,,Upskill in Active Learning
112,Research & Development,Manufacturing Director,0.038264950674047414,LOW,Industrial Production Managers,"Active Learning, Learning Strategies, Mathematics, Monitoring, Reading Comprehension, Science, Speaking, Writing",8,,Upskill in Active Learning
113,Sales,Sales Representative,0.836534746265336,HIGH,Sales Representatives of Services,,0,,No immediate recommendation
116,Research & Development,Laboratory Technician,0.047119812041838856,LOW,Biological Technicians,"Active Learning, Active Listening, Learning Strategies, Mathematics, Monitoring, Reading Comprehension, Science, Speaking",8,,Upskill in Active Learning
117,Research & Development,Healthcare Representative,0.031243505666503694,LOW,Sales Representatives of Services,,0,,No immediate recommendation
118,Sales,Sales Executive,0.1597458980580047,LOW,Sales Managers,"Active Learning, Learning Strategies, Mathematics, Monitoring, Science, Speaking, Writing",7,,Upskill in Active Learning
119,Research & Development,Healthcare Representative,0.2817822294072259,LOW,Sales Representatives of Services,,0,,No immediate recommendation
120,Sales,Sales Executive,0.6100607400014652,HIGH,Sales Managers,"Active Learning, Learning Strategies, Mathematics, Monitoring, Science, Writing",6,,Upskill in Active Learning
121,Sales,Sales Executive,0.33225766326381073,MEDIUM,Sales Managers,"Active Learning, Active Listening, Critical Thinking, Learning Strategies, Mathematics, Monitoring, Science, Speaking",8,,Upskill in Active Learning
124,Research & Development,Healthcare Representative,0.5830957303098658,MEDIUM,Sales Representatives of Services,,0,,No immediate recommendation
125,Sales,Sales Executive,0.381860686211541,MEDIUM,Sales Managers,"Active Learning, Active Listening, Critical Thinking, Learning Strategies, Mathematics, Monitoring, Science, Speaking, Writing",9,,Upskill in Active Learning
126,Research & Development,Research Director,0.1799836015947859,LOW,Natural Sciences Managers,"Active Learning, Critical Thinking, Learning Strategies, Mathematics, Monitoring, Reading Comprehension, Science, Speaking, Writing",9,,Upskill in Active Learning
128,Sales,Sales Executive,0.37560110557909565,MEDIUM,Sales Managers,"Active Learning, Critical Thinking, Learning Strategies, Mathematics, Monitoring, Science",6,,Upskill in Active Learning
129,Sales,Sales Executive,0.11975511379688265,LOW,Sales Managers,"Active Learning, Learning Strategies, Mathematics, Monitoring, Reading Comprehension, Science, Speaking, Writing",8,,Upskill in Active Learning
131,Sales,Sales Executive,0.01748727605751611,LOW,Sales Managers,"Active Learning, Active Listening, Critical Thinking, Learning Strategies, Mathematics, Monitoring, Science, Writing",8,,Upskill in Active Learning
132,Research & Development,Laboratory Technician,0.2569713467379156,LOW,Biological Technicians,"Active Learning, Critical Thinking, Learning Strategies, Mathematics, Monitoring, Reading Comprehension, Science, Writing",8,,Upskill in Active Learning
133,Human Resources,Human Resources,0.8308424077130536,HIGH,Human Resources Managers,"Active Learning, Active Listening, Critical Thinking, Learning Strategies, Mathematics, Monitoring, Reading Comprehension, Science, Speaking",9,,Upskill in Active Learning
134,Research & Development,Research Scientist,0.23046571768921112,LOW,Biological Scientists,,0,,No immediate recommendation
137,Research & Development,Laboratory Technician,0.8749263676261813,HIGH,Biological Technicians,"Active Learning, Critical Thinking, Learning Strategies, Mathematics, Monitoring, Reading Comprehension, Science",7,,Upskill in Active Learning
138,Research & Development,Research Scientist,0.03490619303172265,LOW,Biological Scientists,,0,,No immediate recommendation
139,Research & Development,Healthcare Representative,0.013548325701292399,LOW,Sales Representatives of Services,,0,,No immediate recommendation
140,Human Resources,Manager,0.027447227414492348,LOW,General and Operations Managers,"Active Learning, Critical Thinking, Learning Strategies, Mathematics, Monitoring, Reading Comprehension, Science",7,,Upskill in Active Learning
141,Research & Development,Research Director,0.3663028637986731,MEDIUM,Natural Sciences Managers,"Active Learning, Active Listening, Learning Strategies, Mathematics, Monitoring, Science, Writing",7,,Upskill in Active Learning
142,Sales,Sales Executive,0.7949693033494631,HIGH,Sales Managers,"Active Learning, Active Listening, Critical Thinking, Learning Strategies, Mathematics, Monitoring, Reading Comprehension, Science, Speaking",9,,Upskill in Active Learning
143,Research & Development,Research Scientist,0.08776962136331015,LOW,Biological Scientists,,0,,No immediate recommendation
144,Research & Development,Laboratory Technician,0.6537964181894176,HIGH,Biological Technicians,"Active Learning, Active Listening, Critical Thinking, Learning Strategies, Mathematics, Monitoring, Reading Comprehension, Science",8,,Upskill in Active Learning
145,Research & Development,Healthcare Representative,0.6431475897766401,HIGH,Sales Representatives of Services,,0,,No immediate recommendation
147,Research & Development,Laboratory Technician,0.8873826618131665,HIGH,Biological Technicians,"Active Learning, Active Listening, Learning Strategies, Mathematics, Monitoring, Reading Comprehension, Science, Speaking, Writing",9,,Upskill in Active Learning
148,Human Resources,Manager,0.12546471610725857,LOW,General and Operations Managers,"Active Learning, Critical Thinking, Learning Strategies, Mathematics, Monitoring, Science, Speaking, Writing",8,,Upskill in Active Learning
150,Research & Development,Laboratory Technician,0.4669215465033776,MEDIUM,Biological Technicians,"Active Learning, Active Listening, Learning Strategies, Mathematics, Monitoring, Science, Speaking",7,,Upskill in Active Learning
151,Research & Development,Research Scientist,0.3531549789243289,MEDIUM,Biological Scientists,,0,,No immediate recommendation
152,Sales,Sales Executive,0.2989252865237389,LOW,Sales Managers,"Active Learning, Active Listening, Critical Thinking, Learning Strategies, Mathematics, Monitoring, Science",7,,Upskill in Active Learning
153,Research & Development,Manager,0.14185067470527482,LOW,General and Operations Managers,"Active Learning, Learning Strategies, Mathematics, Monitoring, Reading Comprehension, Science, Speaking, Writing",8,,Upskill in Active Learning
154,Sales,Sales Executive,0.2365576689346619,LOW,Sales Managers,"Active Learning, Active Listening, Learning Strategies, Mathematics, Monitoring, Science, Writing",7,,Upskill in Active Learning
155,Research & Development,Laboratory Technician,0.5855625902323895,MEDIUM,Biological Technicians,"Active Learning, Active Listening, Critical Thinking, Learning Strategies, Mathematics, Monitoring, Reading Comprehension, Science, Speaking, Writing",10,,Upskill in Active Learning
158,Sales,Manager,0.11557161624501956,LOW,General and Operations Managers,"Active Learning, Critical Thinking, Learning Strategies, Mathematics, Monitoring, Reading Comprehension, Science",7,,Upskill in Active Learning
159,Research & Development,Research Scientist,0.1538854042117869,LOW,Biological Scientists,,0,,No immediate recommendation
160,Sales,Sales Executive,0.0978199552624179,LOW,Sales Managers,"Active Learning, Learning Strategies, Mathematics, Monitoring, Reading Comprehension, Science, Speaking, Writing",8,,Upskill in Active Learning
161,Research & Development,Research Scientist,0.4877017449663669,MEDIUM,Biological Scientists,,0,,No immediate recommendation
162,Research & Development,Research Director,0.18319461454889793,LOW,Natural Sciences Managers,"Active Learning, Active Listening, Learning Strategies, Mathematics, Monitoring, Science, Speaking, Writing",8,,Upskill in Active Learning
163,Sales,Sales Executive,0.9093388887274821,HIGH,Sales Managers,"Active Learning, Active Listening, Critical Thinking, Learning Strategies, Mathematics, Monitoring, Reading Comprehension, Science, Speaking",9,,Upskill in Active Learning
164,Research & Development,Research Scientist,0.1957348079343361,LOW,Biological Scientists,,0,,No immediate recommendation
165,Research & Development,Healthcare Representative,0.04010905549948029,LOW,Sales Representatives of Services,,0,,No immediate recommendation
167,Sales,Sales Representative,0.9649919601298472,HIGH,Sales Representatives of Services,,0,,No immediate recommendation
169,Research & Development,Laboratory Technician,0.36714035334272493,MEDIUM,Biological Technicians,"Active Learning, Active Listening, Critical Thinking, Learning Strategies, Mathematics, Monitoring, Reading Comprehension, Science, Speaking, Writing",10,,Upskill in Active Learning
170,Research & Development,Manufacturing Director,0.11146207741026204,LOW,Industrial Production Managers,"Active Learning, Critical Thinking, Learning Strategies, Mathematics, Monitoring, Science, Speaking, Writing",8,,Upskill in Active Learning
171,Research & Development,Research Scientist,0.239659584550478,LOW,Biological Scientists,,0,,No immediate recommendation
174,Sales,Sales Executive,0.373859611943094,MEDIUM,Sales Managers,"Active Learning, Learning Strategies, Mathematics, Monitoring, Reading Comprehension, Science, Speaking, Writing",8,,Upskill in Active Learning
175,Sales,Sales Executive,0.9405510780640464,HIGH,Sales Managers,"Active Learning, Active Listening, Critical Thinking, Learning Strategies, Mathematics, Monitoring, Reading Comprehension, Science, Writing",9,,Upskill in Active Learning
176,Sales,Sales Executive,0.38711019070178304,MEDIUM,Sales Managers,"Active Learning, Critical Thinking, Learning Strategies, Mathematics, Monitoring, Science, Writing",7,,Upskill in Active Learning
177,Human Resources,Human Resources,0.12555143530575472,LOW,Human Resources Managers,"Active Learning, Active Listening, Critical Thinking, Learning Strategies, Mathematics, Monitoring, Reading Comprehension, Science, Writing",9,,Upskill in Active Learning
178,Research & Development,Manufacturing Director,0.2358412801718195,LOW,Industrial Production Managers,"Active Learning, Active Listening, Critical Thinking, Learning Strategies, Mathematics, Monitoring, Science, Speaking",8,,Upskill in Active Learning
179,Research & Development,Manufacturing Director,0.280293497928119,LOW,Industrial Production Managers,"Active Learning, Active Listening, Critical Thinking, Learning Strategies, Mathematics, Monitoring, Reading Comprehension, Science, Speaking",9,,Upskill in Active Learning
182,Sales,Sales Executive,0.06814413855143599,LOW,Sales Managers,"Active Learning, Critical Thinking, Learning Strategies, Mathematics, Monitoring, Science, Speaking",7,,Upskill in Active Learning
183,Sales,Sales Executive,0.6965100961358166,HIGH,Sales Managers,"Active Learning, Active Listening, Critical Thinking, Learning Strategies, Mathematics, Monitoring, Science, Writing",8,,Upskill in Active Learning
184,Human Resources,Human Resources,0.5969810537966354,MEDIUM,Human Resources Managers,"Active Learning, Active Listening, Critical Thinking, Learning Strategies, Mathematics, Monitoring, Science, Speaking, Writing",9,,Upskill in Active Learning
190,Research & Development,Laboratory Technician,0.7673611952370839,HIGH,Biological Technicians,"Active Learning, Active Listening, Critical Thinking, Learning Strategies, Mathematics, Monitoring, Reading Comprehension, Science, Speaking, Writing",10,,Upskill in Active Learning
192,Research & Development,Research Scientist,0.2917845836811906,LOW,Biological Scientists,,0,,No immediate recommendation
193,Research & Development,Research Scientist,0.4349712450978376,MEDIUM,Biological Scientists,,0,,No immediate recommendation
194,Research & Development,Research Scientist,0.3173377333338279,MEDIUM,Biological Scientists,,0,,No immediate recommendation
195,Sales,Sales Executive,0.035731001334272365,LOW,Sales Managers,"Active Learning, Active Listening, Learning Strategies, Mathematics, Monitoring, Reading Comprehension, Science, Speaking",8,,Upskill in Active Learning
197,Research & Development,Research Scientist,0.241338420982626,LOW,Biological Scientists,,0,,No immediate recommendation
198,Research & Development,Laboratory Technician,0.34682793434682463,MEDIUM,Biological Technicians,"Active Learning, Learning Strategies, Mathematics, Monitoring, Reading Comprehension, Science",6,,Upskill in Active Learning
199,Research & Development,Manager,0.4000391097434222,MEDIUM,General and Operations Managers,"Active Learning, Active Listening, Critical Thinking, Learning Strategies, Mathematics, Monitoring, Science",7,,Upskill in Active Learning
200,Research & Development,Laboratory Technician,0.30303895419215543,MEDIUM,Biological Technicians,"Active Learning, Active Listening, Critical Thinking, Learning Strategies, Mathematics, Monitoring, Science, Speaking, Writing",9,,Upskill in Active Learning
201,Research & Development,Laboratory Technician,0.7081269175764201,HIGH,Biological Technicians,"Active Learning, Active Listening, Learning Strategies, Mathematics, Monitoring, Science, Writing",7,,Upskill in Active Learning
202,Research & Development,Research Scientist,0.18968534673149073,LOW,Biological Scientists,,0,,No immediate recommendation
204,Sales,Sales Executive,0.13688063958893484,LOW,Sales Managers,"Active Learning, Active Listening, Learning Strategies, Mathematics, Monitoring, Reading Comprehension, Science, Speaking, Writing",9,,Upskill in Active Learning
205,Sales,Sales Representative,0.8015983538952711,HIGH,Sales Representatives of Services,,0,,No immediate recommendation
206,Research & Development,Laboratory Technician,0.17419424834289973,LOW,Biological Technicians,"Active Learning, Active Listening, Critical Thinking, Learning Strategies, Mathematics, Monitoring, Science, Speaking, Writing",9,,Upskill in Active Learning
207,Sales,Sales Executive,0.4471171588880751,MEDIUM,Sales Managers,"Active Learning, Active Listening, Critical Thinking, Learning Strategies, Mathematics, Monitoring, Reading Comprehension, Science",8,,Upskill in Active Learning
208,Research & Development,Manufacturing Director,0.018453098994495203,LOW,Industrial Production Managers,"Active Learning, Active Listening, Critical Thinking, Learning Strategies, Mathematics, Monitoring, Reading Comprehension, Science, Speaking, Writing",10,,Upskill in Active Learning
211,Research & Development,Manufacturing Director,0.20033311131603698,LOW,Industrial Production Managers,"Active Learning, Critical Thinking, Learning Strategies, Mathematics, Monitoring, Reading Comprehension, Science, Speaking",8,,Upskill in Active Learning
214,Research & Development,Research Scientist,0.6931678593130298,HIGH,Biological Scientists,,0,,No immediate recommendation
215,Sales,Sales Executive,0.28897820261587076,LOW,Sales Managers,"Active Learning, Active Listening, Learning Strategies, Mathematics, Monitoring, Science, Speaking",7,,Upskill in Active Learning
216,Sales,Sales Representative,0.6090862214532988,HIGH,Sales Representatives of Services,,0,,No immediate recommendation
217,Research & Development,Research Scientist,0.08703483169480215,LOW,Biological Scientists,,0,,No immediate recommendation
218,Research & Development,Research Scientist,0.13479875859076018,LOW,Biological Scientists,,0,,No immediate recommendation
221,Research & Development,Research Scientist,0.24406592565572918,LOW,Biological Scientists,,0,,No immediate recommendation
223,Research & Development,Healthcare Representative,0.27277833364807846,LOW,Sales Representatives of Services,,0,,No immediate recommendation
224,Research & Development,Research Scientist,0.3449104234297656,MEDIUM,Biological Scientists,,0,,No immediate recommendation
226,Research & Development,Manager,0.13392324339855458,LOW,General and Operations Managers,"Active Learning, Active Listening, Learning Strategies, Mathematics, Monitoring, Reading Comprehension, Science, Speaking, Writing",9,,Upskill in Active Learning
227,Research & Development,Research Scientist,0.13446717951031617,LOW,Biological Scientists,,0,,No immediate recommendation
228,Sales,Sales Executive,0.345548947569254,MEDIUM,Sales Managers,"Active Learning, Critical Thinking, Learning Strategies, Mathematics, Monitoring, Science, Speaking, Writing",8,,Upskill in Active Learning
230,Sales,Sales Executive,0.17893505250259428,LOW,Sales Managers,"Active Learning, Critical Thinking, Learning Strategies, Mathematics, Monitoring, Science, Speaking",7,,Upskill in Active Learning
231,Research & Development,Research Scientist,0.19255972183258582,LOW,Biological Scientists,,0,,No immediate recommendation
233,Research & Development,Research Scientist,0.6367078579291024,HIGH,Biological Scientists,,0,,No immediate recommendation
235,Sales,Sales Representative,0.9654777576031462,HIGH,Sales Representatives of Services,,0,,No immediate recommendation
238,Research & Development,Laboratory Technician,0.6933990086201698,HIGH,Biological Technicians,"Active Learning, Critical Thinking, Learning Strategies, Mathematics, Monitoring, Reading Comprehension, Science",7,,Upskill in Active Learning
239,Research & Development,Laboratory Technician,0.10837168543336145,LOW,Biological Technicians,"Active Learning, Active Listening, Critical Thinking, Learning Strategies, Mathematics, Monitoring, Science, Speaking",8,,Upskill in Active Learning
240,Sales,Sales Executive,0.6467585218952023,HIGH,Sales Managers,"Active Learning, Critical Thinking, Learning Strategies, Mathematics, Monitoring, Reading Comprehension, Science, Speaking, Writing",9,,Upskill in Active Learning
241,Research & Development,Research Scientist,0.14170421175758208,LOW,Biological Scientists,,0,,No immediate recommendation
242,Research & Development,Research Scientist,0.10666438648568782,LOW,Biological Scientists,,0,,No immediate recommendation
243,Research & Development,Laboratory Technician,0.7088489505567641,HIGH,Biological Technicians,"Active Learning, Active Listening, Critical Thinking, Learning Strategies, Mathematics, Monitoring, Science, Speaking, Writing",9,,Upskill in Active Learning
244,Sales,Sales Executive,0.21721075440773455,LOW,Sales Managers,"Active Learning, Critical Thinking, Learning Strategies, Mathematics, Monitoring, Reading Comprehension, Science, Speaking",8,,Upskill in Active Learning
245,Research & Development,Laboratory Technician,0.3367191437964764,MEDIUM,Biological Technicians,"Active Learning, Active Listening, Learning Strategies, Mathematics, Monitoring, Reading Comprehension, Science, Speaking, Writing",9,,Upskill in Active Learning
246,Research & Development,Research Scientist,0.5616311223656525,MEDIUM,Biological Scientists,,0,,No immediate recommendation
247,Research & Development,Research Scientist,0.21334147209365997,LOW,Biological Scientists,,0,,No immediate recommendation
248,Sales,Sales Representative,0.9067137824792307,HIGH,Sales Representatives of Services,,0,,No immediate recommendation
249,Research & Development,Laboratory Technician,0.2410146101467592,LOW,Biological Technicians,"Active Learning, Active Listening, Learning Strategies, Mathematics, Monitoring, Reading Comprehension, Science, Speaking",8,,Upskill in Active Learning
250,Research & Development,Manufacturing Director,0.044133599722692735,LOW,Industrial Production Managers,"Active Learning, Active Listening, Critical Thinking, Learning Strategies, Mathematics, Monitoring, Science, Writing",8,,Upskill in Active Learning
252,Research & Development,Research Scientist,0.03305805379644032,LOW,Biological Scientists,,0,,No immediate recommendation
253,Research & Development,Manager,0.09919428294190051,LOW,General and Operations Managers,"Active Learning, Critical Thinking, Learning Strategies, Mathematics, Monitoring, Reading Comprehension, Science, Speaking, Writing",9,,Upskill in Active Learning
254,Research & Development,Research Director,0.005661799017449768,LOW,Natural Sciences Managers,"Active Learning, Active Listening, Critical Thinking, Learning Strategies, Mathematics, Monitoring, Reading Comprehension, Science",8,,Upskill in Active Learning
256,Research & Development,Manufacturing Director,0.06923086856584501,LOW,Industrial Production Managers,"Active Learning, Critical Thinking, Learning Strategies, Mathematics, Monitoring, Reading Comprehension, Science",7,,Upskill in Active Learning
258,Research & Development,Healthcare Representative,0.030228381443489657,LOW,Sales Representatives of Services,,0,,No immediate recommendation
259,Research & Development,Manager,0.03973946926397349,LOW,General and Operations Managers,"Active Learning, Active Listening, Learning Strategies, Mathematics, Monitoring, Reading Comprehension, Science, Speaking, Writing",9,,Upskill in Active Learning
260,Research & Development,Research Scientist,0.10387297294802211,LOW,Biological Scientists,,0,,No immediate recommendation
261,Research & Development,Manufacturing Director,0.9053265331219763,HIGH,Industrial Production Managers,"Active Learning, Critical Thinking, Learning Strategies, Mathematics, Monitoring, Reading Comprehension, Science, Writing",8,,Upskill in Active Learning
262,Research & Development,Research Scientist,0.002783316354936729,LOW,Biological Scientists,,0,,No immediate recommendation
264,Research & Development,Manager,0.18292333835254523,LOW,General and Operations Managers,"Active Learning, Active Listening, Critical Thinking, Learning Strategies, Mathematics, Monitoring, Science, Speaking",8,,Upskill in Active Learning
267,Research & Development,Research Scientist,0.5023423638061496,MEDIUM,Biological Scientists,,0,,No immediate recommendation
269,Research & Development,Laboratory Technician,0.7691876982366737,HIGH,Biological Technicians,"Active Learning, Active Listening, Critical Thinking, Learning Strategies, Mathematics, Monitoring, Reading Comprehension, Science",8,,Upskill in Active Learning
270,Research & Development,Manufacturing Director,0.03430971766978138,LOW,Industrial Production Managers,"Active Learning, Active Listening, Critical Thinking, Learning Strategies, Mathematics, Monitoring, Science, Writing",8,,Upskill in Active Learning
271,Research & Development,Manufacturing Director,0.18302011886423697,LOW,Industrial Production Managers,"Active Learning, Learning Strategies, Mathematics, Monitoring, Reading Comprehension, Science, Speaking, Writing",8,,Upskill in Active Learning
273,Research & Development,Manufacturing Director,0.16957202289844694,LOW,Industrial Production Managers,"Active Learning, Critical Thinking, Learning Strategies, Mathematics, Monitoring, Reading Comprehension, Science, Speaking, Writing",9,,Upskill in Active Learning
274,Research & Development,Manufacturing Director,0.7114059306645695,HIGH,Industrial Production Managers,"Active Learning, Active Listening, Critical Thinking, Learning Strategies, Mathematics, Monitoring, Science",7,,Upskill in Active Learning
275,Research & Development,Manufacturing Director,0.03634159200844082,LOW,Industrial Production Managers,"Active Learning, Critical Thinking, Learning Strategies, Mathematics, Monitoring, Reading Comprehension, Science",7,,Upskill in Active Learning
277,Research & Development,Research Scientist,0.28424900150563287,LOW,Biological Scientists,,0,,No immediate recommendation
281,Research & Development,Laboratory Technician,0.7214138975035743,HIGH,Biological Technicians,"Active Learning, Active Listening, Critical Thinking, Learning Strategies, Mathematics, Monitoring, Reading Comprehension, Science, Writing",9,,Upskill in Active Learning
282,Research & Development,Healthcare Representative,0.8017971728651425,HIGH,Sales Representatives of Services,,0,,No immediate recommendation
283,Sales,Sales Executive,0.13340561876001272,LOW,Sales Managers,"Active Learning, Active Listening, Learning Strategies, Mathematics, Monitoring, Reading Comprehension, Science, Speaking, Writing",9,,Upskill in Active Learning
284,Research & Development,Research Scientist,0.4559579959314227,MEDIUM,Biological Scientists,,0,,No immediate recommendation
286,Research & Development,Laboratory Technician,0.6068238494405459,HIGH,Biological Technicians,"Active Learning, Active Listening, Learning Strategies, Mathematics, Monitoring, Reading Comprehension, Science, Speaking, Writing",9,,Upskill in Active Learning
287,Research & Development,Healthcare Representative,0.07886173182473934,LOW,Sales Representatives of Services,,0,,No immediate recommendation
288,Research & Development,Healthcare Representative,0.061966184689718186,LOW,Sales Representatives of Services,,0,,No immediate recommendation
291,Sales,Sales Executive,0.5149682470638647,MEDIUM,Sales Managers,"Active Learning, Active Listening, Learning Strategies, Mathematics, Monitoring, Reading Comprehension, Science, Writing",8,,Upskill in Active Learning
292,Research & Development,Manufacturing Director,0.058245871832593075,LOW,Industrial Production Managers,"Active Learning, Active Listening, Critical Thinking, Learning Strategies, Mathematics, Monitoring, Science, Speaking, Writing",9,,Upskill in Active Learning
293,Sales,Sales Executive,0.21700089669280812,LOW,Sales Managers,"Active Learning, Active Listening, Critical Thinking, Learning Strategies, Mathematics, Monitoring, Reading Comprehension, Science",8,,Upskill in Active Learning
296,Research & Development,Research Director,0.03267244386356864,LOW,Natural Sciences Managers,"Active Learning, Learning Strategies, Mathematics, Monitoring, Reading Comprehension, Science, Speaking, Writing",8,,Upskill in Active Learning
297,Research & Development,Research Scientist,0.6638365811241667,HIGH,Biological Scientists,,0,,No immediate recommendation
298,Sales,Manager,0.18415906364122958,LOW,General and Operations Managers,"Active Learning, Critical Thinking, Learning Strategies, Mathematics, Monitoring, Science, Speaking, Writing",8,,Upskill in Active Learning
299,Sales,Sales Executive,0.9204122811057899,HIGH,Sales Managers,"Active Learning, Active Listening, Critical Thinking, Learning Strategies, Mathematics, Monitoring, Reading Comprehension, Science, Writing",9,,Upskill in Active Learning
300,Research & Development,Research Scientist,0.16862887563932474,LOW,Biological Scientists,,0,,No immediate recommendation
302,Sales,Sales Executive,0.20775458860229742,LOW,Sales Managers,"Active Learning, Critical Thinking, Learning Strategies, Mathematics, Monitoring, Reading Comprehension, Science, Speaking, Writing",9,,Upskill in Active Learning
303,Sales,Sales Executive,0.051200836908278584,LOW,Sales Managers,"Active Learning, Active Listening, Critical Thinking, Learning Strategies, Mathematics, Monitoring, Science, Writing",8,,Upskill in Active Learning
304,Research & Development,Laboratory Technician,0.1930602004484971,LOW,Biological Technicians,"Active Learning, Active Listening, Learning Strategies, Mathematics, Monitoring, Science, Speaking, Writing",8,,Upskill in Active Learning
305,Research & Development,Research Scientist,0.37624317808150587,MEDIUM,Biological Scientists,,0,,No immediate recommendation
306,Research & Development,Research Director,0.02901832142666465,LOW,Natural Sciences Managers,"Active Learning, Active Listening, Critical Thinking, Learning Strategies, Mathematics, Monitoring, Reading Comprehension, Science, Speaking, Writing",10,,Upskill in Active Learning
307,Sales,Sales Executive,0.05441225887522225,LOW,Sales Managers,"Active Learning, Active Listening, Learning Strategies, Mathematics, Monitoring, Reading Comprehension, Science, Speaking, Writing",9,,Upskill in Active Learning
308,Research & Development,Manufacturing Director,0.05211933360328233,LOW,Industrial Production Managers,"Active Learning, Learning Strategies, Mathematics, Monitoring, Science, Speaking",6,,Upskill in Active Learning
309,Research & Development,Research Scientist,0.07359245711189114,LOW,Biological Scientists,,0,,No immediate recommendation
311,Sales,Sales Representative,0.5228819025566152,MEDIUM,Sales Representatives of Services,,0,,No immediate recommendation
312,Sales,Sales Executive,0.2798747684556254,LOW,Sales Managers,"Active Learning, Active Listening, Critical Thinking, Learning Strategies, Mathematics, Monitoring, Reading Comprehension, Science",8,,Upskill in Active Learning
314,Sales,Sales Executive,0.26908873931723704,LOW,Sales Managers,"Active Learning, Active Listening, Learning Strategies, Mathematics, Monitoring, Reading Comprehension, Science, Writing",8,,Upskill in Active Learning
315,Research & Development,Research Scientist,0.700259148655835,HIGH,Biological Scientists,,0,,No immediate recommendation
316,Research & Development,Laboratory Technician,0.5220111011367802,MEDIUM,Biological Technicians,"Active Learning, Active Listening, Critical Thinking, Learning Strategies, Mathematics, Monitoring, Reading Comprehension, Science, Speaking, Writing",10,,Upskill in Active Learning
319,Research & Development,Manager,0.08976901643127898,LOW,General and Operations Managers,"Active Learning, Learning Strategies, Mathematics, Monitoring, Reading Comprehension, Science, Speaking, Writing",8,,Upskill in Active Learning
321,Human Resources,Human Resources,0.3270233035542141,MEDIUM,Human Resources Managers,"Active Learning, Critical Thinking, Learning Strategies, Mathematics, Monitoring, Reading Comprehension, Science, Speaking, Writing",9,,Upskill in Active Learning
323,Sales,Manager,0.01924112831457384,LOW,General and Operations Managers,"Active Learning, Active Listening, Learning Strategies, Mathematics, Monitoring, Reading Comprehension, Science, Speaking, Writing",9,,Upskill in Active Learning
325,Research & Development,Laboratory Technician,0.7821036938265442,HIGH,Biological Technicians,"Active Learning, Active Listening, Critical Thinking, Learning Strategies, Mathematics, Monitoring, Reading Comprehension, Science, Writing",9,,Upskill in Active Learning
327,Sales,Manager,0.1310276320615765,LOW,General and Operations Managers,"Active Learning, Active Listening, Critical Thinking, Learning Strategies, Mathematics, Monitoring, Reading Comprehension, Science, Speaking, Writing",10,,Upskill in Active Learning
328,Research & Development,Laboratory Technician,0.5679163707985148,MEDIUM,Biological Technicians,"Active Learning, Active Listening, Critical Thinking, Learning Strategies, Mathematics, Monitoring, Science, Speaking",8,,Upskill in Active Learning
329,Sales,Manager,0.46615646356312757,MEDIUM,General and Operations Managers,"Active Learning, Learning Strategies, Mathematics, Monitoring, Reading Comprehension, Science, Writing",7,,Upskill in Active Learning
330,Sales,Sales Representative,0.4775984478306751,MEDIUM,Sales Representatives of Services,,0,,No immediate recommendation
331,Research & Development,Laboratory Technician,0.7599982986703051,HIGH,Biological Technicians,"Active Learning, Active Listening, Learning Strategies, Mathematics, Monitoring, Science, Speaking, Writing",8,,Upskill in Active Learning
332,Research & Development,Laboratory Technician,0.19897182772313604,LOW,Biological Technicians,"Active Learning, Active Listening, Critical Thinking, Learning Strategies, Mathematics, Monitoring, Reading Comprehension, Science",8,,Upskill in Active Learning
333,Sales,Sales Executive,0.31435136965713495,MEDIUM,Sales Managers,"Active Learning, Active Listening, Learning Strategies, Mathematics, Monitoring, Reading Comprehension, Science, Speaking",8,,Upskill in Active Learning
334,Research & Development,Research Scientist,0.23702590640628837,LOW,Biological Scientists,,0,,No immediate recommendation
335,Research & Development,Research Scientist,0.21695597294153166,LOW,Biological Scientists,,0,,No immediate recommendation
336,Research & Development,Manager,0.007708380759473711,LOW,General and Operations Managers,"Active Learning, Critical Thinking, Learning Strategies, Mathematics, Monitoring, Reading Comprehension, Science, Speaking, Writing",9,,Upskill in Active Learning
337,Research & Development,Research Director,0.3133094124843024,MEDIUM,Natural Sciences Managers,"Active Learning, Active Listening, Critical Thinking, Learning Strategies, Mathematics, Monitoring, Reading Comprehension, Science, Writing",9,,Upskill in Active Learning
338,Research & Development,Research Scientist,0.16074213735595488,LOW,Biological Scientists,,0,,No immediate recommendation
339,Research & Development,Manufacturing Director,0.1576441562398016,LOW,Industrial Production Managers,"Active Learning, Active Listening, Learning Strategies, Mathematics, Monitoring, Science",6,,Upskill in Active Learning
340,Research & Development,Research Scientist,0.18295400852325777,LOW,Biological Scientists,,0,,No immediate recommendation
341,Research & Development,Manufacturing Director,0.18252725578495432,LOW,Industrial Production Managers,"Active Learning, Active Listening, Critical Thinking, Learning Strategies, Mathematics, Monitoring, Science, Speaking, Writing",9,,Upskill in Active Learning
342,Research & Development,Manufacturing Director,0.30503950314191713,MEDIUM,Industrial Production Managers,"Active Learning, Critical Thinking, Learning Strategies, Mathematics, Monitoring, Reading Comprehension, Science, Speaking",8,,Upskill in Active Learning
343,Research & Development,Healthcare Representative,0.22446003686575305,LOW,Sales Representatives of Services,,0,,No immediate recommendation
346,Research & Development,Research Scientist,0.12820294219365633,LOW,Biological Scientists,,0,,No immediate recommendation
347,Research & Development,Research Scientist,0.584740358005446,MEDIUM,Biological Scientists,,0,,No immediate recommendation
349,Sales,Sales Executive,0.18233666895772233,LOW,Sales Managers,"Active Learning, Active Listening, Critical Thinking, Learning Strategies, Mathematics, Monitoring, Reading Comprehension, Science, Speaking, Writing",10,,Upskill in Active Learning
350,Research & Development,Manufacturing Director,0.10455878782612246,LOW,Industrial Production Managers,"Active Learning, Learning Strategies, Mathematics, Monitoring, Reading Comprehension, Science, Speaking, Writing",8,,Upskill in Active Learning
351,Research & Development,Laboratory Technician,0.5778494809341969,MEDIUM,Biological Technicians,"Active Learning, Learning Strategies, Mathematics, Monitoring, Science, Speaking",6,,Upskill in Active Learning
352,Research & Development,Research Director,0.011536077185658786,LOW,Natural Sciences Managers,"Active Learning, Active Listening, Critical Thinking, Learning Strategies, Mathematics, Monitoring, Reading Comprehension, Science, Writing",9,,Upskill in Active Learning
353,Research & Development,Research Scientist,0.2222400590839944,LOW,Biological Scientists,,0,,No immediate recommendation
355,Research & Development,Laboratory Technician,0.808481182981403,HIGH,Biological Technicians,"Active Learning, Active Listening, Learning Strategies, Mathematics, Monitoring, Reading Comprehension, Science, Speaking, Writing",9,,Upskill in Active Learning
359,Research & Development,Laboratory Technician,0.682921319903957,HIGH,Biological Technicians,"Active Learning, Critical Thinking, Learning Strategies, Mathematics, Monitoring, Science, Speaking",7,,Upskill in Active Learning
361,Sales,Sales Executive,0.04541416078816288,LOW,Sales Managers,"Active Learning, Active Listening, Learning Strategies, Mathematics, Monitoring, Reading Comprehension, Science, Speaking, Writing",9,,Upskill in Active Learning
362,Research & Development,Laboratory Technician,0.6540529739091268,HIGH,Biological Technicians,"Active Learning, Active Listening, Learning Strategies, Mathematics, Monitoring, Reading Comprehension, Science, Writing",8,,Upskill in Active Learning
363,Sales,Manager,0.695353098035369,HIGH,General and Operations Managers,"Active Learning, Critical Thinking, Learning Strategies, Mathematics, Monitoring, Science, Speaking, Writing",8,,Upskill in Active Learning
364,Research & Development,Laboratory Technician,0.7526158448901267,HIGH,Biological Technicians,"Active Learning, Critical Thinking, Learning Strategies, Mathematics, Monitoring, Reading Comprehension, Science, Speaking, Writing",9,,Upskill in Active Learning
366,Sales,Sales Executive,0.311013007910743,MEDIUM,Sales Managers,"Active Learning, Active Listening, Critical Thinking, Learning Strategies, Mathematics, Monitoring, Reading Comprehension, Science, Speaking, Writing",10,,Upskill in Active Learning
367,Research & Development,Healthcare Representative,0.2414718497292436,LOW,Sales Representatives of Services,,0,,No immediate recommendation
369,Research & Development,Healthcare Representative,0.023128802522653376,LOW,Sales Representatives of Services,,0,,No immediate recommendation
372,Research & Development,Healthcare Representative,0.21923371454091672,LOW,Sales Representatives of Services,,0,,No immediate recommendation
373,Research & Development,Laboratory Technician,0.05427485196330857,LOW,Biological Technicians,"Active Learning, Active Listening, Learning Strategies, Mathematics, Monitoring, Reading Comprehension, Science, Writing",8,,Upskill in Active Learning
374,Research & Development,Manager,0.047986986214900315,LOW,General and Operations Managers,"Active Learning, Active Listening, Critical Thinking, Learning Strategies, Mathematics, Monitoring, Reading Comprehension, Science, Speaking, Writing",10,,Upskill in Active Learning
376,Research & Development,Manager,0.5595794653989189,MEDIUM,General and Operations Managers,"Active Learning, Critical Thinking, Learning Strategies, Mathematics, Monitoring, Reading Comprehension, Science",7,,Upskill in Active Learning
377,Research & Development,Research Scientist,0.04048138055255136,LOW,Biological Scientists,,0,,No immediate recommendation
378,Sales,Sales Executive,0.127712184043025,LOW,Sales Managers,"Active Learning, Critical Thinking, Learning Strategies, Mathematics, Monitoring, Science, Speaking",7,,Upskill in Active Learning
379,Research & Development,Research Scientist,0.19417036402074472,LOW,Biological Scientists,,0,,No immediate recommendation
380,Research & Development,Research Director,0.034332384806881035,LOW,Natural Sciences Managers,"Active Learning, Learning Strategies, Mathematics, Monitoring, Reading Comprehension, Science, Speaking, Writing",8,,Upskill in Active Learning
381,Research & Development,Manager,0.41966397805856737,MEDIUM,General and Operations Managers,"Active Learning, Active Listening, Learning Strategies, Mathematics, Monitoring, Reading Comprehension, Science",7,,Upskill in Active Learning
382,Sales,Sales Executive,0.7312101098723168,HIGH,Sales Managers,"Active Learning, Critical Thinking, Learning Strategies, Mathematics, Monitoring, Reading Comprehension, Science, Writing",8,,Upskill in Active Learning
384,Research & Development,Manufacturing Director,0.26190131099642044,LOW,Industrial Production Managers,"Active Learning, Active Listening, Learning Strategies, Mathematics, Monitoring, Reading Comprehension, Science, Speaking",8,,Upskill in Active Learning
385,Research & Development,Research Director,0.02655035158440178,LOW,Natural Sciences Managers,"Active Learning, Critical Thinking, Learning Strategies, Mathematics, Monitoring, Reading Comprehension, Science, Speaking, Writing",9,,Upskill in Active Learning
386,Research & Development,Research Director,0.013718180088634901,LOW,Natural Sciences Managers,"Active Learning, Critical Thinking, Learning Strategies, Mathematics, Monitoring, Reading Comprehension, Science, Speaking",8,,Upskill in Active Learning
387,Sales,Sales Executive,0.1545134778387975,LOW,Sales Managers,"Active Learning, Active Listening, Critical Thinking, Learning Strategies, Mathematics, Monitoring, Reading Comprehension, Science, Speaking, Writing",10,,Upskill in Active Learning
388,Sales,Sales Executive,0.23372217641404378,LOW,Sales Managers,"Active Learning, Critical Thinking, Learning Strategies, Mathematics, Monitoring, Science, Writing",7,,Upskill in Active Learning
389,Research & Development,Laboratory Technician,0.3755463983573733,MEDIUM,Biological Technicians,"Active Learning, Active Listening, Critical Thinking, Learning Strategies, Mathematics, Monitoring, Science, Speaking, Writing",9,,Upskill in Active Learning
390,Research & Development,Healthcare Representative,0.839018286004351,HIGH,Sales Representatives of Services,,0,,No immediate recommendation
391,Research & Development,Research Scientist,0.022786246714447168,LOW,Biological Scientists,,0,,No immediate recommendation
392,Research & Development,Laboratory Technician,0.7520270189932613,HIGH,Biological Technicians,"Active Learning, Active Listening, Critical Thinking, Learning Strategies, Mathematics, Monitoring, Reading Comprehension, Science",8,,Upskill in Active Learning
393,Research & Development,Healthcare Representative,0.17382586108173897,LOW,Sales Representatives of Services,,0,,No immediate recommendation
394,Research & Development,Laboratory Technician,0.9080531509204952,HIGH,Biological Technicians,"Active Learning, Active Listening, Learning Strategies, Mathematics, Monitoring, Reading Comprehension, Science, Speaking",8,,Upskill in Active Learning
395,Research & Development,Research Scientist,0.05455062163883521,LOW,Biological Scientists,,0,,No immediate recommendation
396,Research & Development,Research Director,0.6053738063906656,HIGH,Natural Sciences Managers,"Active Learning, Critical Thinking, Learning Strategies, Mathematics, Monitoring, Reading Comprehension, Science, Speaking",8,,Upskill in Active Learning
397,Research & Development,Research Scientist,0.5001268008927776,MEDIUM,Biological Scientists,,0,,No immediate recommendation
399,Sales,Sales Representative,0.6539615721736676,HIGH,Sales Representatives of Services,,0,,No immediate recommendation
401,Sales,Sales Executive,0.837409568161503,HIGH,Sales Managers,"Active Learning, Critical Thinking, Learning Strategies, Mathematics, Monitoring, Science",6,,Upskill in Active Learning
403,Research & Development,Research Scientist,0.3712211454195329,MEDIUM,Biological Scientists,,0,,No immediate recommendation
404,Sales,Sales Executive,0.5300644102626486,MEDIUM,Sales Managers,"Active Learning, Active Listening, Learning Strategies, Mathematics, Monitoring, Reading Comprehension, Science, Speaking",8,,Upskill in Active Learning
405,Research & Development,Laboratory Technician,0.7206583630933474,HIGH,Biological Technicians,"Active Learning, Active Listening, Critical Thinking, Learning Strategies, Mathematics, Monitoring, Science, Speaking",8,,Upskill in Active Learning
406,Sales,Sales Executive,0.2361178853435562,LOW,Sales Managers,"Active Learning, Active Listening, Learning Strategies, Mathematics, Monitoring, Science, Speaking",7,,Upskill in Active Learning
407,Research & Development,Laboratory Technician,0.3167010227693986,MEDIUM,Biological Technicians,"Active Learning, Active Listening, Learning Strategies, Mathematics, Monitoring, Reading Comprehension, Science, Speaking",8,,Upskill in Active Learning
408,Research & Development,Manufacturing Director,0.09038082067372938,LOW,Industrial Production Managers,"Active Learning, Critical Thinking, Learning Strategies, Mathematics, Monitoring, Reading Comprehension, Science, Speaking",8,,Upskill in Active Learning
410,Sales,Manager,0.04338973851613064,LOW,General and Operations Managers,"Active Learning, Active Listening, Learning Strategies, Mathematics, Monitoring, Reading Comprehension, Science, Speaking",8,,Upskill in Active Learning
411,Sales,Sales Representative,0.9085637242632972,HIGH,Sales Representatives of Services,,0,,No immediate recommendation
412,Research & Development,Healthcare Representative,0.09521635505422014,LOW,Sales Representatives of Services,,0,,No immediate recommendation
416,Sales,Sales Executive,0.42465111789866133,MEDIUM,Sales Managers,"Active Learning, Active Listening, Critical Thinking, Learning Strategies, Mathematics, Monitoring, Reading Comprehension, Science, Writing",9,,Upskill in Active Learning
417,Research & Development,Healthcare Representative,0.0031471185462805,LOW,Sales Representatives of Services,,0,,No immediate recommendation
419,Research & Development,Laboratory Technician,0.2565593448772402,LOW,Biological Technicians,"Active Learning, Learning Strategies, Mathematics, Monitoring, Reading Comprehension, Science, Writing",7,,Upskill in Active Learning
420,Sales,Sales Executive,0.11720242859803283,LOW,Sales Managers,"Active Learning, Active Listening, Critical Thinking, Learning Strategies, Mathematics, Monitoring, Reading Comprehension, Science, Writing",9,,Upskill in Active Learning
421,Research & Development,Research Director,0.11236307797836133,LOW,Natural Sciences Managers,"Active Learning, Active Listening, Critical Thinking, Learning Strategies, Mathematics, Monitoring, Reading Comprehension, Science, Speaking",9,,Upskill in Active Learning
422,Research & Development,Healthcare Representative,0.05516098818238016,LOW,Sales Representatives of Services,,0,,No immediate recommendation
423,Research & Development,Research Scientist,0.25913767432563184,LOW,Biological Scientists,,0,,No immediate recommendation
424,Human Resources,Human Resources,0.8709962453250625,HIGH,Human Resources Managers,"Active Learning, Active Listening, Critical Thinking, Learning Strategies, Mathematics, Monitoring, Reading Comprehension, Science, Speaking, Writing",10,,Upskill in Active Learning
425,Research & Development,Laboratory Technician,0.699152439996539,HIGH,Biological Technicians,"Active Learning, Critical Thinking, Learning Strategies, Mathematics, Monitoring, Reading Comprehension, Science, Speaking, Writing",9,,Upskill in Active Learning
426,Research & Development,Research Scientist,0.37047415889029606,MEDIUM,Biological Scientists,,0,,No immediate recommendation
428,Research & Development,Manager,0.2860594541470114,LOW,General and Operations Managers,"Active Learning, Critical Thinking, Learning Strategies, Mathematics, Monitoring, Science, Speaking, Writing",8,,Upskill in Active Learning
429,Research & Development,Manager,0.5913484685632818,MEDIUM,General and Operations Managers,"Active Learning, Learning Strategies, Mathematics, Monitoring, Reading Comprehension, Science, Speaking, Writing",8,,Upskill in Active Learning
430,Research & Development,Laboratory Technician,0.1491403748302345,LOW,Biological Technicians,"Active Learning, Active Listening, Critical Thinking, Learning Strategies, Mathematics, Monitoring, Reading Comprehension, Science, Speaking",9,,Upskill in Active Learning
431,Research & Development,Healthcare Representative,0.3612708518300654,MEDIUM,Sales Representatives of Services,,0,,No immediate recommendation
433,Research & Development,Research Scientist,0.4485999133587811,MEDIUM,Biological Scientists,,0,,No immediate recommendation
434,Research & Development,Research Scientist,0.7125497142351732,HIGH,Biological Scientists,,0,,No immediate recommendation
436,Sales,Sales Executive,0.8842732920164472,HIGH,Sales Managers,"Active Learning, Active Listening, Critical Thinking, Learning Strategies, Mathematics, Monitoring, Science, Speaking",8,,Upskill in Active Learning
437,Sales,Sales Executive,0.61370532877627,HIGH,Sales Managers,"Active Learning, Critical Thinking, Learning Strategies, Mathematics, Monitoring, Science, Speaking, Writing",8,,Upskill in Active Learning
438,Sales,Sales Executive,0.022855537573517548,LOW,Sales Managers,"Active Learning, Active Listening, Learning Strategies, Mathematics, Monitoring, Reading Comprehension, Science, Writing",8,,Upskill in Active Learning
439,Research & Development,Research Scientist,0.23094507728789399,LOW,Biological Scientists,,0,,No immediate recommendation
440,Research & Development,Research Scientist,0.8657837618948642,HIGH,Biological Scientists,,0,,No immediate recommendation
441,Research & Development,Research Scientist,0.024847075144666813,LOW,Biological Scientists,,0,,No immediate recommendation
442,Research & Development,Manufacturing Director,0.34274679166768407,MEDIUM,Industrial Production Managers,"Active Learning, Critical Thinking, Learning Strategies, Mathematics, Monitoring, Reading Comprehension, Science, Speaking, Writing",9,,Upskill in Active Learning
444,Research & Development,Manager,0.6622934269447195,HIGH,General and Operations Managers,"Active Learning, Active Listening, Critical Thinking, Learning Strategies, Mathematics, Monitoring, Reading Comprehension, Science, Speaking, Writing",10,,Upskill in Active Learning
445,Sales,Sales Executive,0.6710332375850943,HIGH,Sales Managers,"Active Learning, Learning Strategies, Mathematics, Monitoring, Reading Comprehension, Science, Speaking, Writing",8,,Upskill in Active Learning
446,Sales,Sales Executive,0.6448770287450702,HIGH,Sales Managers,"Active Learning, Critical Thinking, Learning Strategies, Mathematics, Monitoring, Reading Comprehension, Science, Speaking",8,,Upskill in Active Learning
447,Research & Development,Research Director,0.030061275704899977,LOW,Natural Sciences Managers,"Active Learning, Active Listening, Critical Thinking, Learning Strategies, Mathematics, Monitoring, Science",7,,Upskill in Active Learning
448,Research & Development,Laboratory Technician,0.45854707345951495,MEDIUM,Biological Technicians,"Active Learning, Active Listening, Critical Thinking, Learning Strategies, Mathematics, Monitoring, Science, Writing",8,,Upskill in Active Learning
449,Sales,Sales Executive,0.33506286626294896,MEDIUM,Sales Managers,"Active Learning, Active Listening, Critical Thinking, Learning Strategies, Mathematics, Monitoring, Science, Speaking",8,,Upskill in Active Learning
450,Research & Development,Research Scientist,0.11748041625409772,LOW,Biological Scientists,,0,,No immediate recommendation
451,Research & Development,Healthcare Representative,0.44732328282846645,MEDIUM,Sales Representatives of Services,,0,,No immediate recommendation
452,Research & Development,Research Scientist,0.07783604634393876,LOW,Biological Scientists,,0,,No immediate recommendation
453,Sales,Sales Executive,0.4568771678516195,MEDIUM,Sales Managers,"Active Learning, Active Listening, Learning Strategies, Mathematics, Monitoring, Reading Comprehension, Science",7,,Upskill in Active Learning
454,Research & Development,Laboratory Technician,0.8104304491044085,HIGH,Biological Technicians,"Active Learning, Active Listening, Learning Strategies, Mathematics, Monitoring, Reading Comprehension, Science",7,,Upskill in Active Learning
455,Research & Development,Laboratory Technician,0.3269031667315985,MEDIUM,Biological Technicians,"Active Learning, Critical Thinking, Learning Strategies, Mathematics, Monitoring, Reading Comprehension, Science, Speaking, Writing",9,,Upskill in Active Learning
456,Sales,Sales Executive,0.06468922927933536,LOW,Sales Managers,"Active Learning, Learning Strategies, Mathematics, Monitoring, Reading Comprehension, Science, Speaking",7,,Upskill in Active Learning
458,Sales,Sales Executive,0.2368039518758787,LOW,Sales Managers,"Active Learning, Active Listening, Learning Strategies, Mathematics, Monitoring, Reading Comprehension, Science, Speaking",8,,Upskill in Active Learning
460,Research & Development,Manufacturing Director,0.05358308990723816,LOW,Industrial Production Managers,"Active Learning, Active Listening, Learning Strategies, Mathematics, Monitoring, Reading Comprehension, Science, Speaking, Writing",9,,Upskill in Active Learning
461,Research & Development,Research Director,0.06765888303858296,LOW,Natural Sciences Managers,"Active Learning, Learning Strategies, Mathematics, Monitoring, Reading Comprehension, Science, Speaking, Writing",8,,Upskill in Active Learning
462,Research & Development,Manufacturing Director,0.3643005949499583,MEDIUM,Industrial Production Managers,"Active Learning, Learning Strategies, Mathematics, Monitoring, Science",5,,Upskill in Active Learning
463,Sales,Sales Executive,0.49706483579695004,MEDIUM,Sales Managers,"Active Learning, Active Listening, Critical Thinking, Learning Strategies, Mathematics, Monitoring, Reading Comprehension, Science, Writing",9,,Upskill in Active Learning
464,Research & Development,Manufacturing Director,0.03347921834004943,LOW,Industrial Production Managers,"Active Learning, Learning Strategies, Mathematics, Monitoring, Reading Comprehension, Science, Speaking, Writing",8,,Upskill in Active Learning
465,Research & Development,Research Scientist,0.16035811109649548,LOW,Biological Scientists,,0,,No immediate recommendation
466,Research & Development,Manufacturing Director,0.5698644620010738,MEDIUM,Industrial Production Managers,"Active Learning, Active Listening, Critical Thinking, Learning Strategies, Mathematics, Monitoring, Reading Comprehension, Science, Writing",9,,Upskill in Active Learning
467,Sales,Sales Representative,0.8605298989027892,HIGH,Sales Representatives of Services,,0,,No immediate recommendation
468,Research & Development,Research Director,0.11952459583429546,LOW,Natural Sciences Managers,"Active Learning, Active Listening, Critical Thinking, Learning Strategies, Mathematics, Monitoring, Reading Comprehension, Science, Writing",9,,Upskill in Active Learning
469,Sales,Sales Executive,0.09614898060351743,LOW,Sales Managers,"Active Learning, Active Listening, Critical Thinking, Learning Strategies, Mathematics, Monitoring, Science, Writing",8,,Upskill in Active Learning
470,Human Resources,Human Resources,0.44787054677657817,MEDIUM,Human Resources Managers,"Active Learning, Active Listening, Critical Thinking, Learning Strategies, Mathematics, Monitoring, Reading Comprehension, Science",8,,Upskill in Active Learning
471,Research & Development,Laboratory Technician,0.14353443748135028,LOW,Biological Technicians,"Active Learning, Learning Strategies, Mathematics, Monitoring, Reading Comprehension, Science, Speaking, Writing",8,,Upskill in Active Learning
473,Sales,Manager,0.28344736278448496,LOW,General and Operations Managers,"Active Learning, Critical Thinking, Learning Strategies, Mathematics, Monitoring, Reading Comprehension, Science, Speaking",8,,Upskill in Active Learning
474,Research & Development,Research Scientist,0.4206513765287207,MEDIUM,Biological Scientists,,0,,No immediate recommendation
475,Sales,Sales Executive,0.7892039928348081,HIGH,Sales Managers,"Active Learning, Critical Thinking, Learning Strategies, Mathematics, Monitoring, Science, Speaking, Writing",8,,Upskill in Active Learning
476,Sales,Sales Executive,0.1745096786272996,LOW,Sales Managers,"Active Learning, Active Listening, Learning Strategies, Mathematics, Monitoring, Science, Speaking, Writing",8,,Upskill in Active Learning
477,Research & Development,Healthcare Representative,0.0555622012856404,LOW,Sales Representatives of Services,,0,,No immediate recommendation
478,Sales,Sales Representative,0.9899594485957859,HIGH,Sales Representatives of Services,,0,,No immediate recommendation
479,Sales,Sales Executive,0.07656414934978681,LOW,Sales Managers,"Active Learning, Active Listening, Critical Thinking, Learning Strategies, Mathematics, Monitoring, Reading Comprehension, Science",8,,Upskill in Active Learning
481,Sales,Sales Executive,0.36119658769298907,MEDIUM,Sales Managers,"Active Learning, Active Listening, Critical Thinking, Learning Strategies, Mathematics, Monitoring, Science, Writing",8,,Upskill in Active Learning
482,Research & Development,Healthcare Representative,0.024458761179577643,LOW,Sales Representatives of Services,,0,,No immediate recommendation
483,Research & Development,Laboratory Technician,0.2293604979948743,LOW,Biological Technicians,"Active Learning, Learning Strategies, Mathematics, Monitoring, Reading Comprehension, Science, Speaking, Writing",8,,Upskill in Active Learning
484,Sales,Sales Representative,0.47033771222005305,MEDIUM,Sales Representatives of Services,,0,,No immediate recommendation
485,Sales,Sales Representative,0.9024729870337201,HIGH,Sales Representatives of Services,,0,,No immediate recommendation
486,Research & Development,Laboratory Technician,0.3365121356638609,MEDIUM,Biological Technicians,"Active Learning, Active Listening, Learning Strategies, Mathematics, Monitoring, Science, Speaking, Writing",8,,Upskill in Active Learning
487,Research & Development,Manufacturing Director,0.05454699855532926,LOW,Industrial Production Managers,"Active Learning, Critical Thinking, Learning Strategies, Mathematics, Monitoring, Reading Comprehension, Science, Speaking, Writing",9,,Upskill in Active Learning
488,Sales,Sales Executive,0.5244937880919663,MEDIUM,Sales Managers,"Active Learning, Learning Strategies, Mathematics, Monitoring, Reading Comprehension, Science, Speaking, Writing",8,,Upskill in Active Learning
491,Research & Development,Healthcare Representative,0.0761922742966987,LOW,Sales Representatives of Services,,0,,No immediate recommendation
492,Sales,Sales Executive,0.7425197486744253,HIGH,Sales Managers,"Active Learning, Active Listening, Learning Strategies, Mathematics, Monitoring, Reading Comprehension, Science, Speaking",8,,Upskill in Active Learning
493,Research & Development,Research Scientist,0.531747806476851,MEDIUM,Biological Scientists,,0,,No immediate recommendation
494,Sales,Sales Representative,0.715172370897398,HIGH,Sales Representatives of Services,,0,,No immediate recommendation
495,Research & Development,Research Scientist,0.3004454136910089,MEDIUM,Biological Scientists,,0,,No immediate recommendation
496,Research & Development,Healthcare Representative,0.32412806034632397,MEDIUM,Sales Representatives of Services,,0,,No immediate recommendation
497,Research & Development,Laboratory Technician,0.23676581717754075,LOW,Biological Technicians,"Active Learning, Active Listening, Learning Strategies, Mathematics, Monitoring, Science, Speaking",7,,Upskill in Active Learning
498,Sales,Sales Executive,0.1591792908673588,LOW,Sales Managers,"Active Learning, Critical Thinking, Learning Strategies, Mathematics, Monitoring, Reading Comprehension, Science, Speaking, Writing",9,,Upskill in Active Learning
499,Research & Development,Healthcare Representative,0.06702661874876575,LOW,Sales Representatives of Services,,0,,No immediate recommendation
500,Sales,Sales Executive,0.062384233517116354,LOW,Sales Managers,"Active Learning, Critical Thinking, Learning Strategies, Mathematics, Monitoring, Reading Comprehension, Science, Speaking, Writing",9,,Upskill in Active Learning
501,Research & Development,Research Scientist,0.09764605249202768,LOW,Biological Scientists,,0,,No immediate recommendation
502,Sales,Sales Executive,0.8386220928566855,HIGH,Sales Managers,"Active Learning, Active Listening, Critical Thinking, Learning Strategies, Mathematics, Monitoring, Reading Comprehension, Science, Writing",9,,Upskill in Active Learning
505,Research & Development,Manager,0.05979242526922634,LOW,General and Operations Managers,"Active Learning, Active Listening, Learning Strategies, Mathematics, Monitoring, Reading Comprehension, Science, Speaking",8,,Upskill in Active Learning
507,Sales,Sales Executive,0.5119822746757828,MEDIUM,Sales Managers,"Active Learning, Active Listening, Critical Thinking, Learning Strategies, Mathematics, Monitoring, Reading Comprehension, Science, Speaking, Writing",10,,Upskill in Active Learning
508,Sales,Sales Representative,0.7035952391208208,HIGH,Sales Representatives of Services,,0,,No immediate recommendation
510,Research & Development,Research Scientist,0.35057797260278956,MEDIUM,Biological Scientists,,0,,No immediate recommendation
511,Research & Development,Research Scientist,0.40288631348525644,MEDIUM,Biological Scientists,,0,,No immediate recommendation
513,Sales,Sales Executive,0.56196749259226,MEDIUM,Sales Managers,"Active Learning, Active Listening, Critical Thinking, Learning Strategies, Mathematics, Monitoring, Reading Comprehension, Science, Writing",9,,Upskill in Active Learning
514,Research & Development,Research Scientist,0.9108469006861083,HIGH,Biological Scientists,,0,,No immediate recommendation
515,Research & Development,Laboratory Technician,0.2785180433259095,LOW,Biological Technicians,"Active Learning, Critical Thinking, Learning Strategies, Mathematics, Monitoring, Science, Speaking, Writing",8,,Upskill in Active Learning
516,Sales,Sales Executive,0.1719147568792305,LOW,Sales Managers,"Active Learning, Active Listening, Critical Thinking, Learning Strategies, Mathematics, Monitoring, Reading Comprehension, Science, Speaking, Writing",10,,Upskill in Active Learning
517,Research & Development,Laboratory Technician,0.36254935903003016,MEDIUM,Biological Technicians,"Active Learning, Active Listening, Critical Thinking, Learning Strategies, Mathematics, Monitoring, Science, Writing",8,,Upskill in Active Learning
518,Research & Development,Manufacturing Director,0.46671581863193046,MEDIUM,Industrial Production Managers,"Active Learning, Active Listening, Learning Strategies, Mathematics, Monitoring, Reading Comprehension, Science, Speaking, Writing",9,,Upskill in Active Learning
520,Research & Development,Research Director,0.042659265331172536,LOW,Natural Sciences Managers,"Active Learning, Active Listening, Learning Strategies, Mathematics, Monitoring, Reading Comprehension, Science, Speaking, Writing",9,,Upskill in Active Learning
521,Research & Development,Laboratory Technician,0.43853692352725937,MEDIUM,Biological Technicians,"Active Learning, Critical Thinking, Learning Strategies, Mathematics, Monitoring, Reading Comprehension, Science, Writing",8,,Upskill in Active Learning
522,Research & Development,Research Director,0.09084651054087305,LOW,Natural Sciences Managers,"Active Learning, Critical Thinking, Learning Strategies, Mathematics, Monitoring, Science, Writing",7,,Upskill in Active Learning
523,Sales,Sales Executive,0.3386738993295016,MEDIUM,Sales Managers,"Active Learning, Critical Thinking, Learning Strategies, Mathematics, Monitoring, Science, Speaking",7,,Upskill in Active Learning
524,Research & Development,Manufacturing Director,0.11695040620080781,LOW,Industrial Production Managers,"Active Learning, Active Listening, Learning Strategies, Mathematics, Monitoring, Reading Comprehension, Science, Speaking, Writing",9,,Upskill in Active Learning
525,Research & Development,Laboratory Technician,0.6597513537380719,HIGH,Biological Technicians,"Active Learning, Critical Thinking, Learning Strategies, Mathematics, Monitoring, Science, Writing",7,,Upskill in Active Learning
526,Research & Development,Healthcare Representative,0.2191399726799811,LOW,Sales Representatives of Services,,0,,No immediate recommendation
527,Sales,Sales Executive,0.8154251403419407,HIGH,Sales Managers,"Active Learning, Active Listening, Critical Thinking, Learning Strategies, Mathematics, Monitoring, Science, Writing",8,,Upskill in Active Learning
529,Research & Development,Research Scientist,0.4677463750829542,MEDIUM,Biological Scientists,,0,,No immediate recommendation
530,Research & Development,Laboratory Technician,0.42128309627959754,MEDIUM,Biological Technicians,"Active Learning, Active Listening, Learning Strategies, Mathematics, Monitoring, Science, Writing",7,,Upskill in Active Learning
531,Research & Development,Manager,0.3009890613149019,MEDIUM,General and Operations Managers,"Active Learning, Learning Strategies, Mathematics, Monitoring, Reading Comprehension, Science, Speaking, Writing",8,,Upskill in Active Learning
532,Sales,Sales Executive,0.10633153614217483,LOW,Sales Managers,"Active Learning, Active Listening, Critical Thinking, Learning Strategies, Mathematics, Monitoring, Science, Speaking, Writing",9,,Upskill in Active Learning
533,Sales,Sales Executive,0.5342132048424487,MEDIUM,Sales Managers,"Active Learning, Critical Thinking, Learning Strategies, Mathematics, Monitoring, Reading Comprehension, Science, Speaking, Writing",9,,Upskill in Active Learning
534,Sales,Sales Executive,0.1366310153144547,LOW,Sales Managers,"Active Learning, Active Listening, Learning Strategies, Mathematics, Monitoring, Reading Comprehension, Science, Speaking, Writing",9,,Upskill in Active Learning
536,Research & Development,Laboratory Technician,0.4276043777003352,MEDIUM,Biological Technicians,"Active Learning, Critical Thinking, Learning Strategies, Mathematics, Monitoring, Reading Comprehension, Science, Speaking",8,,Upskill in Active Learning
538,Research & Development,Laboratory Technician,0.6890031456552658,HIGH,Biological Technicians,"Active Learning, Active Listening, Critical Thinking, Learning Strategies, Mathematics, Monitoring, Science, Speaking",8,,Upskill in Active Learning
543,Research & Development,Manufacturing Director,0.0755522869452413,LOW,Industrial Production Managers,"Active Learning, Active Listening, Learning Strategies, Mathematics, Monitoring, Science, Speaking, Writing",8,,Upskill in Active Learning
544,Research & Development,Research Scientist,0.08289858655452696,LOW,Biological Scientists,,0,,No immediate recommendation
546,Research & Development,Manager,0.013149215174739272,LOW,General and Operations Managers,"Active Learning, Active Listening, Critical Thinking, Learning Strategies, Mathematics, Monitoring, Reading Comprehension, Science, Speaking, Writing",10,,Upskill in Active Learning
547,Research & Development,Research Scientist,0.401731763302532,MEDIUM,Biological Scientists,,0,,No immediate recommendation
548,Research & Development,Manufacturing Director,0.17508027038896784,LOW,Industrial Production Managers,"Active Learning, Active Listening, Critical Thinking, Learning Strategies, Mathematics, Monitoring, Reading Comprehension, Science",8,,Upskill in Active Learning
549,Research & Development,Manager,0.4445664354051434,MEDIUM,General and Operations Managers,"Active Learning, Learning Strategies, Mathematics, Monitoring, Reading Comprehension, Science, Speaking, Writing",8,,Upskill in Active Learning
550,Research & Development,Manufacturing Director,0.02090680059132484,LOW,Industrial Production Managers,"Active Learning, Active Listening, Critical Thinking, Learning Strategies, Mathematics, Monitoring, Reading Comprehension, Science, Speaking",9,,Upskill in Active Learning
551,Research & Development,Healthcare Representative,0.0402818830915873,LOW,Sales Representatives of Services,,0,,No immediate recommendation
554,Sales,Sales Representative,0.9351921493671493,HIGH,Sales Representatives of Services,,0,,No immediate recommendation
555,Sales,Sales Representative,0.7291494287980085,HIGH,Sales Representatives of Services,,0,,No immediate recommendation
556,Research & Development,Laboratory Technician,0.6416163409512153,HIGH,Biological Technicians,"Active Learning, Active Listening, Learning Strategies, Mathematics, Monitoring, Reading Comprehension, Science, Speaking, Writing",9,,Upskill in Active Learning
558,Sales,Manager,0.026256400335122835,LOW,General and Operations Managers,"Active Learning, Critical Thinking, Learning Strategies, Mathematics, Monitoring, Reading Comprehension, Science, Speaking, Writing",9,,Upskill in Active Learning
560,Research & Development,Research Scientist,0.3026162190563145,MEDIUM,Biological Scientists,,0,,No immediate recommendation
562,Research & Development,Laboratory Technician,0.12303576592124478,LOW,Biological Technicians,"Active Learning, Active Listening, Critical Thinking, Learning Strategies, Mathematics, Monitoring, Reading Comprehension, Science, Speaking",9,,Upskill in Active Learning
564,Research & Development,Research Director,0.05502826588503797,LOW,Natural Sciences Managers,"Active Learning, Active Listening, Critical Thinking, Learning Strategies, Mathematics, Monitoring, Reading Comprehension, Science, Speaking, Writing",10,,Upskill in Active Learning
565,Research & Development,Research Scientist,0.7430071614500275,HIGH,Biological Scientists,,0,,No immediate recommendation
566,Human Resources,Human Resources,0.6647209860025587,HIGH,Human Resources Managers,"Active Learning, Active Listening, Critical Thinking, Learning Strategies, Mathematics, Monitoring, Reading Comprehension, Science, Speaking",9,,Upskill in Active Learning
567,Sales,Sales Executive,0.2505817531278424,LOW,Sales Managers,"Active Learning, Active Listening, Critical Thinking, Learning Strategies, Mathematics, Monitoring, Reading Comprehension, Science",8,,Upskill in Active Learning
568,Sales,Manager,0.1709656661793912,LOW,General and Operations Managers,"Active Learning, Active Listening, Learning Strategies, Mathematics, Monitoring, Science, Writing",7,,Upskill in Active Learning
569,Research & Development,Manager,0.4565392985132396,MEDIUM,General and Operations Managers,"Active Learning, Active Listening, Critical Thinking, Learning Strategies, Mathematics, Monitoring, Science, Speaking, Writing",9,,Upskill in Active Learning
571,Research & Development,Laboratory Technician,0.09333086084674722,LOW,Biological Technicians,"Active Learning, Active Listening, Critical Thinking, Learning Strategies, Mathematics, Monitoring, Reading Comprehension, Science, Speaking",9,,Upskill in Active Learning
573,Sales,Sales Executive,0.6528466728932572,HIGH,Sales Managers,"Active Learning, Critical Thinking, Learning Strategies, Mathematics, Monitoring, Science, Writing",7,,Upskill in Active Learning
574,Research & Development,Manufacturing Director,0.02130070821897206,LOW,Industrial Production Managers,"Active Learning, Active Listening, Critical Thinking, Learning Strategies, Mathematics, Monitoring, Science, Writing",8,,Upskill in Active Learning
575,Research & Development,Research Director,0.08266915991184594,LOW,Natural Sciences Managers,"Active Learning, Critical Thinking, Learning Strategies, Mathematics, Monitoring, Reading Comprehension, Science, Speaking",8,,Upskill in Active Learning
577,Research & Development,Laboratory Technician,0.5616883520849443,MEDIUM,Biological Technicians,"Active Learning, Critical Thinking, Learning Strategies, Mathematics, Monitoring, Reading Comprehension, Science, Writing",8,,Upskill in Active Learning
578,Research & Development,Laboratory Technician,0.39230643849240393,MEDIUM,Biological Technicians,"Active Learning, Active Listening, Learning Strategies, Mathematics, Monitoring, Reading Comprehension, Science, Speaking, Writing",9,,Upskill in Active Learning
579,Research & Development,Research Scientist,0.0669448427597815,LOW,Biological Scientists,,0,,No immediate recommendation
580,Sales,Sales Executive,0.4638986796587798,MEDIUM,Sales Managers,"Active Learning, Active Listening, Learning Strategies, Mathematics, Monitoring, Reading Comprehension, Science, Writing",8,,Upskill in Active Learning
581,Research & Development,Manufacturing Director,0.013736428699102967,LOW,Industrial Production Managers,"Active Learning, Learning Strategies, Mathematics, Monitoring, Science, Writing",6,,Upskill in Active Learning
582,Research & Development,Manager,0.6689643768600618,HIGH,General and Operations Managers,"Active Learning, Active Listening, Learning Strategies, Mathematics, Monitoring, Science, Writing",7,,Upskill in Active Learning
584,Research & Development,Laboratory Technician,0.625610496127517,HIGH,Biological Technicians,"Active Learning, Active Listening, Learning Strategies, Mathematics, Monitoring, Reading Comprehension, Science, Speaking, Writing",9,,Upskill in Active Learning
585,Sales,Sales Representative,0.6193379129493166,HIGH,Sales Representatives of Services,,0,,No immediate recommendation
586,Research & Development,Healthcare Representative,0.5224356937053257,MEDIUM,Sales Representatives of Services,,0,,No immediate recommendation
587,Research & Development,Healthcare Representative,0.710152085142239,HIGH,Sales Representatives of Services,,0,,No immediate recommendation
590,Human Resources,Human Resources,0.9692699053298606,HIGH,Human Resources Managers,"Active Learning, Active Listening, Critical Thinking, Learning Strategies, Mathematics, Monitoring, Reading Comprehension, Science, Speaking, Writing",10,,Upskill in Active Learning
591,Research & Development,Laboratory Technician,0.27833111251751763,LOW,Biological Technicians,"Active Learning, Active Listening, Learning Strategies, Mathematics, Monitoring, Science, Speaking, Writing",8,,Upskill in Active Learning
592,Sales,Sales Executive,0.28418218207028956,LOW,Sales Managers,"Active Learning, Learning Strategies, Mathematics, Monitoring, Reading Comprehension, Science, Speaking, Writing",8,,Upskill in Active Learning
593,Research & Development,Laboratory Technician,0.8632664497218123,HIGH,Biological Technicians,"Active Learning, Critical Thinking, Learning Strategies, Mathematics, Monitoring, Reading Comprehension, Science, Speaking",8,,Upskill in Active Learning
595,Sales,Sales Executive,0.18586919938508775,LOW,Sales Managers,"Active Learning, Active Listening, Learning Strategies, Mathematics, Monitoring, Reading Comprehension, Science, Speaking, Writing",9,,Upskill in Active Learning
597,Sales,Manager,0.09373438920731492,LOW,General and Operations Managers,"Active Learning, Active Listening, Learning Strategies, Mathematics, Monitoring, Reading Comprehension, Science, Speaking, Writing",9,,Upskill in Active Learning
599,Sales,Sales Executive,0.024911757652786526,LOW,Sales Managers,"Active Learning, Learning Strategies, Mathematics, Monitoring, Reading Comprehension, Science, Speaking, Writing",8,,Upskill in Active Learning
600,Sales,Sales Executive,0.5445174718995968,MEDIUM,Sales Managers,"Active Learning, Critical Thinking, Learning Strategies, Mathematics, Monitoring, Science, Writing",7,,Upskill in Active Learning
601,Research & Development,Manufacturing Director,0.1693271434976165,LOW,Industrial Production Managers,"Active Learning, Critical Thinking, Learning Strategies, Mathematics, Monitoring, Reading Comprehension, Science, Writing",8,,Upskill in Active Learning
602,Research & Development,Laboratory Technician,0.26513032573162065,LOW,Biological Technicians,"Active Learning, Active Listening, Critical Thinking, Learning Strategies, Mathematics, Monitoring, Reading Comprehension, Science, Speaking, Writing",10,,Upskill in Active Learning
604,Sales,Sales Executive,0.5001221003880253,MEDIUM,Sales Managers,"Active Learning, Active Listening, Critical Thinking, Learning Strategies, Mathematics, Monitoring, Reading Comprehension, Science, Writing",9,,Upskill in Active Learning
605,Research & Development,Manufacturing Director,0.4086970287922693,MEDIUM,Industrial Production Managers,"Active Learning, Critical Thinking, Learning Strategies, Mathematics, Monitoring, Reading Comprehension, Science, Speaking, Writing",9,,Upskill in Active Learning
606,Sales,Sales Executive,0.018906429617418008,LOW,Sales Managers,"Active Learning, Learning Strategies, Mathematics, Monitoring, Reading Comprehension, Science, Speaking, Writing",8,,Upskill in Active Learning
608,Human Resources,Human Resources,0.8440063676282862,HIGH,Human Resources Managers,"Active Learning, Learning Strategies, Mathematics, Monitoring, Reading Comprehension, Science",6,,Upskill in Active Learning
611,Research & Development,Manufacturing Director,0.15439070552893577,LOW,Industrial Production Managers,"Active Learning, Active Listening, Learning Strategies, Mathematics, Monitoring, Science, Writing",7,,Upskill in Active Learning
612,Research & Development,Research Director,0.051566969925598366,LOW,Natural Sciences Managers,"Active Learning, Critical Thinking, Learning Strategies, Mathematics, Monitoring, Reading Comprehension, Science",7,,Upskill in Active Learning
613,Sales,Manager,0.43938267743797255,MEDIUM,General and Operations Managers,"Active Learning, Active Listening, Critical Thinking, Learning Strategies, Mathematics, Monitoring, Reading Comprehension, Science, Writing",9,,Upskill in Active Learning
614,Sales,Sales Representative,0.9873452861648222,HIGH,Sales Representatives of Services,,0,,No immediate recommendation
615,Sales,Sales Executive,0.16539318927305663,LOW,Sales Managers,"Active Learning, Active Listening, Critical Thinking, Learning Strategies, Mathematics, Monitoring, Science, Speaking, Writing",9,,Upskill in Active Learning
616,Research & Development,Healthcare Representative,0.09286803656563573,LOW,Sales Representatives of Services,,0,,No immediate recommendation
618,Sales,Sales Executive,0.7208450298833536,HIGH,Sales Managers,"Active Learning, Active Listening, Learning Strategies, Mathematics, Monitoring, Reading Comprehension, Science, Speaking",8,,Upskill in Active Learning
620,Sales,Sales Executive,0.26487351355813155,LOW,Sales Managers,"Active Learning, Critical Thinking, Learning Strategies, Mathematics, Monitoring, Reading Comprehension, Science, Writing",8,,Upskill in Active Learning
621,Sales,Sales Executive,0.10861650824445959,LOW,Sales Managers,"Active Learning, Active Listening, Critical Thinking, Learning Strategies, Mathematics, Monitoring, Reading Comprehension, Science, Speaking",9,,Upskill in Active Learning
622,Research & Development,Laboratory Technician,0.9849303359317856,HIGH,Biological Technicians,"Active Learning, Active Listening, Critical Thinking, Learning Strategies, Mathematics, Monitoring, Reading Comprehension, Science, Speaking",9,,Upskill in Active Learning
623,Research & Development,Manufacturing Director,0.15272709017847003,LOW,Industrial Production Managers,"Active Learning, Active Listening, Critical Thinking, Learning Strategies, Mathematics, Monitoring, Science, Speaking, Writing",9,,Upskill in Active Learning
624,Research & Development,Healthcare Representative,0.19199833738073083,LOW,Sales Representatives of Services,,0,,No immediate recommendation
625,Sales,Manager,0.4787142059721508,MEDIUM,General and Operations Managers,"Active Learning, Critical Thinking, Learning Strategies, Mathematics, Monitoring, Reading Comprehension, Science, Writing",8,,Upskill in Active Learning
626,Sales,Sales Executive,0.1949908127704459,LOW,Sales Managers,"Active Learning, Active Listening, Learning Strategies, Mathematics, Monitoring, Reading Comprehension, Science, Writing",8,,Upskill in Active Learning
630,Research & Development,Research Scientist,0.23335764249052465,LOW,Biological Scientists,,0,,No immediate recommendation
631,Sales,Sales Executive,0.11932320262151941,LOW,Sales Managers,"Active Learning, Active Listening, Learning Strategies, Mathematics, Monitoring, Reading Comprehension, Science",7,,Upskill in Active Learning
632,Sales,Sales Representative,0.48741939159979986,MEDIUM,Sales Representatives of Services,,0,,No immediate recommendation
634,Research & Development,Healthcare Representative,0.019378085660589555,LOW,Sales Representatives of Services,,0,,No immediate recommendation
635,Research & Development,Manufacturing Director,0.3946778224071801,MEDIUM,Industrial Production Managers,"Active Learning, Learning Strategies, Mathematics, Monitoring, Reading Comprehension, Science, Writing",7,,Upskill in Active Learning
638,Research & Development,Research Director,0.016034825975144815,LOW,Natural Sciences Managers,"Active Learning, Active Listening, Learning Strategies, Mathematics, Monitoring, Reading Comprehension, Science, Speaking, Writing",9,,Upskill in Active Learning
639,Research & Development,Research Scientist,0.30829639083082067,MEDIUM,Biological Scientists,,0,,No immediate recommendation
641,Sales,Sales Executive,0.36193433640753636,MEDIUM,Sales Managers,"Active Learning, Active Listening, Critical Thinking, Learning Strategies, Mathematics, Monitoring, Reading Comprehension, Science, Speaking",9,,Upskill in Active Learning
643,Research & Development,Laboratory Technician,0.4369124527797465,MEDIUM,Biological Technicians,"Active Learning, Active Listening, Critical Thinking, Learning Strategies, Mathematics, Monitoring, Science, Speaking",8,,Upskill in Active Learning
644,Human Resources,Manager,0.41564923320328395,MEDIUM,General and Operations Managers,"Active Learning, Critical Thinking, Learning Strategies, Mathematics, Monitoring, Science, Speaking, Writing",8,,Upskill in Active Learning
645,Sales,Sales Representative,0.5702774504910298,MEDIUM,Sales Representatives of Services,,0,,No immediate recommendation
647,Research & Development,Laboratory Technician,0.8247746028087576,HIGH,Biological Technicians,"Active Learning, Active Listening, Learning Strategies, Mathematics, Monitoring, Science, Speaking, Writing",8,,Upskill in Active Learning
648,Sales,Sales Representative,0.8849809925808014,HIGH,Sales Representatives of Services,,0,,No immediate recommendation
649,Research & Development,Research Scientist,0.24771594342820538,LOW,Biological Scientists,,0,,No immediate recommendation
650,Sales,Sales Executive,0.7598154055968136,HIGH,Sales Managers,"Active Learning, Critical Thinking, Learning Strategies, Mathematics, Monitoring, Reading Comprehension, Science, Writing",8,,Upskill in Active Learning
652,Research & Development,Laboratory Technician,0.7021752579525259,HIGH,Biological Technicians,"Active Learning, Learning Strategies, Mathematics, Monitoring, Science, Writing",6,,Upskill in Active Learning
653,Sales,Sales Executive,0.05366654522906862,LOW,Sales Managers,"Active Learning, Critical Thinking, Learning Strategies, Mathematics, Monitoring, Science, Speaking",7,,Upskill in Active Learning
655,Research & Development,Research Scientist,0.159705021964032,LOW,Biological Scientists,,0,,No immediate recommendation
656,Sales,Sales Executive,0.474337869405368,MEDIUM,Sales Managers,"Active Learning, Active Listening, Learning Strategies, Mathematics, Monitoring, Reading Comprehension, Science, Writing",8,,Upskill in Active Learning
657,Research & Development,Research Scientist,0.31448533427872016,MEDIUM,Biological Scientists,,0,,No immediate recommendation
659,Research & Development,Healthcare Representative,0.021021948852974377,LOW,Sales Representatives of Services,,0,,No immediate recommendation
661,Research & Development,Research Director,0.07614239080438122,LOW,Natural Sciences Managers,"Active Learning, Active Listening, Learning Strategies, Mathematics, Monitoring, Reading Comprehension, Science",7,,Upskill in Active Learning
662,Research & Development,Research Scientist,0.23271648311217935,LOW,Biological Scientists,,0,,No immediate recommendation
663,Research & Development,Laboratory Technician,0.7163290934959184,HIGH,Biological Technicians,"Active Learning, Critical Thinking, Learning Strategies, Mathematics, Monitoring, Reading Comprehension, Science, Speaking, Writing",9,,Upskill in Active Learning
664,Research & Development,Manager,0.26937010640574643,LOW,General and Operations Managers,"Active Learning, Active Listening, Critical Thinking, Learning Strategies, Mathematics, Monitoring, Reading Comprehension, Science, Speaking, Writing",10,,Upskill in Active Learning
665,Human Resources,Human Resources,0.517077039300794,MEDIUM,Human Resources Managers,"Active Learning, Critical Thinking, Learning Strategies, Mathematics, Monitoring, Reading Comprehension, Science, Speaking, Writing",9,,Upskill in Active Learning
666,Sales,Sales Representative,0.4732563347274191,MEDIUM,Sales Representatives of Services,,0,,No immediate recommendation
667,Sales,Sales Representative,0.5795213653314422,MEDIUM,Sales Representatives of Services,,0,,No immediate recommendation
669,Sales,Sales Representative,0.8353414099198657,HIGH,Sales Representatives of Services,,0,,No immediate recommendation
671,Research & Development,Manager,0.0529002457643622,LOW,General and Operations Managers,"Active Learning, Active Listening, Learning Strategies, Mathematics, Monitoring, Reading Comprehension, Science, Speaking, Writing",9,,Upskill in Active Learning
675,Research & Development,Research Scientist,0.27692244682181233,LOW,Biological Scientists,,0,,No immediate recommendation
677,Sales,Sales Executive,0.31738799656576117,MEDIUM,Sales Managers,"Active Learning, Active Listening, Critical Thinking, Learning Strategies, Mathematics, Monitoring, Reading Comprehension, Science, Writing",9,,Upskill in Active Learning
