O*NET-SOC Code,Title,Element Name,Data Value
11-1011.00,Chief Executives,Critical Thinking,4.38
11-1011.00,Chief Executives,Speaking,4.25
11-1011.00,Chief Executives,Reading Comprehension,4.12
11-1011.00,Chief Executives,Writing,4.12
11-1011.00,Chief Executives,Active Listening,4.0
11-1011.00,Chief Executives,Monitoring,4.0
11-1011.00,Chief Executives,Active Learning,3.75
11-1011.00,Chief Executives,Mathematics,3.25
11-1011.00,Chief Executives,Learning Strategies,3.12
11-1011.00,Chief Executives,Science,1.62
11-1011.03,Chief Sustainability Officers,Writing,4.12
11-1011.03,Chief Sustainability Officers,Critical Thinking,4.12
11-1011.03,Chief Sustainability Officers,Reading Comprehension,4.0
11-1011.03,Chief Sustainability Officers,Active Listening,4.0
11-1011.03,Chief Sustainability Officers,Speaking,4.0
11-1011.03,Chief Sustainability Officers,Active Learning,3.75
11-1011.03,Chief Sustainability Officers,Monitoring,3.75
11-1011.03,Chief Sustainability Officers,Learning Strategies,3.38
11-1011.03,Chief Sustainability Officers,Mathematics,2.88
11-1011.03,Chief Sustainability Officers,Science,2.12
11-1021.00,General and Operations Managers,Reading Comprehension,4.0
11-1021.00,General and Operations Managers,Active Listening,4.0
11-1021.00,General and Operations Managers,Speaking,4.0
11-1021.00,General and Operations Managers,Monitoring,4.0
11-1021.00,General and Operations Managers,Critical Thinking,3.88
11-1021.00,General and Operations Managers,Active Learning,3.62
11-1021.00,General and Operations Managers,Writing,3.5
11-1021.00,General and Operations Managers,Learning Strategies,3.0
11-1021.00,General and Operations Managers,Mathematics,2.62
11-1021.00,General and Operations Managers,Science,1.5
11-2011.00,Advertising and Promotions Managers,Active Listening,4.12
11-2011.00,Advertising and Promotions Managers,Speaking,4.12
11-2011.00,Advertising and Promotions Managers,Critical Thinking,3.88
11-2011.00,Advertising and Promotions Managers,Reading Comprehension,3.75
11-2011.00,Advertising and Promotions Managers,Writing,3.75
11-2011.00,Advertising and Promotions Managers,Monitoring,3.5
11-2011.00,Advertising and Promotions Managers,Active Learning,3.38
11-2011.00,Advertising and Promotions Managers,Learning Strategies,3.0
11-2011.00,Advertising and Promotions Managers,Mathematics,2.88
11-2011.00,Advertising and Promotions Managers,Science,1.5
11-2021.00,Marketing Managers,Active Listening,4.12
11-2021.00,Marketing Managers,Speaking,4.0
11-2021.00,Marketing Managers,Reading Comprehension,3.88
11-2021.00,Marketing Managers,Critical Thinking,3.88
11-2021.00,Marketing Managers,Active Learning,3.88
11-2021.00,Marketing Managers,Monitoring,3.88
11-2021.00,Marketing Managers,Writing,3.25
11-2021.00,Marketing Managers,Learning Strategies,3.25
11-2021.00,Marketing Managers,Mathematics,3.0
11-2021.00,Marketing Managers,Science,1.75
11-2022.00,Sales Managers,Active Listening,4.0
11-2022.00,Sales Managers,Speaking,4.0
11-2022.00,Sales Managers,Reading Comprehension,3.88
11-2022.00,Sales Managers,Critical Thinking,3.88
11-2022.00,Sales Managers,Monitoring,3.88
11-2022.00,Sales Managers,Active Learning,3.75
11-2022.00,Sales Managers,Writing,3.62
11-2022.00,Sales Managers,Learning Strategies,3.12
11-2022.00,Sales Managers,Mathematics,3.0
11-2022.00,Sales Managers,Science,1.62
11-2032.00,Public Relations Managers,Speaking,4.25
11-2032.00,Public Relations Managers,Reading Comprehension,4.12
11-2032.00,Public Relations Managers,Active Listening,4.12
11-2032.00,Public Relations Managers,Writing,4.0
11-2032.00,Public Relations Managers,Critical Thinking,3.88
11-2032.00,Public Relations Managers,Active Learning,3.62
11-2032.00,Public Relations Managers,Monitoring,3.5
11-2032.00,Public Relations Managers,Learning Strategies,3.0
11-2032.00,Public Relations Managers,Mathematics,2.38
11-2032.00,Public Relations Managers,Science,1.12
11-2033.00,Fundraising Managers,Speaking,4.12
11-2033.00,Fundraising Managers,Critical Thinking,4.12
11-2033.00,Fundraising Managers,Active Listening,4.0
11-2033.00,Fundraising Managers,Reading Comprehension,3.88
11-2033.00,Fundraising Managers,Writing,3.88
11-2033.00,Fundraising Managers,Active Learning,3.38
11-2033.00,Fundraising Managers,Monitoring,3.12
11-2033.00,Fundraising Managers,Mathematics,3.0
11-2033.00,Fundraising Managers,Learning Strategies,2.62
11-2033.00,Fundraising Managers,Science,1.25
11-3012.00,Administrative Services Managers,Reading Comprehension,4.0
11-3012.00,Administrative Services Managers,Active Listening,4.0
11-3012.00,Administrative Services Managers,Speaking,3.88
11-3012.00,Administrative Services Managers,Writing,3.75
11-3012.00,Administrative Services Managers,Critical Thinking,3.75
11-3012.00,Administrative Services Managers,Monitoring,3.38
11-3012.00,Administrative Services Managers,Active Learning,3.12
11-3012.00,Administrative Services Managers,Learning Strategies,3.0
11-3012.00,Administrative Services Managers,Mathematics,2.25
11-3012.00,Administrative Services Managers,Science,1.0
11-3013.00,Facilities Managers,Speaking,3.88
11-3013.00,Facilities Managers,Reading Comprehension,3.75
11-3013.00,Facilities Managers,Active Listening,3.75
11-3013.00,Facilities Managers,Critical Thinking,3.75
11-3013.00,Facilities Managers,Monitoring,3.75
11-3013.00,Facilities Managers,Writing,3.25
11-3013.00,Facilities Managers,Active Learning,3.12
11-3013.00,Facilities Managers,Learning Strategies,3.0
11-3013.00,Facilities Managers,Mathematics,2.75
11-3013.00,Facilities Managers,Science,1.5
11-3013.01,Security Managers,Critical Thinking,4.25
11-3013.01,Security Managers,Reading Comprehension,4.12
11-3013.01,Security Managers,Active Listening,4.12
11-3013.01,Security Managers,Speaking,4.0
11-3013.01,Security Managers,Monitoring,4.0
11-3013.01,Security Managers,Writing,3.75
11-3013.01,Security Managers,Active Learning,3.62
11-3013.01,Security Managers,Learning Strategies,3.38
11-3013.01,Security Managers,Mathematics,2.5
11-3013.01,Security Managers,Science,1.38
11-3021.00,Computer and Information Systems Managers,Critical Thinking,4.12
11-3021.00,Computer and Information Systems Managers,Reading Comprehension,4.0
11-3021.00,Computer and Information Systems Managers,Active Listening,4.0
11-3021.00,Computer and Information Systems Managers,Speaking,3.88
11-3021.00,Computer and Information Systems Managers,Monitoring,3.88
11-3021.00,Computer and Information Systems Managers,Writing,3.75
11-3021.00,Computer and Information Systems Managers,Active Learning,3.38
11-3021.00,Computer and Information Systems Managers,Learning Strategies,3.25
11-3021.00,Computer and Information Systems Managers,Mathematics,3.12
11-3021.00,Computer and Information Systems Managers,Science,1.75
11-3031.00,Financial Managers,Reading Comprehension,4.0
11-3031.00,Financial Managers,Active Listening,4.0
11-3031.00,Financial Managers,Speaking,4.0
11-3031.00,Financial Managers,Critical Thinking,4.0
11-3031.00,Financial Managers,Writing,3.75
11-3031.00,Financial Managers,Monitoring,3.75
11-3031.00,Financial Managers,Mathematics,3.5
11-3031.00,Financial Managers,Active Learning,3.5
11-3031.00,Financial Managers,Learning Strategies,3.0
11-3031.00,Financial Managers,Science,1.25
11-3031.01,Treasurers and Controllers,Reading Comprehension,4.0
11-3031.01,Treasurers and Controllers,Active Listening,4.0
11-3031.01,Treasurers and Controllers,Speaking,4.0
11-3031.01,Treasurers and Controllers,Mathematics,4.0
11-3031.01,Treasurers and Controllers,Critical Thinking,4.0
11-3031.01,Treasurers and Controllers,Active Learning,3.88
11-3031.01,Treasurers and Controllers,Monitoring,3.88
11-3031.01,Treasurers and Controllers,Writing,3.62
11-3031.01,Treasurers and Controllers,Learning Strategies,3.0
11-3031.01,Treasurers and Controllers,Science,1.0
11-3031.03,Investment Fund Managers,Reading Comprehension,4.0
11-3031.03,Investment Fund Managers,Active Listening,4.0
11-3031.03,Investment Fund Managers,Critical Thinking,4.0
11-3031.03,Investment Fund Managers,Speaking,3.88
11-3031.03,Investment Fund Managers,Active Learning,3.75
11-3031.03,Investment Fund Managers,Writing,3.62
11-3031.03,Investment Fund Managers,Monitoring,3.5
11-3031.03,Investment Fund Managers,Mathematics,3.38
11-3031.03,Investment Fund Managers,Learning Strategies,2.88
11-3031.03,Investment Fund Managers,Science,1.0
11-3051.00,Industrial Production Managers,Speaking,4.0
11-3051.00,Industrial Production Managers,Critical Thinking,4.0
11-3051.00,Industrial Production Managers,Monitoring,4.0
11-3051.00,Industrial Production Managers,Reading Comprehension,3.88
11-3051.00,Industrial Production Managers,Active Listening,3.88
11-3051.00,Industrial Production Managers,Learning Strategies,3.75
11-3051.00,Industrial Production Managers,Active Learning,3.62
11-3051.00,Industrial Production Managers,Writing,3.38
11-3051.00,Industrial Production Managers,Mathematics,3.38
11-3051.00,Industrial Production Managers,Science,1.62
11-3051.01,Quality Control Systems Managers,Reading Comprehension,4.0
11-3051.01,Quality Control Systems Managers,Active Listening,3.88
11-3051.01,Quality Control Systems Managers,Writing,3.88
11-3051.01,Quality Control Systems Managers,Speaking,3.88
11-3051.01,Quality Control Systems Managers,Monitoring,3.88
11-3051.01,Quality Control Systems Managers,Critical Thinking,3.75
11-3051.01,Quality Control Systems Managers,Active Learning,3.62
11-3051.01,Quality Control Systems Managers,Mathematics,3.12
11-3051.01,Quality Control Systems Managers,Learning Strategies,3.12
11-3051.01,Quality Control Systems Managers,Science,2.25
11-3051.02,Geothermal Production Managers,Critical Thinking,4.0
11-3051.02,Geothermal Production Managers,Reading Comprehension,3.88
11-3051.02,Geothermal Production Managers,Speaking,3.88
11-3051.02,Geothermal Production Managers,Monitoring,3.88
11-3051.02,Geothermal Production Managers,Active Listening,3.62
11-3051.02,Geothermal Production Managers,Writing,3.62
11-3051.02,Geothermal Production Managers,Active Learning,3.5
11-3051.02,Geothermal Production Managers,Mathematics,3.25
11-3051.02,Geothermal Production Managers,Learning Strategies,3.25
11-3051.02,Geothermal Production Managers,Science,2.38
11-3051.03,Biofuels Production Managers,Reading Comprehension,3.88
11-3051.03,Biofuels Production Managers,Critical Thinking,3.88
11-3051.03,Biofuels Production Managers,Active Listening,3.75
11-3051.03,Biofuels Production Managers,Monitoring,3.75
11-3051.03,Biofuels Production Managers,Speaking,3.62
11-3051.03,Biofuels Production Managers,Writing,3.5
11-3051.03,Biofuels Production Managers,Learning Strategies,3.38
11-3051.03,Biofuels Production Managers,Active Learning,3.25
11-3051.03,Biofuels Production Managers,Mathematics,3.0
11-3051.03,Biofuels Production Managers,Science,3.0
11-3051.04,Biomass Power Plant Managers,Speaking,4.0
11-3051.04,Biomass Power Plant Managers,Critical Thinking,4.0
11-3051.04,Biomass Power Plant Managers,Reading Comprehension,3.88
11-3051.04,Biomass Power Plant Managers,Active Listening,3.88
11-3051.04,Biomass Power Plant Managers,Monitoring,3.88
11-3051.04,Biomass Power Plant Managers,Writing,3.12
11-3051.04,Biomass Power Plant Managers,Active Learning,3.12
11-3051.04,Biomass Power Plant Managers,Mathematics,3.0
11-3051.04,Biomass Power Plant Managers,Learning Strategies,3.0
11-3051.04,Biomass Power Plant Managers,Science,2.5
11-3051.06,Hydroelectric Production Managers,Active Listening,4.12
11-3051.06,Hydroelectric Production Managers,Speaking,4.12
11-3051.06,Hydroelectric Production Managers,Reading Comprehension,3.88
11-3051.06,Hydroelectric Production Managers,Monitoring,3.88
11-3051.06,Hydroelectric Production Managers,Critical Thinking,3.75
11-3051.06,Hydroelectric Production Managers,Active Learning,3.62
11-3051.06,Hydroelectric Production Managers,Learning Strategies,3.62
11-3051.06,Hydroelectric Production Managers,Writing,3.5
11-3051.06,Hydroelectric Production Managers,Mathematics,3.25
11-3051.06,Hydroelectric Production Managers,Science,3.25
11-3061.00,Purchasing Managers,Active Listening,4.0
11-3061.00,Purchasing Managers,Speaking,4.0
11-3061.00,Purchasing Managers,Reading Comprehension,3.88
11-3061.00,Purchasing Managers,Writing,3.88
11-3061.00,Purchasing Managers,Monitoring,3.88
11-3061.00,Purchasing Managers,Critical Thinking,3.75
11-3061.00,Purchasing Managers,Active Learning,3.25
11-3061.00,Purchasing Managers,Mathematics,3.12
11-3061.00,Purchasing Managers,Learning Strategies,3.0
11-3061.00,Purchasing Managers,Science,1.0
11-3071.00,"Transportation, Storage, and Distribution Managers",Reading Comprehension,3.88
11-3071.00,"Transportation, Storage, and Distribution Managers",Active Listening,3.88
11-3071.00,"Transportation, Storage, and Distribution Managers",Monitoring,3.75
11-3071.00,"Transportation, Storage, and Distribution Managers",Writing,3.62
11-3071.00,"Transportation, Storage, and Distribution Managers",Speaking,3.62
11-3071.00,"Transportation, Storage, and Distribution Managers",Critical Thinking,3.62
11-3071.00,"Transportation, Storage, and Distribution Managers",Active Learning,3.62
11-3071.00,"Transportation, Storage, and Distribution Managers",Learning Strategies,3.38
11-3071.00,"Transportation, Storage, and Distribution Managers",Mathematics,2.75
11-3071.00,"Transportation, Storage, and Distribution Managers",Science,1.0
11-3071.04,Supply Chain Managers,Reading Comprehension,4.0
11-3071.04,Supply Chain Managers,Active Listening,4.0
11-3071.04,Supply Chain Managers,Speaking,4.0
11-3071.04,Supply Chain Managers,Monitoring,4.0
11-3071.04,Supply Chain Managers,Writing,3.88
11-3071.04,Supply Chain Managers,Critical Thinking,3.88
11-3071.04,Supply Chain Managers,Active Learning,3.75
11-3071.04,Supply Chain Managers,Mathematics,3.0
11-3071.04,Supply Chain Managers,Learning Strategies,3.0
11-3071.04,Supply Chain Managers,Science,1.12
11-3111.00,Compensation and Benefits Managers,Reading Comprehension,4.0
11-3111.00,Compensation and Benefits Managers,Active Listening,4.0
11-3111.00,Compensation and Benefits Managers,Writing,4.0
11-3111.00,Compensation and Benefits Managers,Speaking,4.0
11-3111.00,Compensation and Benefits Managers,Critical Thinking,3.88
11-3111.00,Compensation and Benefits Managers,Active Learning,3.75
11-3111.00,Compensation and Benefits Managers,Monitoring,3.38
11-3111.00,Compensation and Benefits Managers,Mathematics,3.0
11-3111.00,Compensation and Benefits Managers,Learning Strategies,3.0
11-3111.00,Compensation and Benefits Managers,Science,1.0
11-3121.00,Human Resources Managers,Active Listening,4.38
11-3121.00,Human Resources Managers,Reading Comprehension,4.25
11-3121.00,Human Resources Managers,Speaking,4.25
11-3121.00,Human Resources Managers,Writing,4.12
11-3121.00,Human Resources Managers,Critical Thinking,4.0
11-3121.00,Human Resources Managers,Active Learning,4.0
11-3121.00,Human Resources Managers,Monitoring,4.0
11-3121.00,Human Resources Managers,Learning Strategies,3.75
11-3121.00,Human Resources Managers,Mathematics,3.0
11-3121.00,Human Resources Managers,Science,1.5
11-3131.00,Training and Development Managers,Learning Strategies,4.25
11-3131.00,Training and Development Managers,Reading Comprehension,4.0
11-3131.00,Training and Development Managers,Active Listening,4.0
11-3131.00,Training and Development Managers,Speaking,4.0
11-3131.00,Training and Development Managers,Writing,3.88
11-3131.00,Training and Development Managers,Monitoring,3.88
11-3131.00,Training and Development Managers,Critical Thinking,3.75
11-3131.00,Training and Development Managers,Active Learning,3.75
11-3131.00,Training and Development Managers,Mathematics,2.88
11-3131.00,Training and Development Managers,Science,1.5
11-9013.00,"Farmers, Ranchers, and Other Agricultural Managers",Active Listening,3.88
11-9013.00,"Farmers, Ranchers, and Other Agricultural Managers",Critical Thinking,3.88
11-9013.00,"Farmers, Ranchers, and Other Agricultural Managers",Reading Comprehension,3.75
11-9013.00,"Farmers, Ranchers, and Other Agricultural Managers",Speaking,3.62
11-9013.00,"Farmers, Ranchers, and Other Agricultural Managers",Active Learning,3.38
11-9013.00,"Farmers, Ranchers, and Other Agricultural Managers",Monitoring,3.38
11-9013.00,"Farmers, Ranchers, and Other Agricultural Managers",Writing,3.25
11-9013.00,"Farmers, Ranchers, and Other Agricultural Managers",Mathematics,2.88
11-9013.00,"Farmers, Ranchers, and Other Agricultural Managers",Learning Strategies,2.88
11-9013.00,"Farmers, Ranchers, and Other Agricultural Managers",Science,2.62
11-9021.00,Construction Managers,Active Listening,4.0
11-9021.00,Construction Managers,Critical Thinking,4.0
11-9021.00,Construction Managers,Reading Comprehension,3.88
11-9021.00,Construction Managers,Speaking,3.88
11-9021.00,Construction Managers,Active Learning,3.88
11-9021.00,Construction Managers,Monitoring,3.88
11-9021.00,Construction Managers,Writing,3.75
11-9021.00,Construction Managers,Mathematics,3.5
11-9021.00,Construction Managers,Learning Strategies,3.12
11-9021.00,Construction Managers,Science,2.12
11-9031.00,"Education and Childcare Administrators, Preschool and Daycare",Reading Comprehension,4.0
11-9031.00,"Education and Childcare Administrators, Preschool and Daycare",Active Listening,4.0
11-9031.00,"Education and Childcare Administrators, Preschool and Daycare",Speaking,4.0
11-9031.00,"Education and Childcare Administrators, Preschool and Daycare",Critical Thinking,4.0
11-9031.00,"Education and Childcare Administrators, Preschool and Daycare",Writing,3.88
11-9031.00,"Education and Childcare Administrators, Preschool and Daycare",Active Learning,3.88
11-9031.00,"Education and Childcare Administrators, Preschool and Daycare",Learning Strategies,3.88
11-9031.00,"Education and Childcare Administrators, Preschool and Daycare",Monitoring,3.88
11-9031.00,"Education and Childcare Administrators, Preschool and Daycare",Mathematics,2.75
11-9031.00,"Education and Childcare Administrators, Preschool and Daycare",Science,1.88
11-9032.00,"Education Administrators, Kindergarten through Secondary",Active Listening,4.88
11-9032.00,"Education Administrators, Kindergarten through Secondary",Learning Strategies,4.88
11-9032.00,"Education Administrators, Kindergarten through Secondary",Reading Comprehension,4.75
11-9032.00,"Education Administrators, Kindergarten through Secondary",Speaking,4.75
11-9032.00,"Education Administrators, Kindergarten through Secondary",Writing,4.62
11-9032.00,"Education Administrators, Kindergarten through Secondary",Critical Thinking,4.62
11-9032.00,"Education Administrators, Kindergarten through Secondary",Active Learning,4.0
11-9032.00,"Education Administrators, Kindergarten through Secondary",Monitoring,4.0
11-9032.00,"Education Administrators, Kindergarten through Secondary",Mathematics,3.0
11-9032.00,"Education Administrators, Kindergarten through Secondary",Science,2.0
11-9033.00,"Education Administrators, Postsecondary",Reading Comprehension,4.12
11-9033.00,"Education Administrators, Postsecondary",Critical Thinking,4.12
11-9033.00,"Education Administrators, Postsecondary",Active Listening,4.0
11-9033.00,"Education Administrators, Postsecondary",Writing,4.0
11-9033.00,"Education Administrators, Postsecondary",Speaking,4.0
11-9033.00,"Education Administrators, Postsecondary",Monitoring,4.0
11-9033.00,"Education Administrators, Postsecondary",Active Learning,3.88
11-9033.00,"Education Administrators, Postsecondary",Learning Strategies,3.75
11-9033.00,"Education Administrators, Postsecondary",Mathematics,2.88
11-9033.00,"Education Administrators, Postsecondary",Science,1.5
11-9041.00,Architectural and Engineering Managers,Reading Comprehension,4.12
11-9041.00,Architectural and Engineering Managers,Active Listening,4.0
11-9041.00,Architectural and Engineering Managers,Writing,4.0
11-9041.00,Architectural and Engineering Managers,Speaking,4.0
11-9041.00,Architectural and Engineering Managers,Mathematics,3.88
11-9041.00,Architectural and Engineering Managers,Critical Thinking,3.88
11-9041.00,Architectural and Engineering Managers,Active Learning,3.88
11-9041.00,Architectural and Engineering Managers,Monitoring,3.75
11-9041.00,Architectural and Engineering Managers,Learning Strategies,3.25
11-9041.00,Architectural and Engineering Managers,Science,2.62
11-9041.01,Biofuels/Biodiesel Technology and Product Development Managers,Reading Comprehension,3.62
11-9041.01,Biofuels/Biodiesel Technology and Product Development Managers,Writing,3.62
11-9041.01,Biofuels/Biodiesel Technology and Product Development Managers,Speaking,3.62
11-9041.01,Biofuels/Biodiesel Technology and Product Development Managers,Critical Thinking,3.62
11-9041.01,Biofuels/Biodiesel Technology and Product Development Managers,Active Listening,3.5
11-9041.01,Biofuels/Biodiesel Technology and Product Development Managers,Active Learning,3.25
11-9041.01,Biofuels/Biodiesel Technology and Product Development Managers,Monitoring,3.25
11-9041.01,Biofuels/Biodiesel Technology and Product Development Managers,Mathematics,3.12
11-9041.01,Biofuels/Biodiesel Technology and Product Development Managers,Science,3.12
11-9041.01,Biofuels/Biodiesel Technology and Product Development Managers,Learning Strategies,2.88
11-9051.00,Food Service Managers,Active Listening,3.88
11-9051.00,Food Service Managers,Speaking,3.88
11-9051.00,Food Service Managers,Monitoring,3.88
11-9051.00,Food Service Managers,Reading Comprehension,3.75
11-9051.00,Food Service Managers,Critical Thinking,3.62
11-9051.00,Food Service Managers,Active Learning,3.12
11-9051.00,Food Service Managers,Learning Strategies,3.12
11-9051.00,Food Service Managers,Writing,3.0
11-9051.00,Food Service Managers,Mathematics,2.88
11-9051.00,Food Service Managers,Science,1.62
11-9071.00,Gambling Managers,Critical Thinking,4.0
11-9071.00,Gambling Managers,Speaking,3.88
11-9071.00,Gambling Managers,Monitoring,3.88
11-9071.00,Gambling Managers,Active Listening,3.75
11-9071.00,Gambling Managers,Writing,3.62
11-9071.00,Gambling Managers,Reading Comprehension,3.5
11-9071.00,Gambling Managers,Active Learning,3.5
11-9071.00,Gambling Managers,Learning Strategies,3.25
11-9071.00,Gambling Managers,Mathematics,3.12
11-9071.00,Gambling Managers,Science,1.62
11-9072.00,"Entertainment and Recreation Managers, Except Gambling",Reading Comprehension,3.88
11-9072.00,"Entertainment and Recreation Managers, Except Gambling",Active Listening,3.88
11-9072.00,"Entertainment and Recreation Managers, Except Gambling",Speaking,3.88
11-9072.00,"Entertainment and Recreation Managers, Except Gambling",Critical Thinking,3.75
11-9072.00,"Entertainment and Recreation Managers, Except Gambling",Monitoring,3.75
11-9072.00,"Entertainment and Recreation Managers, Except Gambling",Writing,3.5
11-9072.00,"Entertainment and Recreation Managers, Except Gambling",Active Learning,3.25
11-9072.00,"Entertainment and Recreation Managers, Except Gambling",Learning Strategies,3.12
11-9072.00,"Entertainment and Recreation Managers, Except Gambling",Mathematics,2.5
11-9072.00,"Entertainment and Recreation Managers, Except Gambling",Science,1.0
11-9081.00,Lodging Managers,Active Listening,4.12
11-9081.00,Lodging Managers,Speaking,4.0
11-9081.00,Lodging Managers,Reading Comprehension,3.88
11-9081.00,Lodging Managers,Writing,3.88
11-9081.00,Lodging Managers,Critical Thinking,3.75
11-9081.00,Lodging Managers,Active Learning,3.75
11-9081.00,Lodging Managers,Monitoring,3.75
11-9081.00,Lodging Managers,Learning Strategies,3.38
11-9081.00,Lodging Managers,Mathematics,2.62
11-9081.00,Lodging Managers,Science,1.0
11-9111.00,Medical and Health Services Managers,Speaking,4.12
11-9111.00,Medical and Health Services Managers,Critical Thinking,4.12
11-9111.00,Medical and Health Services Managers,Reading Comprehension,4.0
11-9111.00,Medical and Health Services Managers,Active Listening,4.0
11-9111.00,Medical and Health Services Managers,Writing,4.0
11-9111.00,Medical and Health Services Managers,Monitoring,4.0
11-9111.00,Medical and Health Services Managers,Active Learning,3.88
11-9111.00,Medical and Health Services Managers,Learning Strategies,3.25
11-9111.00,Medical and Health Services Managers,Mathematics,2.75
11-9111.00,Medical and Health Services Managers,Science,2.5
11-9121.00,Natural Sciences Managers,Science,4.12
11-9121.00,Natural Sciences Managers,Reading Comprehension,4.0
11-9121.00,Natural Sciences Managers,Active Listening,4.0
11-9121.00,Natural Sciences Managers,Critical Thinking,4.0
11-9121.00,Natural Sciences Managers,Monitoring,4.0
11-9121.00,Natural Sciences Managers,Writing,3.88
11-9121.00,Natural Sciences Managers,Speaking,3.88
11-9121.00,Natural Sciences Managers,Active Learning,3.5
11-9121.00,Natural Sciences Managers,Learning Strategies,3.5
11-9121.00,Natural Sciences Managers,Mathematics,3.12
11-9121.01,Clinical Research Coordinators,Reading Comprehension,4.0
11-9121.01,Clinical Research Coordinators,Active Listening,4.0
11-9121.01,Clinical Research Coordinators,Writing,4.0
11-9121.01,Clinical Research Coordinators,Speaking,3.88
11-9121.01,Clinical Research Coordinators,Critical Thinking,3.75
11-9121.01,Clinical Research Coordinators,Monitoring,3.62
11-9121.01,Clinical Research Coordinators,Active Learning,3.38
11-9121.01,Clinical Research Coordinators,Learning Strategies,3.12
11-9121.01,Clinical Research Coordinators,Science,3.0
11-9121.01,Clinical Research Coordinators,Mathematics,2.88
11-9121.02,Water Resource Specialists,Reading Comprehension,4.0
11-9121.02,Water Resource Specialists,Active Listening,4.0
11-9121.02,Water Resource Specialists,Writing,4.0
11-9121.02,Water Resource Specialists,Speaking,4.0
11-9121.02,Water Resource Specialists,Critical Thinking,4.0
11-9121.02,Water Resource Specialists,Mathematics,3.25
11-9121.02,Water Resource Specialists,Active Learning,3.25
11-9121.02,Water Resource Specialists,Monitoring,3.25
11-9121.02,Water Resource Specialists,Learning Strategies,3.12
11-9121.02,Water Resource Specialists,Science,3.0
11-9131.00,Postmasters and Mail Superintendents,Reading Comprehension,4.0
11-9131.00,Postmasters and Mail Superintendents,Active Listening,4.0
11-9131.00,Postmasters and Mail Superintendents,Speaking,4.0
11-9131.00,Postmasters and Mail Superintendents,Critical Thinking,3.75
11-9131.00,Postmasters and Mail Superintendents,Monitoring,3.75
11-9131.00,Postmasters and Mail Superintendents,Learning Strategies,3.38
11-9131.00,Postmasters and Mail Superintendents,Writing,3.25
11-9131.00,Postmasters and Mail Superintendents,Active Learning,3.25
11-9131.00,Postmasters and Mail Superintendents,Mathematics,2.75
11-9131.00,Postmasters and Mail Superintendents,Science,1.5
11-9141.00,"Property, Real Estate, and Community Association Managers",Reading Comprehension,4.0
11-9141.00,"Property, Real Estate, and Community Association Managers",Speaking,4.0
11-9141.00,"Property, Real Estate, and Community Association Managers",Active Listening,3.88
11-9141.00,"Property, Real Estate, and Community Association Managers",Critical Thinking,3.88
11-9141.00,"Property, Real Estate, and Community Association Managers",Writing,3.75
11-9141.00,"Property, Real Estate, and Community Association Managers",Monitoring,3.38
11-9141.00,"Property, Real Estate, and Community Association Managers",Active Learning,3.12
11-9141.00,"Property, Real Estate, and Community Association Managers",Mathematics,3.0
11-9141.00,"Property, Real Estate, and Community Association Managers",Learning Strategies,2.75
11-9141.00,"Property, Real Estate, and Community Association Managers",Science,1.12
11-9151.00,Social and Community Service Managers,Active Listening,3.88
11-9151.00,Social and Community Service Managers,Critical Thinking,3.88
11-9151.00,Social and Community Service Managers,Active Learning,3.88
11-9151.00,Social and Community Service Managers,Monitoring,3.88
11-9151.00,Social and Community Service Managers,Reading Comprehension,3.75
11-9151.00,Social and Community Service Managers,Writing,3.75
11-9151.00,Social and Community Service Managers,Speaking,3.75
11-9151.00,Social and Community Service Managers,Learning Strategies,3.62
11-9151.00,Social and Community Service Managers,Mathematics,2.62
11-9151.00,Social and Community Service Managers,Science,2.25
11-9161.00,Emergency Management Directors,Speaking,4.12
11-9161.00,Emergency Management Directors,Reading Comprehension,4.0
11-9161.00,Emergency Management Directors,Active Listening,4.0
11-9161.00,Emergency Management Directors,Writing,4.0
11-9161.00,Emergency Management Directors,Critical Thinking,4.0
11-9161.00,Emergency Management Directors,Monitoring,4.0
11-9161.00,Emergency Management Directors,Learning Strategies,3.88
11-9161.00,Emergency Management Directors,Active Learning,3.75
11-9161.00,Emergency Management Directors,Mathematics,3.0
11-9161.00,Emergency Management Directors,Science,1.88
11-9171.00,Funeral Home Managers,Active Listening,3.88
11-9171.00,Funeral Home Managers,Reading Comprehension,3.62
11-9171.00,Funeral Home Managers,Speaking,3.5
11-9171.00,Funeral Home Managers,Critical Thinking,3.5
11-9171.00,Funeral Home Managers,Monitoring,3.38
11-9171.00,Funeral Home Managers,Writing,3.12
11-9171.00,Funeral Home Managers,Active Learning,2.88
11-9171.00,Funeral Home Managers,Learning Strategies,2.88
11-9171.00,Funeral Home Managers,Mathematics,2.62
11-9171.00,Funeral Home Managers,Science,1.5
11-9179.01,Fitness and Wellness Coordinators,Speaking,3.88
11-9179.01,Fitness and Wellness Coordinators,Active Listening,3.75
11-9179.01,Fitness and Wellness Coordinators,Reading Comprehension,3.62
11-9179.01,Fitness and Wellness Coordinators,Critical Thinking,3.62
11-9179.01,Fitness and Wellness Coordinators,Writing,3.5
11-9179.01,Fitness and Wellness Coordinators,Active Learning,3.38
11-9179.01,Fitness and Wellness Coordinators,Learning Strategies,3.38
11-9179.01,Fitness and Wellness Coordinators,Monitoring,3.38
11-9179.01,Fitness and Wellness Coordinators,Mathematics,2.12
11-9179.01,Fitness and Wellness Coordinators,Science,1.75
11-9179.02,Spa Managers,Speaking,4.0
11-9179.02,Spa Managers,Monitoring,4.0
11-9179.02,Spa Managers,Active Listening,3.88
11-9179.02,Spa Managers,Critical Thinking,3.88
11-9179.02,Spa Managers,Active Learning,3.62
11-9179.02,Spa Managers,Reading Comprehension,3.38
11-9179.02,Spa Managers,Learning Strategies,3.38
11-9179.02,Spa Managers,Writing,3.0
11-9179.02,Spa Managers,Mathematics,3.0
11-9179.02,Spa Managers,Science,1.0
11-9199.01,Regulatory Affairs Managers,Writing,4.25
11-9199.01,Regulatory Affairs Managers,Reading Comprehension,4.12
11-9199.01,Regulatory Affairs Managers,Active Listening,4.0
11-9199.01,Regulatory Affairs Managers,Speaking,4.0
11-9199.01,Regulatory Affairs Managers,Critical Thinking,3.88
11-9199.01,Regulatory Affairs Managers,Monitoring,3.62
11-9199.01,Regulatory Affairs Managers,Active Learning,3.5
11-9199.01,Regulatory Affairs Managers,Learning Strategies,3.0
11-9199.01,Regulatory Affairs Managers,Mathematics,2.38
11-9199.01,Regulatory Affairs Managers,Science,2.38
11-9199.02,Compliance Managers,Reading Comprehension,4.0
11-9199.02,Compliance Managers,Critical Thinking,4.0
11-9199.02,Compliance Managers,Active Listening,3.88
11-9199.02,Compliance Managers,Writing,3.88
11-9199.02,Compliance Managers,Speaking,3.88
11-9199.02,Compliance Managers,Active Learning,3.75
11-9199.02,Compliance Managers,Monitoring,3.75
11-9199.02,Compliance Managers,Learning Strategies,3.25
11-9199.02,Compliance Managers,Mathematics,2.12
11-9199.02,Compliance Managers,Science,1.38
11-9199.08,Loss Prevention Managers,Reading Comprehension,4.0
11-9199.08,Loss Prevention Managers,Active Listening,4.0
11-9199.08,Loss Prevention Managers,Speaking,4.0
11-9199.08,Loss Prevention Managers,Critical Thinking,3.88
11-9199.08,Loss Prevention Managers,Monitoring,3.88
11-9199.08,Loss Prevention Managers,Writing,3.75
11-9199.08,Loss Prevention Managers,Active Learning,3.75
11-9199.08,Loss Prevention Managers,Learning Strategies,3.25
11-9199.08,Loss Prevention Managers,Mathematics,2.75
11-9199.08,Loss Prevention Managers,Science,1.0
11-9199.09,Wind Energy Operations Managers,Active Listening,4.0
11-9199.09,Wind Energy Operations Managers,Reading Comprehension,3.88
11-9199.09,Wind Energy Operations Managers,Speaking,3.88
11-9199.09,Wind Energy Operations Managers,Critical Thinking,3.88
11-9199.09,Wind Energy Operations Managers,Monitoring,3.88
11-9199.09,Wind Energy Operations Managers,Writing,3.75
11-9199.09,Wind Energy Operations Managers,Mathematics,3.0
11-9199.09,Wind Energy Operations Managers,Active Learning,3.0
11-9199.09,Wind Energy Operations Managers,Learning Strategies,3.0
11-9199.09,Wind Energy Operations Managers,Science,2.0
11-9199.10,Wind Energy Development Managers,Critical Thinking,4.0
11-9199.10,Wind Energy Development Managers,Reading Comprehension,3.88
11-9199.10,Wind Energy Development Managers,Writing,3.88
11-9199.10,Wind Energy Development Managers,Speaking,3.88
11-9199.10,Wind Energy Development Managers,Active Listening,3.75
11-9199.10,Wind Energy Development Managers,Monitoring,3.5
11-9199.10,Wind Energy Development Managers,Active Learning,3.38
11-9199.10,Wind Energy Development Managers,Mathematics,3.0
11-9199.10,Wind Energy Development Managers,Learning Strategies,2.75
11-9199.10,Wind Energy Development Managers,Science,1.75
11-9199.11,Brownfield Redevelopment Specialists and Site Managers,Reading Comprehension,4.0
11-9199.11,Brownfield Redevelopment Specialists and Site Managers,Speaking,4.0
11-9199.11,Brownfield Redevelopment Specialists and Site Managers,Critical Thinking,4.0
11-9199.11,Brownfield Redevelopment Specialists and Site Managers,Monitoring,4.0
11-9199.11,Brownfield Redevelopment Specialists and Site Managers,Active Listening,3.88
11-9199.11,Brownfield Redevelopment Specialists and Site Managers,Writing,3.88
11-9199.11,Brownfield Redevelopment Specialists and Site Managers,Mathematics,3.62
11-9199.11,Brownfield Redevelopment Specialists and Site Managers,Active Learning,3.25
11-9199.11,Brownfield Redevelopment Specialists and Site Managers,Science,3.0
11-9199.11,Brownfield Redevelopment Specialists and Site Managers,Learning Strategies,3.0
13-1011.00,"Agents and Business Managers of Artists, Performers, and Athletes",Reading Comprehension,4.0
13-1011.00,"Agents and Business Managers of Artists, Performers, and Athletes",Active Listening,4.0
13-1011.00,"Agents and Business Managers of Artists, Performers, and Athletes",Speaking,4.0
13-1011.00,"Agents and Business Managers of Artists, Performers, and Athletes",Critical Thinking,3.75
13-1011.00,"Agents and Business Managers of Artists, Performers, and Athletes",Writing,3.62
13-1011.00,"Agents and Business Managers of Artists, Performers, and Athletes",Active Learning,3.5
13-1011.00,"Agents and Business Managers of Artists, Performers, and Athletes",Monitoring,2.88
13-1011.00,"Agents and Business Managers of Artists, Performers, and Athletes",Learning Strategies,2.62
13-1011.00,"Agents and Business Managers of Artists, Performers, and Athletes",Mathematics,2.12
13-1011.00,"Agents and Business Managers of Artists, Performers, and Athletes",Science,1.62
13-1021.00,"Buyers and Purchasing Agents, Farm Products",Active Listening,3.88
13-1021.00,"Buyers and Purchasing Agents, Farm Products",Critical Thinking,3.88
13-1021.00,"Buyers and Purchasing Agents, Farm Products",Speaking,3.75
13-1021.00,"Buyers and Purchasing Agents, Farm Products",Reading Comprehension,3.5
13-1021.00,"Buyers and Purchasing Agents, Farm Products",Writing,3.25
13-1021.00,"Buyers and Purchasing Agents, Farm Products",Monitoring,3.12
13-1021.00,"Buyers and Purchasing Agents, Farm Products",Active Learning,3.0
13-1021.00,"Buyers and Purchasing Agents, Farm Products",Mathematics,2.88
13-1021.00,"Buyers and Purchasing Agents, Farm Products",Learning Strategies,2.5
13-1021.00,"Buyers and Purchasing Agents, Farm Products",Science,1.5
13-1022.00,"Wholesale and Retail Buyers, Except Farm Products",Critical Thinking,4.0
13-1022.00,"Wholesale and Retail Buyers, Except Farm Products",Active Listening,3.88
13-1022.00,"Wholesale and Retail Buyers, Except Farm Products",Speaking,3.88
13-1022.00,"Wholesale and Retail Buyers, Except Farm Products",Reading Comprehension,3.62
13-1022.00,"Wholesale and Retail Buyers, Except Farm Products",Active Learning,3.38
13-1022.00,"Wholesale and Retail Buyers, Except Farm Products",Monitoring,3.38
13-1022.00,"Wholesale and Retail Buyers, Except Farm Products",Writing,3.12
13-1022.00,"Wholesale and Retail Buyers, Except Farm Products",Mathematics,3.12
13-1022.00,"Wholesale and Retail Buyers, Except Farm Products",Learning Strategies,2.88
13-1022.00,"Wholesale and Retail Buyers, Except Farm Products",Science,1.25
13-1023.00,"Purchasing Agents, Except Wholesale, Retail, and Farm Products",Reading Comprehension,4.12
13-1023.00,"Purchasing Agents, Except Wholesale, Retail, and Farm Products",Active Listening,4.0
13-1023.00,"Purchasing Agents, Except Wholesale, Retail, and Farm Products",Writing,4.0
13-1023.00,"Purchasing Agents, Except Wholesale, Retail, and Farm Products",Speaking,4.0
13-1023.00,"Purchasing Agents, Except Wholesale, Retail, and Farm Products",Critical Thinking,3.88
13-1023.00,"Purchasing Agents, Except Wholesale, Retail, and Farm Products",Active Learning,3.88
13-1023.00,"Purchasing Agents, Except Wholesale, Retail, and Farm Products",Monitoring,3.75
13-1023.00,"Purchasing Agents, Except Wholesale, Retail, and Farm Products",Mathematics,3.0
13-1023.00,"Purchasing Agents, Except Wholesale, Retail, and Farm Products",Learning Strategies,3.0
13-1023.00,"Purchasing Agents, Except Wholesale, Retail, and Farm Products",Science,1.12
13-1031.00,"Claims Adjusters, Examiners, and Investigators",Reading Comprehension,4.12
13-1031.00,"Claims Adjusters, Examiners, and Investigators",Active Listening,4.0
13-1031.00,"Claims Adjusters, Examiners, and Investigators",Critical Thinking,4.0
13-1031.00,"Claims Adjusters, Examiners, and Investigators",Speaking,3.88
13-1031.00,"Claims Adjusters, Examiners, and Investigators",Writing,3.62
13-1031.00,"Claims Adjusters, Examiners, and Investigators",Monitoring,3.38
13-1031.00,"Claims Adjusters, Examiners, and Investigators",Active Learning,3.25
13-1031.00,"Claims Adjusters, Examiners, and Investigators",Mathematics,2.88
13-1031.00,"Claims Adjusters, Examiners, and Investigators",Learning Strategies,2.5
13-1031.00,"Claims Adjusters, Examiners, and Investigators",Science,1.38
13-1032.00,"Insurance Appraisers, Auto Damage",Writing,3.75
13-1032.00,"Insurance Appraisers, Auto Damage",Speaking,3.75
13-1032.00,"Insurance Appraisers, Auto Damage",Reading Comprehension,3.5
13-1032.00,"Insurance Appraisers, Auto Damage",Active Listening,3.5
13-1032.00,"Insurance Appraisers, Auto Damage",Critical Thinking,3.38
13-1032.00,"Insurance Appraisers, Auto Damage",Active Learning,2.88
13-1032.00,"Insurance Appraisers, Auto Damage",Mathematics,2.62
13-1032.00,"Insurance Appraisers, Auto Damage",Monitoring,2.5
13-1032.00,"Insurance Appraisers, Auto Damage",Learning Strategies,2.12
13-1032.00,"Insurance Appraisers, Auto Damage",Science,1.12
13-1041.00,Compliance Officers,Reading Comprehension,4.0
13-1041.00,Compliance Officers,Speaking,3.88
13-1041.00,Compliance Officers,Active Listening,3.75
13-1041.00,Compliance Officers,Writing,3.75
13-1041.00,Compliance Officers,Critical Thinking,3.5
13-1041.00,Compliance Officers,Monitoring,3.38
13-1041.00,Compliance Officers,Active Learning,3.0
13-1041.00,Compliance Officers,Learning Strategies,2.88
13-1041.00,Compliance Officers,Mathematics,2.12
13-1041.00,Compliance Officers,Science,1.0
13-1041.01,Environmental Compliance Inspectors,Reading Comprehension,4.0
13-1041.01,Environmental Compliance Inspectors,Critical Thinking,4.0
13-1041.01,Environmental Compliance Inspectors,Active Listening,3.88
13-1041.01,Environmental Compliance Inspectors,Writing,3.88
13-1041.01,Environmental Compliance Inspectors,Speaking,3.88
13-1041.01,Environmental Compliance Inspectors,Active Learning,3.75
13-1041.01,Environmental Compliance Inspectors,Monitoring,3.75
13-1041.01,Environmental Compliance Inspectors,Mathematics,3.0
13-1041.01,Environmental Compliance Inspectors,Science,3.0
13-1041.01,Environmental Compliance Inspectors,Learning Strategies,3.0
13-1041.03,Equal Opportunity Representatives and Officers,Active Listening,4.25
13-1041.03,Equal Opportunity Representatives and Officers,Reading Comprehension,4.12
13-1041.03,Equal Opportunity Representatives and Officers,Speaking,4.0
13-1041.03,Equal Opportunity Representatives and Officers,Critical Thinking,4.0
13-1041.03,Equal Opportunity Representatives and Officers,Writing,3.88
13-1041.03,Equal Opportunity Representatives and Officers,Active Learning,3.75
13-1041.03,Equal Opportunity Representatives and Officers,Monitoring,3.38
13-1041.03,Equal Opportunity Representatives and Officers,Learning Strategies,3.0
13-1041.03,Equal Opportunity Representatives and Officers,Mathematics,2.5
13-1041.03,Equal Opportunity Representatives and Officers,Science,1.62
13-1041.04,Government Property Inspectors and Investigators,Active Listening,4.12
13-1041.04,Government Property Inspectors and Investigators,Reading Comprehension,4.0
13-1041.04,Government Property Inspectors and Investigators,Writing,4.0
13-1041.04,Government Property Inspectors and Investigators,Speaking,4.0
13-1041.04,Government Property Inspectors and Investigators,Critical Thinking,4.0
13-1041.04,Government Property Inspectors and Investigators,Active Learning,3.5
13-1041.04,Government Property Inspectors and Investigators,Monitoring,3.38
13-1041.04,Government Property Inspectors and Investigators,Learning Strategies,3.0
13-1041.04,Government Property Inspectors and Investigators,Mathematics,2.88
13-1041.04,Government Property Inspectors and Investigators,Science,1.88
13-1041.06,Coroners,Speaking,4.12
13-1041.06,Coroners,Critical Thinking,4.12
13-1041.06,Coroners,Reading Comprehension,4.0
13-1041.06,Coroners,Active Listening,3.88
13-1041.06,Coroners,Writing,3.62
13-1041.06,Coroners,Active Learning,3.38
13-1041.06,Coroners,Science,3.25
13-1041.06,Coroners,Monitoring,3.25
13-1041.06,Coroners,Learning Strategies,3.12
13-1041.06,Coroners,Mathematics,2.62
13-1041.07,Regulatory Affairs Specialists,Reading Comprehension,4.0
13-1041.07,Regulatory Affairs Specialists,Active Listening,4.0
13-1041.07,Regulatory Affairs Specialists,Writing,4.0
13-1041.07,Regulatory Affairs Specialists,Speaking,4.0
13-1041.07,Regulatory Affairs Specialists,Critical Thinking,4.0
13-1041.07,Regulatory Affairs Specialists,Active Learning,3.75
13-1041.07,Regulatory Affairs Specialists,Monitoring,3.25
13-1041.07,Regulatory Affairs Specialists,Learning Strategies,3.0
13-1041.07,Regulatory Affairs Specialists,Mathematics,2.88
13-1041.07,Regulatory Affairs Specialists,Science,1.38
13-1041.08,Customs Brokers,Reading Comprehension,4.0
13-1041.08,Customs Brokers,Active Listening,4.0
13-1041.08,Customs Brokers,Speaking,3.88
13-1041.08,Customs Brokers,Writing,3.75
13-1041.08,Customs Brokers,Critical Thinking,3.75
13-1041.08,Customs Brokers,Active Learning,3.25
13-1041.08,Customs Brokers,Monitoring,3.12
13-1041.08,Customs Brokers,Learning Strategies,3.0
13-1041.08,Customs Brokers,Mathematics,2.88
13-1041.08,Customs Brokers,Science,1.12
13-1051.00,Cost Estimators,Reading Comprehension,4.0
13-1051.00,Cost Estimators,Mathematics,4.0
13-1051.00,Cost Estimators,Speaking,3.88
13-1051.00,Cost Estimators,Active Listening,3.75
13-1051.00,Cost Estimators,Critical Thinking,3.75
13-1051.00,Cost Estimators,Writing,3.5
13-1051.00,Cost Estimators,Active Learning,3.25
13-1051.00,Cost Estimators,Monitoring,3.0
13-1051.00,Cost Estimators,Learning Strategies,2.88
13-1051.00,Cost Estimators,Science,1.38
13-1071.00,Human Resources Specialists,Speaking,4.12
13-1071.00,Human Resources Specialists,Reading Comprehension,4.0
13-1071.00,Human Resources Specialists,Active Listening,4.0
13-1071.00,Human Resources Specialists,Writing,3.88
13-1071.00,Human Resources Specialists,Critical Thinking,3.88
13-1071.00,Human Resources Specialists,Active Learning,3.25
13-1071.00,Human Resources Specialists,Learning Strategies,3.0
13-1071.00,Human Resources Specialists,Monitoring,3.0
13-1071.00,Human Resources Specialists,Mathematics,2.0
13-1071.00,Human Resources Specialists,Science,1.12
13-1074.00,Farm Labor Contractors,Speaking,3.38
13-1074.00,Farm Labor Contractors,Active Listening,3.12
13-1074.00,Farm Labor Contractors,Critical Thinking,3.0
13-1074.00,Farm Labor Contractors,Monitoring,3.0
13-1074.00,Farm Labor Contractors,Reading Comprehension,2.75
13-1074.00,Farm Labor Contractors,Writing,2.75
13-1074.00,Farm Labor Contractors,Active Learning,2.5
13-1074.00,Farm Labor Contractors,Learning Strategies,2.38
13-1074.00,Farm Labor Contractors,Mathematics,2.0
13-1074.00,Farm Labor Contractors,Science,1.12
13-1075.00,Labor Relations Specialists,Active Listening,4.38
13-1075.00,Labor Relations Specialists,Speaking,4.25
13-1075.00,Labor Relations Specialists,Reading Comprehension,4.0
13-1075.00,Labor Relations Specialists,Writing,4.0
13-1075.00,Labor Relations Specialists,Critical Thinking,4.0
13-1075.00,Labor Relations Specialists,Active Learning,3.5
13-1075.00,Labor Relations Specialists,Monitoring,3.38
13-1075.00,Labor Relations Specialists,Learning Strategies,3.0
13-1075.00,Labor Relations Specialists,Mathematics,2.38
13-1075.00,Labor Relations Specialists,Science,1.0
13-1081.00,Logisticians,Critical Thinking,4.0
13-1081.00,Logisticians,Reading Comprehension,3.88
13-1081.00,Logisticians,Active Listening,3.88
13-1081.00,Logisticians,Speaking,3.88
13-1081.00,Logisticians,Monitoring,3.88
13-1081.00,Logisticians,Active Learning,3.5
13-1081.00,Logisticians,Writing,3.38
13-1081.00,Logisticians,Mathematics,3.0
13-1081.00,Logisticians,Learning Strategies,3.0
13-1081.00,Logisticians,Science,1.75
13-1081.01,Logistics Engineers,Writing,4.12
13-1081.01,Logistics Engineers,Reading Comprehension,4.0
13-1081.01,Logistics Engineers,Active Listening,4.0
13-1081.01,Logistics Engineers,Mathematics,4.0
13-1081.01,Logistics Engineers,Active Learning,4.0
13-1081.01,Logistics Engineers,Speaking,3.88
13-1081.01,Logistics Engineers,Critical Thinking,3.88
13-1081.01,Logistics Engineers,Monitoring,3.38
13-1081.01,Logistics Engineers,Learning Strategies,3.12
13-1081.01,Logistics Engineers,Science,2.62
13-1081.02,Logistics Analysts,Reading Comprehension,4.0
13-1081.02,Logistics Analysts,Critical Thinking,4.0
13-1081.02,Logistics Analysts,Active Listening,3.88
13-1081.02,Logistics Analysts,Speaking,3.75
13-1081.02,Logistics Analysts,Monitoring,3.75
13-1081.02,Logistics Analysts,Writing,3.38
13-1081.02,Logistics Analysts,Active Learning,3.12
13-1081.02,Logistics Analysts,Mathematics,3.0
13-1081.02,Logistics Analysts,Learning Strategies,2.75
13-1081.02,Logistics Analysts,Science,1.75
13-1082.00,Project Management Specialists,Active Listening,3.75
13-1082.00,Project Management Specialists,Critical Thinking,3.75
13-1082.00,Project Management Specialists,Writing,3.62
13-1082.00,Project Management Specialists,Monitoring,3.62
13-1082.00,Project Management Specialists,Reading Comprehension,3.5
13-1082.00,Project Management Specialists,Speaking,3.5
13-1082.00,Project Management Specialists,Active Learning,3.5
13-1082.00,Project Management Specialists,Learning Strategies,3.0
13-1082.00,Project Management Specialists,Mathematics,2.75
13-1082.00,Project Management Specialists,Science,1.38
13-1111.00,Management Analysts,Reading Comprehension,4.12
13-1111.00,Management Analysts,Active Listening,4.12
13-1111.00,Management Analysts,Critical Thinking,4.12
13-1111.00,Management Analysts,Writing,4.0
13-1111.00,Management Analysts,Speaking,4.0
13-1111.00,Management Analysts,Monitoring,3.88
13-1111.00,Management Analysts,Active Learning,3.25
13-1111.00,Management Analysts,Mathematics,3.0
13-1111.00,Management Analysts,Learning Strategies,3.0
13-1111.00,Management Analysts,Science,1.88
13-1121.00,"Meeting, Convention, and Event Planners",Reading Comprehension,4.0
13-1121.00,"Meeting, Convention, and Event Planners",Active Listening,4.0
13-1121.00,"Meeting, Convention, and Event Planners",Speaking,4.0
13-1121.00,"Meeting, Convention, and Event Planners",Critical Thinking,3.88
13-1121.00,"Meeting, Convention, and Event Planners",Writing,3.5
13-1121.00,"Meeting, Convention, and Event Planners",Monitoring,3.5
13-1121.00,"Meeting, Convention, and Event Planners",Active Learning,3.38
13-1121.00,"Meeting, Convention, and Event Planners",Mathematics,2.5
13-1121.00,"Meeting, Convention, and Event Planners",Learning Strategies,2.38
13-1121.00,"Meeting, Convention, and Event Planners",Science,1.25
13-1131.00,Fundraisers,Speaking,4.12
13-1131.00,Fundraisers,Reading Comprehension,4.0
13-1131.00,Fundraisers,Active Listening,4.0
13-1131.00,Fundraisers,Writing,4.0
13-1131.00,Fundraisers,Critical Thinking,3.88
13-1131.00,Fundraisers,Active Learning,3.25
13-1131.00,Fundraisers,Monitoring,3.12
13-1131.00,Fundraisers,Mathematics,3.0
13-1131.00,Fundraisers,Learning Strategies,2.88
13-1131.00,Fundraisers,Science,1.38
13-1141.00,"Compensation, Benefits, and Job Analysis Specialists",Reading Comprehension,3.88
13-1141.00,"Compensation, Benefits, and Job Analysis Specialists",Active Listening,3.88
13-1141.00,"Compensation, Benefits, and Job Analysis Specialists",Speaking,3.88
13-1141.00,"Compensation, Benefits, and Job Analysis Specialists",Critical Thinking,3.75
13-1141.00,"Compensation, Benefits, and Job Analysis Specialists",Writing,3.38
13-1141.00,"Compensation, Benefits, and Job Analysis Specialists",Active Learning,3.38
13-1141.00,"Compensation, Benefits, and Job Analysis Specialists",Mathematics,3.12
13-1141.00,"Compensation, Benefits, and Job Analysis Specialists",Monitoring,3.12
13-1141.00,"Compensation, Benefits, and Job Analysis Specialists",Learning Strategies,2.88
13-1141.00,"Compensation, Benefits, and Job Analysis Specialists",Science,1.88
13-1151.00,Training and Development Specialists,Speaking,4.38
13-1151.00,Training and Development Specialists,Learning Strategies,4.12
13-1151.00,Training and Development Specialists,Active Listening,4.0
13-1151.00,Training and Development Specialists,Reading Comprehension,3.88
13-1151.00,Training and Development Specialists,Writing,3.88
13-1151.00,Training and Development Specialists,Critical Thinking,3.88
13-1151.00,Training and Development Specialists,Active Learning,3.88
13-1151.00,Training and Development Specialists,Monitoring,3.88
13-1151.00,Training and Development Specialists,Mathematics,2.38
13-1151.00,Training and Development Specialists,Science,1.62
13-1161.00,Market Research Analysts and Marketing Specialists,Reading Comprehension,4.0
13-1161.00,Market Research Analysts and Marketing Specialists,Active Listening,4.0
13-1161.00,Market Research Analysts and Marketing Specialists,Writing,4.0
13-1161.00,Market Research Analysts and Marketing Specialists,Critical Thinking,4.0
13-1161.00,Market Research Analysts and Marketing Specialists,Speaking,3.88
13-1161.00,Market Research Analysts and Marketing Specialists,Active Learning,3.75
13-1161.00,Market Research Analysts and Marketing Specialists,Mathematics,3.12
13-1161.00,Market Research Analysts and Marketing Specialists,Monitoring,3.12
13-1161.00,Market Research Analysts and Marketing Specialists,Learning Strategies,2.88
13-1161.00,Market Research Analysts and Marketing Specialists,Science,2.0
13-1161.01,Search Marketing Strategists,Reading Comprehension,3.88
13-1161.01,Search Marketing Strategists,Active Listening,3.75
13-1161.01,Search Marketing Strategists,Critical Thinking,3.75
13-1161.01,Search Marketing Strategists,Active Learning,3.75
13-1161.01,Search Marketing Strategists,Speaking,3.62
13-1161.01,Search Marketing Strategists,Writing,3.5
13-1161.01,Search Marketing Strategists,Monitoring,3.38
13-1161.01,Search Marketing Strategists,Learning Strategies,2.88
13-1161.01,Search Marketing Strategists,Mathematics,2.75
13-1161.01,Search Marketing Strategists,Science,1.25
13-1199.04,Business Continuity Planners,Active Listening,4.12
13-1199.04,Business Continuity Planners,Critical Thinking,4.12
13-1199.04,Business Continuity Planners,Reading Comprehension,4.0
13-1199.04,Business Continuity Planners,Writing,4.0
13-1199.04,Business Continuity Planners,Speaking,4.0
13-1199.04,Business Continuity Planners,Active Learning,4.0
13-1199.04,Business Continuity Planners,Monitoring,3.62
13-1199.04,Business Continuity Planners,Learning Strategies,3.25
13-1199.04,Business Continuity Planners,Mathematics,2.88
13-1199.04,Business Continuity Planners,Science,1.0
13-1199.05,Sustainability Specialists,Reading Comprehension,4.0
13-1199.05,Sustainability Specialists,Writing,4.0
13-1199.05,Sustainability Specialists,Speaking,4.0
13-1199.05,Sustainability Specialists,Active Listening,3.88
13-1199.05,Sustainability Specialists,Critical Thinking,3.88
13-1199.05,Sustainability Specialists,Monitoring,3.5
13-1199.05,Sustainability Specialists,Active Learning,3.25
13-1199.05,Sustainability Specialists,Learning Strategies,3.12
13-1199.05,Sustainability Specialists,Mathematics,2.88
13-1199.05,Sustainability Specialists,Science,2.25
13-1199.06,Online Merchants,Reading Comprehension,3.62
13-1199.06,Online Merchants,Active Listening,3.5
13-1199.06,Online Merchants,Speaking,3.5
13-1199.06,Online Merchants,Critical Thinking,3.5
13-1199.06,Online Merchants,Writing,3.38
13-1199.06,Online Merchants,Monitoring,3.12
13-1199.06,Online Merchants,Mathematics,3.0
13-1199.06,Online Merchants,Active Learning,2.88
13-1199.06,Online Merchants,Learning Strategies,2.38
13-1199.06,Online Merchants,Science,1.25
13-1199.07,Security Management Specialists,Active Listening,4.12
13-1199.07,Security Management Specialists,Speaking,4.0
13-1199.07,Security Management Specialists,Critical Thinking,4.0
13-1199.07,Security Management Specialists,Reading Comprehension,3.88
13-1199.07,Security Management Specialists,Writing,3.62
13-1199.07,Security Management Specialists,Monitoring,3.62
13-1199.07,Security Management Specialists,Active Learning,3.25
13-1199.07,Security Management Specialists,Learning Strategies,3.0
13-1199.07,Security Management Specialists,Mathematics,2.5
13-1199.07,Security Management Specialists,Science,1.5
13-2011.00,Accountants and Auditors,Reading Comprehension,3.88
13-2011.00,Accountants and Auditors,Active Listening,3.5
13-2011.00,Accountants and Auditors,Writing,3.5
13-2011.00,Accountants and Auditors,Critical Thinking,3.5
13-2011.00,Accountants and Auditors,Speaking,3.38
13-2011.00,Accountants and Auditors,Mathematics,3.38
13-2011.00,Accountants and Auditors,Active Learning,3.25
13-2011.00,Accountants and Auditors,Monitoring,3.25
13-2011.00,Accountants and Auditors,Learning Strategies,2.75
13-2011.00,Accountants and Auditors,Science,1.25
13-2022.00,Appraisers of Personal and Business Property,Reading Comprehension,3.88
13-2022.00,Appraisers of Personal and Business Property,Critical Thinking,3.62
13-2022.00,Appraisers of Personal and Business Property,Writing,3.5
13-2022.00,Appraisers of Personal and Business Property,Active Listening,3.38
13-2022.00,Appraisers of Personal and Business Property,Speaking,3.38
13-2022.00,Appraisers of Personal and Business Property,Active Learning,3.12
13-2022.00,Appraisers of Personal and Business Property,Mathematics,2.88
13-2022.00,Appraisers of Personal and Business Property,Monitoring,2.88
13-2022.00,Appraisers of Personal and Business Property,Learning Strategies,2.5
13-2022.00,Appraisers of Personal and Business Property,Science,1.38
13-2023.00,Appraisers and Assessors of Real Estate,Reading Comprehension,3.62
13-2023.00,Appraisers and Assessors of Real Estate,Active Listening,3.5
13-2023.00,Appraisers and Assessors of Real Estate,Critical Thinking,3.5
13-2023.00,Appraisers and Assessors of Real Estate,Writing,3.38
13-2023.00,Appraisers and Assessors of Real Estate,Speaking,3.38
13-2023.00,Appraisers and Assessors of Real Estate,Monitoring,2.88
13-2023.00,Appraisers and Assessors of Real Estate,Active Learning,2.75
13-2023.00,Appraisers and Assessors of Real Estate,Mathematics,2.62
13-2023.00,Appraisers and Assessors of Real Estate,Learning Strategies,2.38
13-2023.00,Appraisers and Assessors of Real Estate,Science,1.12
13-2031.00,Budget Analysts,Mathematics,3.88
13-2031.00,Budget Analysts,Critical Thinking,3.88
13-2031.00,Budget Analysts,Reading Comprehension,3.75
13-2031.00,Budget Analysts,Active Listening,3.75
13-2031.00,Budget Analysts,Speaking,3.75
13-2031.00,Budget Analysts,Active Learning,3.25
13-2031.00,Budget Analysts,Writing,3.12
13-2031.00,Budget Analysts,Monitoring,3.12
13-2031.00,Budget Analysts,Learning Strategies,2.5
13-2031.00,Budget Analysts,Science,1.25
13-2041.00,Credit Analysts,Critical Thinking,3.88
13-2041.00,Credit Analysts,Reading Comprehension,3.62
13-2041.00,Credit Analysts,Speaking,3.62
13-2041.00,Credit Analysts,Active Learning,3.62
13-2041.00,Credit Analysts,Active Listening,3.5
13-2041.00,Credit Analysts,Mathematics,3.38
13-2041.00,Credit Analysts,Writing,3.12
13-2041.00,Credit Analysts,Monitoring,3.0
13-2041.00,Credit Analysts,Learning Strategies,2.38
13-2041.00,Credit Analysts,Science,1.38
13-2052.00,Personal Financial Advisors,Reading Comprehension,4.12
13-2052.00,Personal Financial Advisors,Active Listening,4.12
13-2052.00,Personal Financial Advisors,Speaking,4.0
13-2052.00,Personal Financial Advisors,Writing,3.88
13-2052.00,Personal Financial Advisors,Critical Thinking,3.75
13-2052.00,Personal Financial Advisors,Mathematics,3.62
13-2052.00,Personal Financial Advisors,Active Learning,3.25
13-2052.00,Personal Financial Advisors,Monitoring,3.12
13-2052.00,Personal Financial Advisors,Learning Strategies,3.0
13-2052.00,Personal Financial Advisors,Science,1.38
13-2053.00,Insurance Underwriters,Reading Comprehension,3.75
13-2053.00,Insurance Underwriters,Active Listening,3.75
13-2053.00,Insurance Underwriters,Writing,3.75
13-2053.00,Insurance Underwriters,Critical Thinking,3.75
13-2053.00,Insurance Underwriters,Speaking,3.62
13-2053.00,Insurance Underwriters,Active Learning,3.12
13-2053.00,Insurance Underwriters,Monitoring,3.0
13-2053.00,Insurance Underwriters,Mathematics,2.88
13-2053.00,Insurance Underwriters,Learning Strategies,2.75
13-2053.00,Insurance Underwriters,Science,1.38
13-2061.00,Financial Examiners,Reading Comprehension,4.12
13-2061.00,Financial Examiners,Critical Thinking,4.12
13-2061.00,Financial Examiners,Active Listening,4.0
13-2061.00,Financial Examiners,Writing,4.0
13-2061.00,Financial Examiners,Speaking,4.0
13-2061.00,Financial Examiners,Monitoring,3.88
13-2061.00,Financial Examiners,Mathematics,3.62
13-2061.00,Financial Examiners,Active Learning,3.62
13-2061.00,Financial Examiners,Learning Strategies,3.38
13-2061.00,Financial Examiners,Science,1.25
13-2071.00,Credit Counselors,Reading Comprehension,3.88
13-2071.00,Credit Counselors,Active Listening,3.88
13-2071.00,Credit Counselors,Speaking,3.88
13-2071.00,Credit Counselors,Critical Thinking,3.88
13-2071.00,Credit Counselors,Writing,3.75
13-2071.00,Credit Counselors,Active Learning,3.75
13-2071.00,Credit Counselors,Mathematics,3.12
13-2071.00,Credit Counselors,Learning Strategies,3.12
13-2071.00,Credit Counselors,Monitoring,3.0
13-2071.00,Credit Counselors,Science,1.0
13-2072.00,Loan Officers,Active Listening,4.0
13-2072.00,Loan Officers,Speaking,4.0
13-2072.00,Loan Officers,Reading Comprehension,3.88
13-2072.00,Loan Officers,Critical Thinking,3.75
13-2072.00,Loan Officers,Writing,3.38
13-2072.00,Loan Officers,Mathematics,3.25
13-2072.00,Loan Officers,Active Learning,3.12
13-2072.00,Loan Officers,Monitoring,2.88
13-2072.00,Loan Officers,Learning Strategies,2.75
13-2072.00,Loan Officers,Science,1.0
13-2081.00,"Tax Examiners and Collectors, and Revenue Agents",Reading Comprehension,4.0
13-2081.00,"Tax Examiners and Collectors, and Revenue Agents",Active Listening,4.0
13-2081.00,"Tax Examiners and Collectors, and Revenue Agents",Speaking,4.0
13-2081.00,"Tax Examiners and Collectors, and Revenue Agents",Critical Thinking,3.88
13-2081.00,"Tax Examiners and Collectors, and Revenue Agents",Writing,3.25
13-2081.00,"Tax Examiners and Collectors, and Revenue Agents",Mathematics,3.25
13-2081.00,"Tax Examiners and Collectors, and Revenue Agents",Active Learning,3.25
13-2081.00,"Tax Examiners and Collectors, and Revenue Agents",Monitoring,3.25
13-2081.00,"Tax Examiners and Collectors, and Revenue Agents",Learning Strategies,2.88
13-2081.00,"Tax Examiners and Collectors, and Revenue Agents",Science,1.0
13-2082.00,Tax Preparers,Reading Comprehension,4.0
13-2082.00,Tax Preparers,Active Listening,3.88
13-2082.00,Tax Preparers,Critical Thinking,3.5
13-2082.00,Tax Preparers,Speaking,3.12
13-2082.00,Tax Preparers,Active Learning,3.12
13-2082.00,Tax Preparers,Writing,3.0
13-2082.00,Tax Preparers,Mathematics,3.0
13-2082.00,Tax Preparers,Monitoring,3.0
13-2082.00,Tax Preparers,Learning Strategies,2.75
13-2082.00,Tax Preparers,Science,1.0
13-2099.01,Financial Quantitative Analysts,Mathematics,4.38
13-2099.01,Financial Quantitative Analysts,Critical Thinking,4.12
13-2099.01,Financial Quantitative Analysts,Reading Comprehension,4.0
13-2099.01,Financial Quantitative Analysts,Active Listening,3.75
13-2099.01,Financial Quantitative Analysts,Speaking,3.75
13-2099.01,Financial Quantitative Analysts,Active Learning,3.75
13-2099.01,Financial Quantitative Analysts,Writing,3.5
13-2099.01,Financial Quantitative Analysts,Learning Strategies,3.0
13-2099.01,Financial Quantitative Analysts,Monitoring,3.0
13-2099.01,Financial Quantitative Analysts,Science,1.88
13-2099.04,"Fraud Examiners, Investigators and Analysts",Active Listening,4.25
13-2099.04,"Fraud Examiners, Investigators and Analysts",Writing,4.25
13-2099.04,"Fraud Examiners, Investigators and Analysts",Reading Comprehension,4.12
13-2099.04,"Fraud Examiners, Investigators and Analysts",Speaking,4.12
13-2099.04,"Fraud Examiners, Investigators and Analysts",Critical Thinking,4.0
13-2099.04,"Fraud Examiners, Investigators and Analysts",Active Learning,3.88
13-2099.04,"Fraud Examiners, Investigators and Analysts",Mathematics,3.12
13-2099.04,"Fraud Examiners, Investigators and Analysts",Monitoring,3.12
13-2099.04,"Fraud Examiners, Investigators and Analysts",Learning Strategies,3.0
13-2099.04,"Fraud Examiners, Investigators and Analysts",Science,1.0
15-1211.00,Computer Systems Analysts,Speaking,4.0
15-1211.00,Computer Systems Analysts,Reading Comprehension,3.88
15-1211.00,Computer Systems Analysts,Active Listening,3.75
15-1211.00,Computer Systems Analysts,Critical Thinking,3.75
15-1211.00,Computer Systems Analysts,Active Learning,3.62
15-1211.00,Computer Systems Analysts,Writing,3.38
15-1211.00,Computer Systems Analysts,Monitoring,3.38
15-1211.00,Computer Systems Analysts,Learning Strategies,3.12
15-1211.00,Computer Systems Analysts,Mathematics,3.0
15-1211.00,Computer Systems Analysts,Science,2.25
15-1211.01,Health Informatics Specialists,Reading Comprehension,4.38
15-1211.01,Health Informatics Specialists,Active Listening,4.0
15-1211.01,Health Informatics Specialists,Writing,4.0
15-1211.01,Health Informatics Specialists,Speaking,4.0
15-1211.01,Health Informatics Specialists,Critical Thinking,4.0
15-1211.01,Health Informatics Specialists,Active Learning,3.75
15-1211.01,Health Informatics Specialists,Learning Strategies,3.75
15-1211.01,Health Informatics Specialists,Monitoring,3.62
15-1211.01,Health Informatics Specialists,Mathematics,3.0
15-1211.01,Health Informatics Specialists,Science,2.12
15-1212.00,Information Security Analysts,Reading Comprehension,4.0
15-1212.00,Information Security Analysts,Critical Thinking,3.88
15-1212.00,Information Security Analysts,Active Listening,3.75
15-1212.00,Information Security Analysts,Speaking,3.62
15-1212.00,Information Security Analysts,Writing,3.5
15-1212.00,Information Security Analysts,Monitoring,3.38
15-1212.00,Information Security Analysts,Active Learning,3.25
15-1212.00,Information Security Analysts,Learning Strategies,2.88
15-1212.00,Information Security Analysts,Mathematics,2.25
15-1212.00,Information Security Analysts,Science,1.88
15-1221.00,Computer and Information Research Scientists,Critical Thinking,4.0
15-1221.00,Computer and Information Research Scientists,Reading Comprehension,3.75
15-1221.00,Computer and Information Research Scientists,Active Listening,3.75
15-1221.00,Computer and Information Research Scientists,Speaking,3.5
15-1221.00,Computer and Information Research Scientists,Active Learning,3.5
15-1221.00,Computer and Information Research Scientists,Writing,3.38
15-1221.00,Computer and Information Research Scientists,Mathematics,3.38
15-1221.00,Computer and Information Research Scientists,Science,3.12
15-1221.00,Computer and Information Research Scientists,Monitoring,3.12
15-1221.00,Computer and Information Research Scientists,Learning Strategies,3.0
15-1231.00,Computer Network Support Specialists,Critical Thinking,3.75
15-1231.00,Computer Network Support Specialists,Active Listening,3.5
15-1231.00,Computer Network Support Specialists,Reading Comprehension,3.38
15-1231.00,Computer Network Support Specialists,Speaking,3.25
15-1231.00,Computer Network Support Specialists,Active Learning,3.25
15-1231.00,Computer Network Support Specialists,Monitoring,3.25
15-1231.00,Computer Network Support Specialists,Writing,3.0
15-1231.00,Computer Network Support Specialists,Learning Strategies,2.62
15-1231.00,Computer Network Support Specialists,Mathematics,2.12
15-1231.00,Computer Network Support Specialists,Science,1.88
15-1232.00,Computer User Support Specialists,Reading Comprehension,4.0
15-1232.00,Computer User Support Specialists,Active Listening,4.0
15-1232.00,Computer User Support Specialists,Speaking,4.0
15-1232.00,Computer User Support Specialists,Critical Thinking,3.75
15-1232.00,Computer User Support Specialists,Writing,3.5
15-1232.00,Computer User Support Specialists,Active Learning,3.12
15-1232.00,Computer User Support Specialists,Learning Strategies,3.12
15-1232.00,Computer User Support Specialists,Monitoring,3.12
15-1232.00,Computer User Support Specialists,Mathematics,2.25
15-1232.00,Computer User Support Specialists,Science,1.75
15-1241.00,Computer Network Architects,Critical Thinking,4.12
15-1241.00,Computer Network Architects,Reading Comprehension,4.0
15-1241.00,Computer Network Architects,Active Listening,3.75
15-1241.00,Computer Network Architects,Writing,3.62
15-1241.00,Computer Network Architects,Speaking,3.5
15-1241.00,Computer Network Architects,Active Learning,3.25
15-1241.00,Computer Network Architects,Monitoring,3.12
15-1241.00,Computer Network Architects,Mathematics,3.0
15-1241.00,Computer Network Architects,Learning Strategies,3.0
15-1241.00,Computer Network Architects,Science,2.12
15-1241.01,Telecommunications Engineering Specialists,Reading Comprehension,3.88
15-1241.01,Telecommunications Engineering Specialists,Critical Thinking,3.88
15-1241.01,Telecommunications Engineering Specialists,Active Listening,3.62
15-1241.01,Telecommunications Engineering Specialists,Writing,3.38
15-1241.01,Telecommunications Engineering Specialists,Speaking,3.25
15-1241.01,Telecommunications Engineering Specialists,Active Learning,3.25
15-1241.01,Telecommunications Engineering Specialists,Monitoring,3.25
15-1241.01,Telecommunications Engineering Specialists,Learning Strategies,3.0
15-1241.01,Telecommunications Engineering Specialists,Mathematics,2.88
15-1241.01,Telecommunications Engineering Specialists,Science,1.62
15-1242.00,Database Administrators,Critical Thinking,3.88
15-1242.00,Database Administrators,Reading Comprehension,3.75
15-1242.00,Database Administrators,Active Listening,3.75
15-1242.00,Database Administrators,Active Learning,3.5
15-1242.00,Database Administrators,Speaking,3.38
15-1242.00,Database Administrators,Writing,3.25
15-1242.00,Database Administrators,Monitoring,3.25
15-1242.00,Database Administrators,Mathematics,3.0
15-1242.00,Database Administrators,Learning Strategies,3.0
15-1242.00,Database Administrators,Science,2.0
15-1243.00,Database Architects,Reading Comprehension,3.88
15-1243.00,Database Architects,Critical Thinking,3.88
15-1243.00,Database Architects,Active Listening,3.5
15-1243.00,Database Architects,Speaking,3.5
15-1243.00,Database Architects,Active Learning,3.25
15-1243.00,Database Architects,Writing,3.12
15-1243.00,Database Architects,Monitoring,3.12
15-1243.00,Database Architects,Mathematics,3.0
15-1243.00,Database Architects,Learning Strategies,2.88
15-1243.00,Database Architects,Science,1.88
15-1243.01,Data Warehousing Specialists,Reading Comprehension,3.88
15-1243.01,Data Warehousing Specialists,Critical Thinking,3.88
15-1243.01,Data Warehousing Specialists,Active Listening,3.5
15-1243.01,Data Warehousing Specialists,Speaking,3.38
15-1243.01,Data Warehousing Specialists,Writing,3.25
15-1243.01,Data Warehousing Specialists,Mathematics,3.0
15-1243.01,Data Warehousing Specialists,Active Learning,3.0
15-1243.01,Data Warehousing Specialists,Monitoring,2.88
15-1243.01,Data Warehousing Specialists,Learning Strategies,2.62
15-1243.01,Data Warehousing Specialists,Science,1.88
15-1244.00,Network and Computer Systems Administrators,Active Listening,4.0
15-1244.00,Network and Computer Systems Administrators,Reading Comprehension,3.88
15-1244.00,Network and Computer Systems Administrators,Critical Thinking,3.88
15-1244.00,Network and Computer Systems Administrators,Monitoring,3.88
15-1244.00,Network and Computer Systems Administrators,Speaking,3.25
15-1244.00,Network and Computer Systems Administrators,Active Learning,3.12
15-1244.00,Network and Computer Systems Administrators,Writing,3.0
15-1244.00,Network and Computer Systems Administrators,Learning Strategies,3.0
15-1244.00,Network and Computer Systems Administrators,Mathematics,2.75
15-1244.00,Network and Computer Systems Administrators,Science,2.12
15-1251.00,Computer Programmers,Active Listening,3.75
15-1251.00,Computer Programmers,Critical Thinking,3.75
15-1251.00,Computer Programmers,Reading Comprehension,3.38
15-1251.00,Computer Programmers,Writing,3.25
15-1251.00,Computer Programmers,Speaking,3.12
15-1251.00,Computer Programmers,Mathematics,3.12
15-1251.00,Computer Programmers,Active Learning,3.12
15-1251.00,Computer Programmers,Monitoring,3.0
15-1251.00,Computer Programmers,Science,2.75
15-1251.00,Computer Programmers,Learning Strategies,2.38
15-1252.00,Software Developers,Critical Thinking,3.88
15-1252.00,Software Developers,Reading Comprehension,3.5
15-1252.00,Software Developers,Active Learning,3.5
15-1252.00,Software Developers,Active Listening,3.38
15-1252.00,Software Developers,Writing,3.25
15-1252.00,Software Developers,Speaking,3.12
15-1252.00,Software Developers,Monitoring,3.0
15-1252.00,Software Developers,Mathematics,2.75
15-1252.00,Software Developers,Learning Strategies,2.62
15-1252.00,Software Developers,Science,2.12
15-1253.00,Software Quality Assurance Analysts and Testers,Reading Comprehension,4.0
15-1253.00,Software Quality Assurance Analysts and Testers,Active Listening,3.88
15-1253.00,Software Quality Assurance Analysts and Testers,Speaking,3.88
15-1253.00,Software Quality Assurance Analysts and Testers,Critical Thinking,3.88
15-1253.00,Software Quality Assurance Analysts and Testers,Writing,3.75
15-1253.00,Software Quality Assurance Analysts and Testers,Monitoring,3.62
15-1253.00,Software Quality Assurance Analysts and Testers,Active Learning,3.12
15-1253.00,Software Quality Assurance Analysts and Testers,Learning Strategies,2.88
15-1253.00,Software Quality Assurance Analysts and Testers,Mathematics,2.75
15-1253.00,Software Quality Assurance Analysts and Testers,Science,2.75
15-1254.00,Web Developers,Critical Thinking,3.75
15-1254.00,Web Developers,Reading Comprehension,3.62
15-1254.00,Web Developers,Active Listening,3.5
15-1254.00,Web Developers,Active Learning,3.5
15-1254.00,Web Developers,Speaking,3.25
15-1254.00,Web Developers,Writing,3.12
15-1254.00,Web Developers,Monitoring,3.0
15-1254.00,Web Developers,Learning Strategies,2.88
15-1254.00,Web Developers,Mathematics,2.75
15-1254.00,Web Developers,Science,2.0
15-1255.00,Web and Digital Interface Designers,Reading Comprehension,3.75
15-1255.00,Web and Digital Interface Designers,Critical Thinking,3.5
15-1255.00,Web and Digital Interface Designers,Active Listening,3.38
15-1255.00,Web and Digital Interface Designers,Active Learning,3.38
15-1255.00,Web and Digital Interface Designers,Writing,3.12
15-1255.00,Web and Digital Interface Designers,Speaking,3.12
15-1255.00,Web and Digital Interface Designers,Monitoring,3.12
15-1255.00,Web and Digital Interface Designers,Learning Strategies,2.62
15-1255.00,Web and Digital Interface Designers,Mathematics,2.38
15-1255.00,Web and Digital Interface Designers,Science,1.88
15-1255.01,Video Game Designers,Active Listening,3.88
15-1255.01,Video Game Designers,Reading Comprehension,3.75
15-1255.01,Video Game Designers,Critical Thinking,3.75
15-1255.01,Video Game Designers,Active Learning,3.5
15-1255.01,Video Game Designers,Writing,3.25
15-1255.01,Video Game Designers,Speaking,3.12
15-1255.01,Video Game Designers,Monitoring,3.12
15-1255.01,Video Game Designers,Mathematics,2.88
15-1255.01,Video Game Designers,Learning Strategies,2.88
15-1255.01,Video Game Designers,Science,1.38
15-1299.01,Web Administrators,Critical Thinking,4.0
15-1299.01,Web Administrators,Reading Comprehension,3.88
15-1299.01,Web Administrators,Active Listening,3.75
15-1299.01,Web Administrators,Monitoring,3.38
15-1299.01,Web Administrators,Writing,3.25
15-1299.01,Web Administrators,Speaking,3.25
15-1299.01,Web Administrators,Active Learning,3.12
15-1299.01,Web Administrators,Learning Strategies,3.0
15-1299.01,Web Administrators,Mathematics,2.12
15-1299.01,Web Administrators,Science,2.12
15-1299.02,Geographic Information Systems Technologists and Technicians,Reading Comprehension,3.88
15-1299.02,Geographic Information Systems Technologists and Technicians,Critical Thinking,3.62
15-1299.02,Geographic Information Systems Technologists and Technicians,Active Listening,3.5
15-1299.02,Geographic Information Systems Technologists and Technicians,Writing,3.38
15-1299.02,Geographic Information Systems Technologists and Technicians,Speaking,3.38
15-1299.02,Geographic Information Systems Technologists and Technicians,Monitoring,3.38
15-1299.02,Geographic Information Systems Technologists and Technicians,Active Learning,3.12
15-1299.02,Geographic Information Systems Technologists and Technicians,Mathematics,2.62
15-1299.02,Geographic Information Systems Technologists and Technicians,Learning Strategies,2.62
15-1299.02,Geographic Information Systems Technologists and Technicians,Science,2.38
15-1299.03,Document Management Specialists,Reading Comprehension,3.88
15-1299.03,Document Management Specialists,Active Listening,3.75
15-1299.03,Document Management Specialists,Writing,3.75
15-1299.03,Document Management Specialists,Critical Thinking,3.75
15-1299.03,Document Management Specialists,Monitoring,3.62
15-1299.03,Document Management Specialists,Active Learning,3.25
15-1299.03,Document Management Specialists,Speaking,3.12
15-1299.03,Document Management Specialists,Learning Strategies,3.0
15-1299.03,Document Management Specialists,Mathematics,2.25
15-1299.03,Document Management Specialists,Science,1.25
15-1299.04,Penetration Testers,Critical Thinking,4.38
15-1299.04,Penetration Testers,Reading Comprehension,4.0
15-1299.04,Penetration Testers,Writing,4.0
15-1299.04,Penetration Testers,Active Listening,3.88
15-1299.04,Penetration Testers,Active Learning,3.62
15-1299.04,Penetration Testers,Monitoring,3.5
15-1299.04,Penetration Testers,Speaking,3.38
15-1299.04,Penetration Testers,Learning Strategies,2.88
15-1299.04,Penetration Testers,Mathematics,2.5
15-1299.04,Penetration Testers,Science,1.5
15-1299.05,Information Security Engineers,Reading Comprehension,4.12
15-1299.05,Information Security Engineers,Critical Thinking,4.0
15-1299.05,Information Security Engineers,Active Listening,3.88
15-1299.05,Information Security Engineers,Writing,3.62
15-1299.05,Information Security Engineers,Monitoring,3.62
15-1299.05,Information Security Engineers,Speaking,3.5
15-1299.05,Information Security Engineers,Active Learning,3.25
15-1299.05,Information Security Engineers,Learning Strategies,2.88
15-1299.05,Information Security Engineers,Mathematics,2.38
15-1299.05,Information Security Engineers,Science,1.75
15-1299.06,Digital Forensics Analysts,Reading Comprehension,3.75
15-1299.06,Digital Forensics Analysts,Active Listening,3.5
15-1299.06,Digital Forensics Analysts,Writing,3.5
15-1299.06,Digital Forensics Analysts,Speaking,3.5
15-1299.06,Digital Forensics Analysts,Active Learning,3.38
15-1299.06,Digital Forensics Analysts,Critical Thinking,3.25
15-1299.06,Digital Forensics Analysts,Monitoring,3.25
15-1299.06,Digital Forensics Analysts,Learning Strategies,2.88
15-1299.06,Digital Forensics Analysts,Mathematics,2.5
15-1299.06,Digital Forensics Analysts,Science,1.62
15-1299.07,Blockchain Engineers,Reading Comprehension,4.0
15-1299.07,Blockchain Engineers,Active Listening,3.75
15-1299.07,Blockchain Engineers,Critical Thinking,3.75
15-1299.07,Blockchain Engineers,Active Learning,3.5
15-1299.07,Blockchain Engineers,Writing,3.25
15-1299.07,Blockchain Engineers,Speaking,3.25
15-1299.07,Blockchain Engineers,Mathematics,3.12
15-1299.07,Blockchain Engineers,Monitoring,3.12
15-1299.07,Blockchain Engineers,Learning Strategies,2.62
15-1299.07,Blockchain Engineers,Science,2.38
15-1299.08,Computer Systems Engineers/Architects,Reading Comprehension,4.0
15-1299.08,Computer Systems Engineers/Architects,Active Listening,4.0
15-1299.08,Computer Systems Engineers/Architects,Critical Thinking,4.0
15-1299.08,Computer Systems Engineers/Architects,Writing,3.88
15-1299.08,Computer Systems Engineers/Architects,Speaking,3.88
15-1299.08,Computer Systems Engineers/Architects,Active Learning,3.62
15-1299.08,Computer Systems Engineers/Architects,Monitoring,3.5
15-1299.08,Computer Systems Engineers/Architects,Mathematics,3.0
15-1299.08,Computer Systems Engineers/Architects,Science,3.0
15-1299.08,Computer Systems Engineers/Architects,Learning Strategies,3.0
15-1299.09,Information Technology Project Managers,Critical Thinking,4.12
15-1299.09,Information Technology Project Managers,Reading Comprehension,4.0
15-1299.09,Information Technology Project Managers,Active Listening,4.0
15-1299.09,Information Technology Project Managers,Writing,4.0
15-1299.09,Information Technology Project Managers,Speaking,3.88
15-1299.09,Information Technology Project Managers,Monitoring,3.62
15-1299.09,Information Technology Project Managers,Active Learning,3.38
15-1299.09,Information Technology Project Managers,Learning Strategies,3.0
15-1299.09,Information Technology Project Managers,Mathematics,2.88
15-1299.09,Information Technology Project Managers,Science,2.12
15-2011.00,Actuaries,Mathematics,4.38
15-2011.00,Actuaries,Reading Comprehension,4.12
15-2011.00,Actuaries,Active Listening,4.0
15-2011.00,Actuaries,Critical Thinking,4.0
15-2011.00,Actuaries,Writing,3.88
15-2011.00,Actuaries,Speaking,3.88
15-2011.00,Actuaries,Active Learning,3.38
15-2011.00,Actuaries,Monitoring,3.0
15-2011.00,Actuaries,Learning Strategies,2.75
15-2011.00,Actuaries,Science,1.88
15-2021.00,Mathematicians,Mathematics,5.0
15-2021.00,Mathematicians,Critical Thinking,4.12
15-2021.00,Mathematicians,Reading Comprehension,4.0
15-2021.00,Mathematicians,Active Learning,4.0
15-2021.00,Mathematicians,Writing,3.62
15-2021.00,Mathematicians,Science,3.62
15-2021.00,Mathematicians,Active Listening,3.38
15-2021.00,Mathematicians,Speaking,3.25
15-2021.00,Mathematicians,Learning Strategies,3.25
15-2021.00,Mathematicians,Monitoring,3.0
15-2031.00,Operations Research Analysts,Mathematics,4.5
15-2031.00,Operations Research Analysts,Reading Comprehension,4.0
15-2031.00,Operations Research Analysts,Active Listening,4.0
15-2031.00,Operations Research Analysts,Writing,4.0
15-2031.00,Operations Research Analysts,Speaking,4.0
15-2031.00,Operations Research Analysts,Critical Thinking,4.0
15-2031.00,Operations Research Analysts,Active Learning,3.88
15-2031.00,Operations Research Analysts,Science,3.25
15-2031.00,Operations Research Analysts,Learning Strategies,3.0
15-2031.00,Operations Research Analysts,Monitoring,2.88
15-2041.00,Statisticians,Mathematics,4.88
15-2041.00,Statisticians,Reading Comprehension,4.0
15-2041.00,Statisticians,Critical Thinking,4.0
15-2041.00,Statisticians,Active Listening,3.88
15-2041.00,Statisticians,Speaking,3.88
15-2041.00,Statisticians,Writing,3.75
15-2041.00,Statisticians,Active Learning,3.75
15-2041.00,Statisticians,Science,3.5
15-2041.00,Statisticians,Learning Strategies,3.12
15-2041.00,Statisticians,Monitoring,3.0
15-2041.01,Biostatisticians,Mathematics,4.62
15-2041.01,Biostatisticians,Reading Comprehension,4.0
15-2041.01,Biostatisticians,Speaking,4.0
15-2041.01,Biostatisticians,Science,4.0
15-2041.01,Biostatisticians,Critical Thinking,4.0
15-2041.01,Biostatisticians,Active Learning,4.0
15-2041.01,Biostatisticians,Active Listening,3.88
15-2041.01,Biostatisticians,Writing,3.88
15-2041.01,Biostatisticians,Learning Strategies,3.38
15-2041.01,Biostatisticians,Monitoring,3.0
15-2051.00,Data Scientists,Mathematics,4.38
15-2051.00,Data Scientists,Critical Thinking,4.25
15-2051.00,Data Scientists,Reading Comprehension,3.88
15-2051.00,Data Scientists,Speaking,3.62
15-2051.00,Data Scientists,Active Learning,3.62
15-2051.00,Data Scientists,Active Listening,3.5
15-2051.00,Data Scientists,Writing,3.5
15-2051.00,Data Scientists,Monitoring,3.25
15-2051.00,Data Scientists,Learning Strategies,2.75
15-2051.00,Data Scientists,Science,2.5
15-2051.01,Business Intelligence Analysts,Reading Comprehension,4.0
15-2051.01,Business Intelligence Analysts,Active Listening,3.88
15-2051.01,Business Intelligence Analysts,Speaking,3.88
15-2051.01,Business Intelligence Analysts,Critical Thinking,3.88
15-2051.01,Business Intelligence Analysts,Active Learning,3.88
15-2051.01,Business Intelligence Analysts,Writing,3.75
15-2051.01,Business Intelligence Analysts,Mathematics,3.5
15-2051.01,Business Intelligence Analysts,Monitoring,3.12
15-2051.01,Business Intelligence Analysts,Learning Strategies,3.0
15-2051.01,Business Intelligence Analysts,Science,1.62
15-2051.02,Clinical Data Managers,Critical Thinking,4.0
15-2051.02,Clinical Data Managers,Reading Comprehension,3.88
15-2051.02,Clinical Data Managers,Active Listening,3.88
15-2051.02,Clinical Data Managers,Speaking,3.88
15-2051.02,Clinical Data Managers,Writing,3.75
15-2051.02,Clinical Data Managers,Active Learning,3.62
15-2051.02,Clinical Data Managers,Monitoring,3.62
15-2051.02,Clinical Data Managers,Mathematics,3.5
15-2051.02,Clinical Data Managers,Learning Strategies,2.88
15-2051.02,Clinical Data Managers,Science,2.38
15-2099.01,Bioinformatics Technicians,Reading Comprehension,3.75
15-2099.01,Bioinformatics Technicians,Active Listening,3.5
15-2099.01,Bioinformatics Technicians,Writing,3.5
15-2099.01,Bioinformatics Technicians,Critical Thinking,3.5
15-2099.01,Bioinformatics Technicians,Active Learning,3.5
15-2099.01,Bioinformatics Technicians,Speaking,3.38
15-2099.01,Bioinformatics Technicians,Mathematics,3.38
15-2099.01,Bioinformatics Technicians,Monitoring,3.25
15-2099.01,Bioinformatics Technicians,Science,3.12
15-2099.01,Bioinformatics Technicians,Learning Strategies,2.75
17-1011.00,"Architects, Except Landscape and Naval",Critical Thinking,4.25
17-1011.00,"Architects, Except Landscape and Naval",Reading Comprehension,4.0
17-1011.00,"Architects, Except Landscape and Naval",Speaking,4.0
17-1011.00,"Architects, Except Landscape and Naval",Active Listening,3.88
17-1011.00,"Architects, Except Landscape and Naval",Writing,3.88
17-1011.00,"Architects, Except Landscape and Naval",Monitoring,3.88
17-1011.00,"Architects, Except Landscape and Naval",Active Learning,3.75
17-1011.00,"Architects, Except Landscape and Naval",Mathematics,3.5
17-1011.00,"Architects, Except Landscape and Naval",Learning Strategies,3.12
17-1011.00,"Architects, Except Landscape and Naval",Science,2.88
17-1012.00,Landscape Architects,Reading Comprehension,4.12
17-1012.00,Landscape Architects,Active Listening,4.12
17-1012.00,Landscape Architects,Speaking,4.12
17-1012.00,Landscape Architects,Critical Thinking,3.88
17-1012.00,Landscape Architects,Writing,3.62
17-1012.00,Landscape Architects,Active Learning,3.5
17-1012.00,Landscape Architects,Mathematics,3.12
17-1012.00,Landscape Architects,Monitoring,3.12
17-1012.00,Landscape Architects,Learning Strategies,2.88
17-1012.00,Landscape Architects,Science,2.75
17-1021.00,Cartographers and Photogrammetrists,Reading Comprehension,4.0
17-1021.00,Cartographers and Photogrammetrists,Writing,3.5
17-1021.00,Cartographers and Photogrammetrists,Critical Thinking,3.5
17-1021.00,Cartographers and Photogrammetrists,Active Listening,3.38
17-1021.00,Cartographers and Photogrammetrists,Active Learning,3.25
17-1021.00,Cartographers and Photogrammetrists,Speaking,3.12
17-1021.00,Cartographers and Photogrammetrists,Monitoring,3.12
17-1021.00,Cartographers and Photogrammetrists,Mathematics,2.88
17-1021.00,Cartographers and Photogrammetrists,Learning Strategies,2.88
17-1021.00,Cartographers and Photogrammetrists,Science,1.88
17-1022.00,Surveyors,Mathematics,4.0
17-1022.00,Surveyors,Reading Comprehension,3.88
17-1022.00,Surveyors,Writing,3.75
17-1022.00,Surveyors,Critical Thinking,3.75
17-1022.00,Surveyors,Speaking,3.62
17-1022.00,Surveyors,Active Listening,3.5
17-1022.00,Surveyors,Active Learning,3.25
17-1022.00,Surveyors,Learning Strategies,3.12
17-1022.00,Surveyors,Monitoring,3.0
17-1022.00,Surveyors,Science,2.62
17-1022.01,Geodetic Surveyors,Mathematics,4.12
17-1022.01,Geodetic Surveyors,Reading Comprehension,4.0
17-1022.01,Geodetic Surveyors,Active Listening,3.88
17-1022.01,Geodetic Surveyors,Critical Thinking,3.88
17-1022.01,Geodetic Surveyors,Writing,3.62
17-1022.01,Geodetic Surveyors,Speaking,3.38
17-1022.01,Geodetic Surveyors,Active Learning,3.38
17-1022.01,Geodetic Surveyors,Monitoring,3.38
17-1022.01,Geodetic Surveyors,Science,3.12
17-1022.01,Geodetic Surveyors,Learning Strategies,3.0
17-2011.00,Aerospace Engineers,Reading Comprehension,4.12
17-2011.00,Aerospace Engineers,Critical Thinking,4.12
17-2011.00,Aerospace Engineers,Writing,4.0
17-2011.00,Aerospace Engineers,Mathematics,4.0
17-2011.00,Aerospace Engineers,Science,4.0
17-2011.00,Aerospace Engineers,Active Listening,3.88
17-2011.00,Aerospace Engineers,Speaking,3.88
17-2011.00,Aerospace Engineers,Active Learning,3.88
17-2011.00,Aerospace Engineers,Monitoring,3.75
17-2011.00,Aerospace Engineers,Learning Strategies,3.12
17-2021.00,Agricultural Engineers,Reading Comprehension,4.0
17-2021.00,Agricultural Engineers,Active Listening,4.0
17-2021.00,Agricultural Engineers,Writing,4.0
17-2021.00,Agricultural Engineers,Speaking,4.0
17-2021.00,Agricultural Engineers,Critical Thinking,3.88
17-2021.00,Agricultural Engineers,Mathematics,3.75
17-2021.00,Agricultural Engineers,Science,3.38
17-2021.00,Agricultural Engineers,Active Learning,3.25
17-2021.00,Agricultural Engineers,Monitoring,3.25
17-2021.00,Agricultural Engineers,Learning Strategies,2.88
17-2031.00,Bioengineers and Biomedical Engineers,Reading Comprehension,4.0
17-2031.00,Bioengineers and Biomedical Engineers,Active Listening,4.0
17-2031.00,Bioengineers and Biomedical Engineers,Writing,4.0
17-2031.00,Bioengineers and Biomedical Engineers,Speaking,4.0
17-2031.00,Bioengineers and Biomedical Engineers,Mathematics,3.88
17-2031.00,Bioengineers and Biomedical Engineers,Science,3.88
17-2031.00,Bioengineers and Biomedical Engineers,Critical Thinking,3.88
17-2031.00,Bioengineers and Biomedical Engineers,Active Learning,3.75
17-2031.00,Bioengineers and Biomedical Engineers,Monitoring,3.75
17-2031.00,Bioengineers and Biomedical Engineers,Learning Strategies,3.25
17-2041.00,Chemical Engineers,Science,4.12
17-2041.00,Chemical Engineers,Critical Thinking,4.12
17-2041.00,Chemical Engineers,Reading Comprehension,4.0
17-2041.00,Chemical Engineers,Active Learning,3.88
17-2041.00,Chemical Engineers,Mathematics,3.75
17-2041.00,Chemical Engineers,Speaking,3.5
17-2041.00,Chemical Engineers,Active Listening,3.25
17-2041.00,Chemical Engineers,Writing,3.12
17-2041.00,Chemical Engineers,Monitoring,3.12
17-2041.00,Chemical Engineers,Learning Strategies,2.88
17-2051.00,Civil Engineers,Active Listening,4.0
17-2051.00,Civil Engineers,Reading Comprehension,3.88
17-2051.00,Civil Engineers,Speaking,3.88
17-2051.00,Civil Engineers,Mathematics,3.88
17-2051.00,Civil Engineers,Critical Thinking,3.88
17-2051.00,Civil Engineers,Science,3.75
17-2051.00,Civil Engineers,Writing,3.25
17-2051.00,Civil Engineers,Active Learning,3.25
17-2051.00,Civil Engineers,Monitoring,3.25
17-2051.00,Civil Engineers,Learning Strategies,2.88
17-2051.01,Transportation Engineers,Reading Comprehension,4.0
17-2051.01,Transportation Engineers,Writing,4.0
17-2051.01,Transportation Engineers,Speaking,4.0
17-2051.01,Transportation Engineers,Critical Thinking,4.0
17-2051.01,Transportation Engineers,Mathematics,3.88
17-2051.01,Transportation Engineers,Active Listening,3.75
17-2051.01,Transportation Engineers,Active Learning,3.25
17-2051.01,Transportation Engineers,Monitoring,3.25
17-2051.01,Transportation Engineers,Learning Strategies,3.12
17-2051.01,Transportation Engineers,Science,3.0
17-2051.02,Water/Wastewater Engineers,Reading Comprehension,4.0
17-2051.02,Water/Wastewater Engineers,Writing,4.0
17-2051.02,Water/Wastewater Engineers,Critical Thinking,4.0
17-2051.02,Water/Wastewater Engineers,Active Listening,3.88
17-2051.02,Water/Wastewater Engineers,Mathematics,3.88
17-2051.02,Water/Wastewater Engineers,Speaking,3.75
17-2051.02,Water/Wastewater Engineers,Monitoring,3.62
17-2051.02,Water/Wastewater Engineers,Science,3.5
17-2051.02,Water/Wastewater Engineers,Active Learning,3.25
17-2051.02,Water/Wastewater Engineers,Learning Strategies,3.12
17-2061.00,Computer Hardware Engineers,Reading Comprehension,4.0
17-2061.00,Computer Hardware Engineers,Critical Thinking,4.0
17-2061.00,Computer Hardware Engineers,Active Listening,3.88
17-2061.00,Computer Hardware Engineers,Writing,3.88
17-2061.00,Computer Hardware Engineers,Speaking,3.88
17-2061.00,Computer Hardware Engineers,Active Learning,3.75
17-2061.00,Computer Hardware Engineers,Mathematics,3.25
17-2061.00,Computer Hardware Engineers,Monitoring,3.12
17-2061.00,Computer Hardware Engineers,Science,2.88
17-2061.00,Computer Hardware Engineers,Learning Strategies,2.88
17-2071.00,Electrical Engineers,Writing,4.12
17-2071.00,Electrical Engineers,Reading Comprehension,4.0
17-2071.00,Electrical Engineers,Critical Thinking,4.0
17-2071.00,Electrical Engineers,Active Listening,3.88
17-2071.00,Electrical Engineers,Speaking,3.88
17-2071.00,Electrical Engineers,Active Learning,3.88
17-2071.00,Electrical Engineers,Monitoring,3.5
17-2071.00,Electrical Engineers,Mathematics,3.38
17-2071.00,Electrical Engineers,Science,3.0
17-2071.00,Electrical Engineers,Learning Strategies,3.0
17-2072.00,"Electronics Engineers, Except Computer",Reading Comprehension,4.0
17-2072.00,"Electronics Engineers, Except Computer",Critical Thinking,4.0
17-2072.00,"Electronics Engineers, Except Computer",Speaking,3.88
17-2072.00,"Electronics Engineers, Except Computer",Active Listening,3.75
17-2072.00,"Electronics Engineers, Except Computer",Writing,3.5
17-2072.00,"Electronics Engineers, Except Computer",Mathematics,3.5
17-2072.00,"Electronics Engineers, Except Computer",Monitoring,3.38
17-2072.00,"Electronics Engineers, Except Computer",Active Learning,3.12
17-2072.00,"Electronics Engineers, Except Computer",Science,3.0
17-2072.00,"Electronics Engineers, Except Computer",Learning Strategies,3.0
17-2072.01,Radio Frequency Identification Device Specialists,Critical Thinking,3.88
17-2072.01,Radio Frequency Identification Device Specialists,Active Listening,3.75
17-2072.01,Radio Frequency Identification Device Specialists,Speaking,3.75
17-2072.01,Radio Frequency Identification Device Specialists,Reading Comprehension,3.62
17-2072.01,Radio Frequency Identification Device Specialists,Writing,3.25
17-2072.01,Radio Frequency Identification Device Specialists,Active Learning,3.12
17-2072.01,Radio Frequency Identification Device Specialists,Monitoring,3.12
17-2072.01,Radio Frequency Identification Device Specialists,Mathematics,2.62
17-2072.01,Radio Frequency Identification Device Specialists,Learning Strategies,2.62
17-2072.01,Radio Frequency Identification Device Specialists,Science,2.0
17-2081.00,Environmental Engineers,Reading Comprehension,4.0
17-2081.00,Environmental Engineers,Active Listening,4.0
17-2081.00,Environmental Engineers,Writing,4.0
17-2081.00,Environmental Engineers,Speaking,4.0
17-2081.00,Environmental Engineers,Critical Thinking,4.0
17-2081.00,Environmental Engineers,Monitoring,4.0
17-2081.00,Environmental Engineers,Active Learning,3.75
17-2081.00,Environmental Engineers,Mathematics,3.38
17-2081.00,Environmental Engineers,Science,3.38
17-2081.00,Environmental Engineers,Learning Strategies,3.0
17-2111.00,"Health and Safety Engineers, Except Mining Safety Engineers and Inspectors",Reading Comprehension,4.0
17-2111.00,"Health and Safety Engineers, Except Mining Safety Engineers and Inspectors",Active Listening,3.75
17-2111.00,"Health and Safety Engineers, Except Mining Safety Engineers and Inspectors",Writing,3.75
17-2111.00,"Health and Safety Engineers, Except Mining Safety Engineers and Inspectors",Critical Thinking,3.75
17-2111.00,"Health and Safety Engineers, Except Mining Safety Engineers and Inspectors",Speaking,3.62
17-2111.00,"Health and Safety Engineers, Except Mining Safety Engineers and Inspectors",Monitoring,3.38
17-2111.00,"Health and Safety Engineers, Except Mining Safety Engineers and Inspectors",Active Learning,3.25
17-2111.00,"Health and Safety Engineers, Except Mining Safety Engineers and Inspectors",Learning Strategies,3.25
17-2111.00,"Health and Safety Engineers, Except Mining Safety Engineers and Inspectors",Mathematics,2.88
17-2111.00,"Health and Safety Engineers, Except Mining Safety Engineers and Inspectors",Science,2.5
17-2111.02,Fire-Prevention and Protection Engineers,Critical Thinking,4.25
17-2111.02,Fire-Prevention and Protection Engineers,Reading Comprehension,4.0
17-2111.02,Fire-Prevention and Protection Engineers,Speaking,4.0
17-2111.02,Fire-Prevention and Protection Engineers,Active Listening,3.88
17-2111.02,Fire-Prevention and Protection Engineers,Writing,3.88
17-2111.02,Fire-Prevention and Protection Engineers,Active Learning,3.88
17-2111.02,Fire-Prevention and Protection Engineers,Science,3.62
17-2111.02,Fire-Prevention and Protection Engineers,Mathematics,3.12
17-2111.02,Fire-Prevention and Protection Engineers,Learning Strategies,3.12
17-2111.02,Fire-Prevention and Protection Engineers,Monitoring,3.12
17-2112.00,Industrial Engineers,Reading Comprehension,4.0
17-2112.00,Industrial Engineers,Active Listening,4.0
17-2112.00,Industrial Engineers,Critical Thinking,4.0
17-2112.00,Industrial Engineers,Speaking,3.88
17-2112.00,Industrial Engineers,Writing,3.75
17-2112.00,Industrial Engineers,Monitoring,3.38
17-2112.00,Industrial Engineers,Mathematics,3.25
17-2112.00,Industrial Engineers,Active Learning,3.25
17-2112.00,Industrial Engineers,Learning Strategies,2.75
17-2112.00,Industrial Engineers,Science,2.12
17-2112.01,Human Factors Engineers and Ergonomists,Reading Comprehension,4.0
17-2112.01,Human Factors Engineers and Ergonomists,Active Listening,4.0
17-2112.01,Human Factors Engineers and Ergonomists,Writing,4.0
17-2112.01,Human Factors Engineers and Ergonomists,Speaking,4.0
17-2112.01,Human Factors Engineers and Ergonomists,Critical Thinking,4.0
17-2112.01,Human Factors Engineers and Ergonomists,Active Learning,3.75
17-2112.01,Human Factors Engineers and Ergonomists,Mathematics,3.5
17-2112.01,Human Factors Engineers and Ergonomists,Monitoring,3.5
17-2112.01,Human Factors Engineers and Ergonomists,Science,3.25
17-2112.01,Human Factors Engineers and Ergonomists,Learning Strategies,3.25
17-2112.02,Validation Engineers,Reading Comprehension,4.12
17-2112.02,Validation Engineers,Writing,4.0
17-2112.02,Validation Engineers,Speaking,4.0
17-2112.02,Validation Engineers,Critical Thinking,4.0
17-2112.02,Validation Engineers,Active Listening,3.88
17-2112.02,Validation Engineers,Monitoring,3.88
17-2112.02,Validation Engineers,Science,3.75
17-2112.02,Validation Engineers,Active Learning,3.25
17-2112.02,Validation Engineers,Mathematics,3.12
17-2112.02,Validation Engineers,Learning Strategies,3.0
17-2112.03,Manufacturing Engineers,Reading Comprehension,4.0
17-2112.03,Manufacturing Engineers,Mathematics,4.0
17-2112.03,Manufacturing Engineers,Active Listening,3.88
17-2112.03,Manufacturing Engineers,Speaking,3.88
17-2112.03,Manufacturing Engineers,Monitoring,3.88
17-2112.03,Manufacturing Engineers,Writing,3.75
17-2112.03,Manufacturing Engineers,Critical Thinking,3.75
17-2112.03,Manufacturing Engineers,Active Learning,3.62
17-2112.03,Manufacturing Engineers,Learning Strategies,3.25
17-2112.03,Manufacturing Engineers,Science,3.12
17-2121.00,Marine Engineers and Naval Architects,Critical Thinking,4.12
17-2121.00,Marine Engineers and Naval Architects,Reading Comprehension,3.88
17-2121.00,Marine Engineers and Naval Architects,Active Listening,3.75
17-2121.00,Marine Engineers and Naval Architects,Writing,3.75
17-2121.00,Marine Engineers and Naval Architects,Speaking,3.75
17-2121.00,Marine Engineers and Naval Architects,Mathematics,3.62
17-2121.00,Marine Engineers and Naval Architects,Science,3.5
17-2121.00,Marine Engineers and Naval Architects,Active Learning,3.5
17-2121.00,Marine Engineers and Naval Architects,Monitoring,3.38
17-2121.00,Marine Engineers and Naval Architects,Learning Strategies,2.88
17-2131.00,Materials Engineers,Reading Comprehension,4.0
17-2131.00,Materials Engineers,Active Listening,4.0
17-2131.00,Materials Engineers,Writing,4.0
17-2131.00,Materials Engineers,Speaking,4.0
17-2131.00,Materials Engineers,Mathematics,4.0
17-2131.00,Materials Engineers,Science,4.0
17-2131.00,Materials Engineers,Critical Thinking,4.0
17-2131.00,Materials Engineers,Active Learning,3.75
17-2131.00,Materials Engineers,Monitoring,3.25
17-2131.00,Materials Engineers,Learning Strategies,3.0
17-2141.00,Mechanical Engineers,Reading Comprehension,3.88
17-2141.00,Mechanical Engineers,Active Listening,3.88
17-2141.00,Mechanical Engineers,Critical Thinking,3.88
17-2141.00,Mechanical Engineers,Mathematics,3.75
17-2141.00,Mechanical Engineers,Science,3.75
17-2141.00,Mechanical Engineers,Active Learning,3.5
17-2141.00,Mechanical Engineers,Writing,3.38
17-2141.00,Mechanical Engineers,Speaking,3.38
17-2141.00,Mechanical Engineers,Monitoring,3.25
17-2141.00,Mechanical Engineers,Learning Strategies,2.88
17-2141.01,Fuel Cell Engineers,Reading Comprehension,4.0
17-2141.01,Fuel Cell Engineers,Critical Thinking,4.0
17-2141.01,Fuel Cell Engineers,Writing,3.75
17-2141.01,Fuel Cell Engineers,Speaking,3.75
17-2141.01,Fuel Cell Engineers,Science,3.75
17-2141.01,Fuel Cell Engineers,Active Listening,3.62
17-2141.01,Fuel Cell Engineers,Active Learning,3.62
17-2141.01,Fuel Cell Engineers,Monitoring,3.62
17-2141.01,Fuel Cell Engineers,Mathematics,3.5
17-2141.01,Fuel Cell Engineers,Learning Strategies,3.12
17-2141.02,Automotive Engineers,Critical Thinking,4.12
17-2141.02,Automotive Engineers,Reading Comprehension,4.0
17-2141.02,Automotive Engineers,Writing,3.88
17-2141.02,Automotive Engineers,Speaking,3.88
17-2141.02,Automotive Engineers,Mathematics,3.88
17-2141.02,Automotive Engineers,Active Listening,3.75
17-2141.02,Automotive Engineers,Active Learning,3.38
17-2141.02,Automotive Engineers,Science,3.25
17-2141.02,Automotive Engineers,Monitoring,3.12
17-2141.02,Automotive Engineers,Learning Strategies,2.88
17-2151.00,"Mining and Geological Engineers, Including Mining Safety Engineers",Reading Comprehension,4.0
17-2151.00,"Mining and Geological Engineers, Including Mining Safety Engineers",Writing,4.0
17-2151.00,"Mining and Geological Engineers, Including Mining Safety Engineers",Speaking,4.0
17-2151.00,"Mining and Geological Engineers, Including Mining Safety Engineers",Critical Thinking,4.0
17-2151.00,"Mining and Geological Engineers, Including Mining Safety Engineers",Active Listening,3.88
17-2151.00,"Mining and Geological Engineers, Including Mining Safety Engineers",Mathematics,3.75
17-2151.00,"Mining and Geological Engineers, Including Mining Safety Engineers",Monitoring,3.75
17-2151.00,"Mining and Geological Engineers, Including Mining Safety Engineers",Science,3.5
17-2151.00,"Mining and Geological Engineers, Including Mining Safety Engineers",Active Learning,3.5
17-2151.00,"Mining and Geological Engineers, Including Mining Safety Engineers",Learning Strategies,3.12
17-2161.00,Nuclear Engineers,Science,4.12
17-2161.00,Nuclear Engineers,Critical Thinking,4.12
17-2161.00,Nuclear Engineers,Reading Comprehension,4.0
17-2161.00,Nuclear Engineers,Active Listening,4.0
17-2161.00,Nuclear Engineers,Writing,4.0
17-2161.00,Nuclear Engineers,Mathematics,4.0
17-2161.00,Nuclear Engineers,Monitoring,4.0
17-2161.00,Nuclear Engineers,Active Learning,3.88
17-2161.00,Nuclear Engineers,Speaking,3.75
17-2161.00,Nuclear Engineers,Learning Strategies,3.0
17-2171.00,Petroleum Engineers,Reading Comprehension,4.0
17-2171.00,Petroleum Engineers,Critical Thinking,4.0
17-2171.00,Petroleum Engineers,Active Listening,3.88
17-2171.00,Petroleum Engineers,Writing,3.88
17-2171.00,Petroleum Engineers,Speaking,3.88
17-2171.00,Petroleum Engineers,Active Learning,3.75
17-2171.00,Petroleum Engineers,Monitoring,3.75
17-2171.00,Petroleum Engineers,Science,3.38
17-2171.00,Petroleum Engineers,Mathematics,3.25
17-2171.00,Petroleum Engineers,Learning Strategies,3.0
17-2199.03,"Energy Engineers, Except Wind and Solar",Reading Comprehension,4.12
17-2199.03,"Energy Engineers, Except Wind and Solar",Active Listening,4.0
17-2199.03,"Energy Engineers, Except Wind and Solar",Writing,4.0
17-2199.03,"Energy Engineers, Except Wind and Solar",Critical Thinking,4.0
17-2199.03,"Energy Engineers, Except Wind and Solar",Active Learning,4.0
17-2199.03,"Energy Engineers, Except Wind and Solar",Speaking,3.88
17-2199.03,"Energy Engineers, Except Wind and Solar",Mathematics,3.88
17-2199.03,"Energy Engineers, Except Wind and Solar",Science,3.88
17-2199.03,"Energy Engineers, Except Wind and Solar",Monitoring,3.88
17-2199.03,"Energy Engineers, Except Wind and Solar",Learning Strategies,2.88
17-2199.05,Mechatronics Engineers,Reading Comprehension,3.75
17-2199.05,Mechatronics Engineers,Writing,3.75
17-2199.05,Mechatronics Engineers,Critical Thinking,3.75
17-2199.05,Mechatronics Engineers,Active Listening,3.62
17-2199.05,Mechatronics Engineers,Speaking,3.5
17-2199.05,Mechatronics Engineers,Mathematics,3.38
17-2199.05,Mechatronics Engineers,Monitoring,3.38
17-2199.05,Mechatronics Engineers,Science,3.12
17-2199.05,Mechatronics Engineers,Active Learning,3.12
17-2199.05,Mechatronics Engineers,Learning Strategies,3.12
17-2199.06,Microsystems Engineers,Reading Comprehension,4.0
17-2199.06,Microsystems Engineers,Active Listening,4.0
17-2199.06,Microsystems Engineers,Critical Thinking,4.0
17-2199.06,Microsystems Engineers,Writing,3.75
17-2199.06,Microsystems Engineers,Speaking,3.62
17-2199.06,Microsystems Engineers,Science,3.62
17-2199.06,Microsystems Engineers,Monitoring,3.62
17-2199.06,Microsystems Engineers,Active Learning,3.5
17-2199.06,Microsystems Engineers,Mathematics,3.38
17-2199.06,Microsystems Engineers,Learning Strategies,3.25
17-2199.07,Photonics Engineers,Critical Thinking,4.0
17-2199.07,Photonics Engineers,Reading Comprehension,3.88
17-2199.07,Photonics Engineers,Writing,3.88
17-2199.07,Photonics Engineers,Active Listening,3.75
17-2199.07,Photonics Engineers,Speaking,3.62
17-2199.07,Photonics Engineers,Mathematics,3.62
17-2199.07,Photonics Engineers,Active Learning,3.62
17-2199.07,Photonics Engineers,Science,3.5
17-2199.07,Photonics Engineers,Learning Strategies,3.0
17-2199.07,Photonics Engineers,Monitoring,3.0
17-2199.08,Robotics Engineers,Critical Thinking,4.0
17-2199.08,Robotics Engineers,Reading Comprehension,3.88
17-2199.08,Robotics Engineers,Active Listening,3.88
17-2199.08,Robotics Engineers,Monitoring,3.88
17-2199.08,Robotics Engineers,Writing,3.75
17-2199.08,Robotics Engineers,Mathematics,3.75
17-2199.08,Robotics Engineers,Active Learning,3.75
17-2199.08,Robotics Engineers,Learning Strategies,3.38
17-2199.08,Robotics Engineers,Speaking,3.25
17-2199.08,Robotics Engineers,Science,3.12
17-2199.09,Nanosystems Engineers,Reading Comprehension,4.0
17-2199.09,Nanosystems Engineers,Speaking,4.0
17-2199.09,Nanosystems Engineers,Science,4.0
17-2199.09,Nanosystems Engineers,Critical Thinking,4.0
17-2199.09,Nanosystems Engineers,Active Listening,3.88
17-2199.09,Nanosystems Engineers,Writing,3.88
17-2199.09,Nanosystems Engineers,Mathematics,3.88
17-2199.09,Nanosystems Engineers,Active Learning,3.88
17-2199.09,Nanosystems Engineers,Monitoring,3.5
17-2199.09,Nanosystems Engineers,Learning Strategies,3.0
17-2199.10,Wind Energy Engineers,Critical Thinking,4.0
17-2199.10,Wind Energy Engineers,Reading Comprehension,3.75
17-2199.10,Wind Energy Engineers,Mathematics,3.5
17-2199.10,Wind Energy Engineers,Active Listening,3.38
17-2199.10,Wind Energy Engineers,Writing,3.38
17-2199.10,Wind Energy Engineers,Speaking,3.38
17-2199.10,Wind Energy Engineers,Science,3.25
17-2199.10,Wind Energy Engineers,Monitoring,3.12
17-2199.10,Wind Energy Engineers,Active Learning,3.0
17-2199.10,Wind Energy Engineers,Learning Strategies,2.75
17-2199.11,Solar Energy Systems Engineers,Reading Comprehension,4.0
17-2199.11,Solar Energy Systems Engineers,Critical Thinking,4.0
17-2199.11,Solar Energy Systems Engineers,Writing,3.88
17-2199.11,Solar Energy Systems Engineers,Speaking,3.88
17-2199.11,Solar Energy Systems Engineers,Active Listening,3.75
17-2199.11,Solar Energy Systems Engineers,Mathematics,3.38
17-2199.11,Solar Energy Systems Engineers,Science,3.25
17-2199.11,Solar Energy Systems Engineers,Active Learning,3.25
17-2199.11,Solar Energy Systems Engineers,Monitoring,3.25
17-2199.11,Solar Energy Systems Engineers,Learning Strategies,2.88
17-3011.00,Architectural and Civil Drafters,Reading Comprehension,3.75
17-3011.00,Architectural and Civil Drafters,Critical Thinking,3.62
17-3011.00,Architectural and Civil Drafters,Active Listening,3.5
17-3011.00,Architectural and Civil Drafters,Writing,3.25
17-3011.00,Architectural and Civil Drafters,Speaking,3.25
17-3011.00,Architectural and Civil Drafters,Monitoring,3.25
17-3011.00,Architectural and Civil Drafters,Mathematics,3.12
17-3011.00,Architectural and Civil Drafters,Active Learning,3.12
17-3011.00,Architectural and Civil Drafters,Learning Strategies,2.62
17-3011.00,Architectural and Civil Drafters,Science,2.12
17-3012.00,Electrical and Electronics Drafters,Active Listening,3.62
17-3012.00,Electrical and Electronics Drafters,Writing,3.5
17-3012.00,Electrical and Electronics Drafters,Critical Thinking,3.5
17-3012.00,Electrical and Electronics Drafters,Reading Comprehension,3.38
17-3012.00,Electrical and Electronics Drafters,Speaking,3.25
17-3012.00,Electrical and Electronics Drafters,Active Learning,3.25
17-3012.00,Electrical and Electronics Drafters,Monitoring,3.0
17-3012.00,Electrical and Electronics Drafters,Mathematics,2.75
17-3012.00,Electrical and Electronics Drafters,Learning Strategies,2.62
17-3012.00,Electrical and Electronics Drafters,Science,1.88
17-3013.00,Mechanical Drafters,Critical Thinking,3.38
17-3013.00,Mechanical Drafters,Reading Comprehension,3.25
17-3013.00,Mechanical Drafters,Active Listening,3.25
17-3013.00,Mechanical Drafters,Mathematics,3.25
17-3013.00,Mechanical Drafters,Active Learning,3.25
17-3013.00,Mechanical Drafters,Speaking,3.12
17-3013.00,Mechanical Drafters,Writing,3.0
17-3013.00,Mechanical Drafters,Monitoring,3.0
17-3013.00,Mechanical Drafters,Learning Strategies,2.75
17-3013.00,Mechanical Drafters,Science,1.88
17-3021.00,Aerospace Engineering and Operations Technologists and Technicians,Critical Thinking,3.88
17-3021.00,Aerospace Engineering and Operations Technologists and Technicians,Reading Comprehension,3.75
17-3021.00,Aerospace Engineering and Operations Technologists and Technicians,Active Listening,3.62
17-3021.00,Aerospace Engineering and Operations Technologists and Technicians,Speaking,3.62
17-3021.00,Aerospace Engineering and Operations Technologists and Technicians,Writing,3.12
17-3021.00,Aerospace Engineering and Operations Technologists and Technicians,Science,3.12
17-3021.00,Aerospace Engineering and Operations Technologists and Technicians,Monitoring,3.12
17-3021.00,Aerospace Engineering and Operations Technologists and Technicians,Mathematics,3.0
17-3021.00,Aerospace Engineering and Operations Technologists and Technicians,Active Learning,3.0
17-3021.00,Aerospace Engineering and Operations Technologists and Technicians,Learning Strategies,2.88
17-3022.00,Civil Engineering Technologists and Technicians,Critical Thinking,3.88
17-3022.00,Civil Engineering Technologists and Technicians,Reading Comprehension,3.75
17-3022.00,Civil Engineering Technologists and Technicians,Active Listening,3.75
17-3022.00,Civil Engineering Technologists and Technicians,Mathematics,3.62
17-3022.00,Civil Engineering Technologists and Technicians,Speaking,3.38
17-3022.00,Civil Engineering Technologists and Technicians,Writing,3.25
17-3022.00,Civil Engineering Technologists and Technicians,Monitoring,3.25
17-3022.00,Civil Engineering Technologists and Technicians,Active Learning,2.88
17-3022.00,Civil Engineering Technologists and Technicians,Science,2.75
17-3022.00,Civil Engineering Technologists and Technicians,Learning Strategies,2.25
17-3023.00,Electrical and Electronic Engineering Technologists and Technicians,Reading Comprehension,3.88
17-3023.00,Electrical and Electronic Engineering Technologists and Technicians,Critical Thinking,3.75
17-3023.00,Electrical and Electronic Engineering Technologists and Technicians,Active Listening,3.38
17-3023.00,Electrical and Electronic Engineering Technologists and Technicians,Speaking,3.38
17-3023.00,Electrical and Electronic Engineering Technologists and Technicians,Writing,3.25
17-3023.00,Electrical and Electronic Engineering Technologists and Technicians,Monitoring,3.25
17-3023.00,Electrical and Electronic Engineering Technologists and Technicians,Active Learning,3.12
17-3023.00,Electrical and Electronic Engineering Technologists and Technicians,Mathematics,2.88
17-3023.00,Electrical and Electronic Engineering Technologists and Technicians,Learning Strategies,2.62
17-3023.00,Electrical and Electronic Engineering Technologists and Technicians,Science,2.12
17-3024.00,Electro-Mechanical and Mechatronics Technologists and Technicians,Monitoring,3.75
17-3024.00,Electro-Mechanical and Mechatronics Technologists and Technicians,Critical Thinking,3.62
17-3024.00,Electro-Mechanical and Mechatronics Technologists and Technicians,Reading Comprehension,3.25
17-3024.00,Electro-Mechanical and Mechatronics Technologists and Technicians,Active Listening,3.12
17-3024.00,Electro-Mechanical and Mechatronics Technologists and Technicians,Writing,3.12
17-3024.00,Electro-Mechanical and Mechatronics Technologists and Technicians,Speaking,3.12
17-3024.00,Electro-Mechanical and Mechatronics Technologists and Technicians,Active Learning,3.12
17-3024.00,Electro-Mechanical and Mechatronics Technologists and Technicians,Mathematics,2.88
17-3024.00,Electro-Mechanical and Mechatronics Technologists and Technicians,Learning Strategies,2.88
17-3024.00,Electro-Mechanical and Mechatronics Technologists and Technicians,Science,2.75
17-3024.01,Robotics Technicians,Reading Comprehension,3.88
17-3024.01,Robotics Technicians,Critical Thinking,3.88
17-3024.01,Robotics Technicians,Active Listening,3.75
17-3024.01,Robotics Technicians,Writing,3.25
17-3024.01,Robotics Technicians,Speaking,3.25
17-3024.01,Robotics Technicians,Active Learning,3.12
17-3024.01,Robotics Technicians,Monitoring,3.12
17-3024.01,Robotics Technicians,Mathematics,3.0
17-3024.01,Robotics Technicians,Learning Strategies,3.0
17-3024.01,Robotics Technicians,Science,2.75
17-3025.00,Environmental Engineering Technologists and Technicians,Reading Comprehension,3.88
17-3025.00,Environmental Engineering Technologists and Technicians,Active Listening,3.88
17-3025.00,Environmental Engineering Technologists and Technicians,Critical Thinking,3.88
17-3025.00,Environmental Engineering Technologists and Technicians,Active Learning,3.75
17-3025.00,Environmental Engineering Technologists and Technicians,Speaking,3.38
17-3025.00,Environmental Engineering Technologists and Technicians,Science,3.38
17-3025.00,Environmental Engineering Technologists and Technicians,Monitoring,3.38
17-3025.00,Environmental Engineering Technologists and Technicians,Writing,3.12
17-3025.00,Environmental Engineering Technologists and Technicians,Mathematics,3.0
17-3025.00,Environmental Engineering Technologists and Technicians,Learning Strategies,3.0
17-3026.00,Industrial Engineering Technologists and Technicians,Reading Comprehension,3.88
17-3026.00,Industrial Engineering Technologists and Technicians,Active Listening,3.88
17-3026.00,Industrial Engineering Technologists and Technicians,Critical Thinking,3.88
17-3026.00,Industrial Engineering Technologists and Technicians,Writing,3.12
17-3026.00,Industrial Engineering Technologists and Technicians,Speaking,3.12
17-3026.00,Industrial Engineering Technologists and Technicians,Mathematics,3.12
17-3026.00,Industrial Engineering Technologists and Technicians,Active Learning,3.12
17-3026.00,Industrial Engineering Technologists and Technicians,Monitoring,3.12
17-3026.00,Industrial Engineering Technologists and Technicians,Science,3.0
17-3026.00,Industrial Engineering Technologists and Technicians,Learning Strategies,2.75
17-3026.01,Nanotechnology Engineering Technologists and Technicians,Reading Comprehension,4.12
17-3026.01,Nanotechnology Engineering Technologists and Technicians,Critical Thinking,4.0
17-3026.01,Nanotechnology Engineering Technologists and Technicians,Writing,3.75
17-3026.01,Nanotechnology Engineering Technologists and Technicians,Active Listening,3.62
17-3026.01,Nanotechnology Engineering Technologists and Technicians,Science,3.62
17-3026.01,Nanotechnology Engineering Technologists and Technicians,Speaking,3.38
17-3026.01,Nanotechnology Engineering Technologists and Technicians,Mathematics,3.38
17-3026.01,Nanotechnology Engineering Technologists and Technicians,Active Learning,3.38
17-3026.01,Nanotechnology Engineering Technologists and Technicians,Monitoring,3.38
17-3026.01,Nanotechnology Engineering Technologists and Technicians,Learning Strategies,3.0
17-3027.00,Mechanical Engineering Technologists and Technicians,Reading Comprehension,3.75
17-3027.00,Mechanical Engineering Technologists and Technicians,Active Listening,3.75
17-3027.00,Mechanical Engineering Technologists and Technicians,Critical Thinking,3.75
17-3027.00,Mechanical Engineering Technologists and Technicians,Speaking,3.62
17-3027.00,Mechanical Engineering Technologists and Technicians,Writing,3.5
17-3027.00,Mechanical Engineering Technologists and Technicians,Mathematics,3.25
17-3027.00,Mechanical Engineering Technologists and Technicians,Active Learning,3.12
17-3027.00,Mechanical Engineering Technologists and Technicians,Monitoring,3.12
17-3027.00,Mechanical Engineering Technologists and Technicians,Science,3.0
17-3027.00,Mechanical Engineering Technologists and Technicians,Learning Strategies,2.75
17-3027.01,Automotive Engineering Technicians,Reading Comprehension,3.62
17-3027.01,Automotive Engineering Technicians,Speaking,3.5
17-3027.01,Automotive Engineering Technicians,Critical Thinking,3.5
17-3027.01,Automotive Engineering Technicians,Active Listening,3.25
17-3027.01,Automotive Engineering Technicians,Writing,3.25
17-3027.01,Automotive Engineering Technicians,Mathematics,3.12
17-3027.01,Automotive Engineering Technicians,Monitoring,3.12
17-3027.01,Automotive Engineering Technicians,Active Learning,3.0
17-3027.01,Automotive Engineering Technicians,Science,2.62
17-3027.01,Automotive Engineering Technicians,Learning Strategies,2.38
17-3029.01,Non-Destructive Testing Specialists,Reading Comprehension,3.88
17-3029.01,Non-Destructive Testing Specialists,Active Listening,3.62
17-3029.01,Non-Destructive Testing Specialists,Critical Thinking,3.5
17-3029.01,Non-Destructive Testing Specialists,Monitoring,3.38
17-3029.01,Non-Destructive Testing Specialists,Writing,3.25
17-3029.01,Non-Destructive Testing Specialists,Active Learning,3.25
17-3029.01,Non-Destructive Testing Specialists,Speaking,3.12
17-3029.01,Non-Destructive Testing Specialists,Mathematics,3.12
17-3029.01,Non-Destructive Testing Specialists,Learning Strategies,3.12
17-3029.01,Non-Destructive Testing Specialists,Science,3.0
17-3029.08,Photonics Technicians,Reading Comprehension,3.5
17-3029.08,Photonics Technicians,Active Listening,3.38
17-3029.08,Photonics Technicians,Critical Thinking,3.38
17-3029.08,Photonics Technicians,Active Learning,3.25
17-3029.08,Photonics Technicians,Monitoring,3.25
17-3029.08,Photonics Technicians,Writing,3.12
17-3029.08,Photonics Technicians,Speaking,3.12
17-3029.08,Photonics Technicians,Mathematics,2.75
17-3029.08,Photonics Technicians,Learning Strategies,2.75
17-3029.08,Photonics Technicians,Science,2.5
17-3031.00,Surveying and Mapping Technicians,Reading Comprehension,3.62
17-3031.00,Surveying and Mapping Technicians,Critical Thinking,3.5
17-3031.00,Surveying and Mapping Technicians,Mathematics,3.25
17-3031.00,Surveying and Mapping Technicians,Active Listening,3.12
17-3031.00,Surveying and Mapping Technicians,Monitoring,3.12
17-3031.00,Surveying and Mapping Technicians,Speaking,3.0
17-3031.00,Surveying and Mapping Technicians,Writing,2.88
17-3031.00,Surveying and Mapping Technicians,Active Learning,2.88
17-3031.00,Surveying and Mapping Technicians,Learning Strategies,2.75
17-3031.00,Surveying and Mapping Technicians,Science,2.38
19-1011.00,Animal Scientists,Reading Comprehension,4.12
19-1011.00,Animal Scientists,Writing,4.0
19-1011.00,Animal Scientists,Science,4.0
19-1011.00,Animal Scientists,Critical Thinking,4.0
19-1011.00,Animal Scientists,Active Listening,3.88
19-1011.00,Animal Scientists,Speaking,3.88
19-1011.00,Animal Scientists,Active Learning,3.88
19-1011.00,Animal Scientists,Monitoring,3.75
19-1011.00,Animal Scientists,Mathematics,3.38
19-1011.00,Animal Scientists,Learning Strategies,3.25
19-1012.00,Food Scientists and Technologists,Reading Comprehension,4.0
19-1012.00,Food Scientists and Technologists,Critical Thinking,4.0
19-1012.00,Food Scientists and Technologists,Active Learning,4.0
19-1012.00,Food Scientists and Technologists,Active Listening,3.88
19-1012.00,Food Scientists and Technologists,Writing,3.88
19-1012.00,Food Scientists and Technologists,Speaking,3.88
19-1012.00,Food Scientists and Technologists,Science,3.88
19-1012.00,Food Scientists and Technologists,Monitoring,3.62
19-1012.00,Food Scientists and Technologists,Mathematics,3.12
19-1012.00,Food Scientists and Technologists,Learning Strategies,3.0
19-1013.00,Soil and Plant Scientists,Reading Comprehension,4.0
19-1013.00,Soil and Plant Scientists,Speaking,4.0
19-1013.00,Soil and Plant Scientists,Science,4.0
19-1013.00,Soil and Plant Scientists,Critical Thinking,4.0
19-1013.00,Soil and Plant Scientists,Active Learning,4.0
19-1013.00,Soil and Plant Scientists,Active Listening,3.88
19-1013.00,Soil and Plant Scientists,Writing,3.88
19-1013.00,Soil and Plant Scientists,Mathematics,3.25
19-1013.00,Soil and Plant Scientists,Learning Strategies,3.25
19-1013.00,Soil and Plant Scientists,Monitoring,3.25
19-1021.00,Biochemists and Biophysicists,Science,4.75
19-1021.00,Biochemists and Biophysicists,Reading Comprehension,4.38
19-1021.00,Biochemists and Biophysicists,Writing,4.25
19-1021.00,Biochemists and Biophysicists,Critical Thinking,4.25
19-1021.00,Biochemists and Biophysicists,Active Listening,4.12
19-1021.00,Biochemists and Biophysicists,Speaking,4.12
19-1021.00,Biochemists and Biophysicists,Active Learning,4.12
19-1021.00,Biochemists and Biophysicists,Learning Strategies,4.0
19-1021.00,Biochemists and Biophysicists,Mathematics,3.88
19-1021.00,Biochemists and Biophysicists,Monitoring,3.88
19-1022.00,Microbiologists,Science,4.62
19-1022.00,Microbiologists,Reading Comprehension,4.12
19-1022.00,Microbiologists,Writing,4.0
19-1022.00,Microbiologists,Critical Thinking,4.0
19-1022.00,Microbiologists,Active Listening,3.88
19-1022.00,Microbiologists,Speaking,3.88
19-1022.00,Microbiologists,Active Learning,3.88
19-1022.00,Microbiologists,Learning Strategies,3.62
19-1022.00,Microbiologists,Monitoring,3.62
19-1022.00,Microbiologists,Mathematics,3.12
19-1023.00,Zoologists and Wildlife Biologists,Reading Comprehension,4.0
19-1023.00,Zoologists and Wildlife Biologists,Active Listening,4.0
19-1023.00,Zoologists and Wildlife Biologists,Writing,4.0
19-1023.00,Zoologists and Wildlife Biologists,Speaking,4.0
19-1023.00,Zoologists and Wildlife Biologists,Science,4.0
19-1023.00,Zoologists and Wildlife Biologists,Critical Thinking,3.88
19-1023.00,Zoologists and Wildlife Biologists,Active Learning,3.88
19-1023.00,Zoologists and Wildlife Biologists,Monitoring,3.25
19-1023.00,Zoologists and Wildlife Biologists,Mathematics,3.12
19-1023.00,Zoologists and Wildlife Biologists,Learning Strategies,3.12
19-1029.01,Bioinformatics Scientists,Reading Comprehension,4.38
19-1029.01,Bioinformatics Scientists,Active Listening,4.0
19-1029.01,Bioinformatics Scientists,Writing,4.0
19-1029.01,Bioinformatics Scientists,Speaking,4.0
19-1029.01,Bioinformatics Scientists,Science,4.0
19-1029.01,Bioinformatics Scientists,Critical Thinking,4.0
19-1029.01,Bioinformatics Scientists,Mathematics,3.88
19-1029.01,Bioinformatics Scientists,Active Learning,3.88
19-1029.01,Bioinformatics Scientists,Monitoring,3.38
19-1029.01,Bioinformatics Scientists,Learning Strategies,3.0
19-1029.02,Molecular and Cellular Biologists,Science,4.75
19-1029.02,Molecular and Cellular Biologists,Reading Comprehension,4.38
19-1029.02,Molecular and Cellular Biologists,Writing,4.25
19-1029.02,Molecular and Cellular Biologists,Critical Thinking,4.12
19-1029.02,Molecular and Cellular Biologists,Active Listening,4.0
19-1029.02,Molecular and Cellular Biologists,Speaking,4.0
19-1029.02,Molecular and Cellular Biologists,Active Learning,3.88
19-1029.02,Molecular and Cellular Biologists,Learning Strategies,3.88
19-1029.02,Molecular and Cellular Biologists,Mathematics,3.75
19-1029.02,Molecular and Cellular Biologists,Monitoring,3.75
19-1029.03,Geneticists,Reading Comprehension,4.25
19-1029.03,Geneticists,Science,4.12
19-1029.03,Geneticists,Active Listening,4.0
19-1029.03,Geneticists,Writing,4.0
19-1029.03,Geneticists,Speaking,4.0
19-1029.03,Geneticists,Critical Thinking,4.0
19-1029.03,Geneticists,Active Learning,4.0
19-1029.03,Geneticists,Mathematics,3.88
19-1029.03,Geneticists,Learning Strategies,3.88
19-1029.03,Geneticists,Monitoring,3.75
19-1029.04,Biologists,Science,4.62
19-1029.04,Biologists,Reading Comprehension,4.12
19-1029.04,Biologists,Writing,4.12
19-1029.04,Biologists,Active Listening,4.0
19-1029.04,Biologists,Speaking,4.0
19-1029.04,Biologists,Critical Thinking,4.0
19-1029.04,Biologists,Mathematics,3.88
19-1029.04,Biologists,Active Learning,3.88
19-1029.04,Biologists,Learning Strategies,3.12
19-1029.04,Biologists,Monitoring,3.0
19-1031.00,Conservation Scientists,Reading Comprehension,3.88
19-1031.00,Conservation Scientists,Active Listening,3.88
19-1031.00,Conservation Scientists,Speaking,3.62
19-1031.00,Conservation Scientists,Writing,3.5
19-1031.00,Conservation Scientists,Science,3.5
19-1031.00,Conservation Scientists,Critical Thinking,3.5
19-1031.00,Conservation Scientists,Active Learning,3.25
19-1031.00,Conservation Scientists,Monitoring,3.25
19-1031.00,Conservation Scientists,Mathematics,3.12
19-1031.00,Conservation Scientists,Learning Strategies,2.88
19-1031.02,Range Managers,Reading Comprehension,4.0
19-1031.02,Range Managers,Active Listening,4.0
19-1031.02,Range Managers,Speaking,4.0
19-1031.02,Range Managers,Critical Thinking,3.88
19-1031.02,Range Managers,Monitoring,3.88
19-1031.02,Range Managers,Writing,3.38
19-1031.02,Range Managers,Active Learning,3.25
19-1031.02,Range Managers,Science,3.12
19-1031.02,Range Managers,Mathematics,3.0
19-1031.02,Range Managers,Learning Strategies,2.88
19-1031.03,Park Naturalists,Speaking,4.0
19-1031.03,Park Naturalists,Active Listening,3.88
19-1031.03,Park Naturalists,Writing,3.88
19-1031.03,Park Naturalists,Reading Comprehension,3.75
19-1031.03,Park Naturalists,Critical Thinking,3.75
19-1031.03,Park Naturalists,Monitoring,3.25
19-1031.03,Park Naturalists,Active Learning,3.12
19-1031.03,Park Naturalists,Learning Strategies,3.0
19-1031.03,Park Naturalists,Science,2.12
19-1031.03,Park Naturalists,Mathematics,2.0
19-1032.00,Foresters,Reading Comprehension,4.0
19-1032.00,Foresters,Speaking,4.0
19-1032.00,Foresters,Critical Thinking,4.0
19-1032.00,Foresters,Monitoring,4.0
19-1032.00,Foresters,Active Listening,3.88
19-1032.00,Foresters,Writing,3.75
19-1032.00,Foresters,Active Learning,3.25
19-1032.00,Foresters,Mathematics,3.0
19-1032.00,Foresters,Science,3.0
19-1032.00,Foresters,Learning Strategies,3.0
19-1041.00,Epidemiologists,Reading Comprehension,4.25
19-1041.00,Epidemiologists,Critical Thinking,4.25
19-1041.00,Epidemiologists,Active Listening,4.12
19-1041.00,Epidemiologists,Writing,4.12
19-1041.00,Epidemiologists,Speaking,4.12
19-1041.00,Epidemiologists,Science,4.12
19-1041.00,Epidemiologists,Active Learning,4.0
19-1041.00,Epidemiologists,Mathematics,3.75
19-1041.00,Epidemiologists,Monitoring,3.62
19-1041.00,Epidemiologists,Learning Strategies,3.5
19-1042.00,"Medical Scientists, Except Epidemiologists",Writing,4.25
19-1042.00,"Medical Scientists, Except Epidemiologists",Speaking,4.12
19-1042.00,"Medical Scientists, Except Epidemiologists",Science,4.12
19-1042.00,"Medical Scientists, Except Epidemiologists",Active Learning,4.12
19-1042.00,"Medical Scientists, Except Epidemiologists",Reading Comprehension,4.0
19-1042.00,"Medical Scientists, Except Epidemiologists",Active Listening,4.0
19-1042.00,"Medical Scientists, Except Epidemiologists",Critical Thinking,4.0
19-1042.00,"Medical Scientists, Except Epidemiologists",Mathematics,3.62
19-1042.00,"Medical Scientists, Except Epidemiologists",Monitoring,3.62
19-1042.00,"Medical Scientists, Except Epidemiologists",Learning Strategies,3.38
19-2011.00,Astronomers,Reading Comprehension,4.25
19-2011.00,Astronomers,Science,4.25
19-2011.00,Astronomers,Writing,4.12
19-2011.00,Astronomers,Mathematics,4.12
19-2011.00,Astronomers,Critical Thinking,4.12
19-2011.00,Astronomers,Active Listening,4.0
19-2011.00,Astronomers,Speaking,4.0
19-2011.00,Astronomers,Active Learning,4.0
19-2011.00,Astronomers,Learning Strategies,3.75
19-2011.00,Astronomers,Monitoring,3.38
19-2012.00,Physicists,Science,4.88
19-2012.00,Physicists,Critical Thinking,4.62
19-2012.00,Physicists,Reading Comprehension,4.5
19-2012.00,Physicists,Speaking,4.5
19-2012.00,Physicists,Mathematics,4.5
19-2012.00,Physicists,Active Learning,4.5
19-2012.00,Physicists,Writing,4.38
19-2012.00,Physicists,Active Listening,4.12
19-2012.00,Physicists,Learning Strategies,4.0
19-2012.00,Physicists,Monitoring,3.75
19-2021.00,Atmospheric and Space Scientists,Reading Comprehension,4.12
19-2021.00,Atmospheric and Space Scientists,Active Listening,4.0
19-2021.00,Atmospheric and Space Scientists,Speaking,4.0
19-2021.00,Atmospheric and Space Scientists,Science,4.0
19-2021.00,Atmospheric and Space Scientists,Critical Thinking,4.0
19-2021.00,Atmospheric and Space Scientists,Active Learning,4.0
19-2021.00,Atmospheric and Space Scientists,Writing,3.88
19-2021.00,Atmospheric and Space Scientists,Mathematics,3.38
19-2021.00,Atmospheric and Space Scientists,Learning Strategies,3.12
19-2021.00,Atmospheric and Space Scientists,Monitoring,3.12
19-2031.00,Chemists,Science,4.12
19-2031.00,Chemists,Reading Comprehension,4.0
19-2031.00,Chemists,Critical Thinking,4.0
19-2031.00,Chemists,Speaking,3.88
19-2031.00,Chemists,Active Listening,3.75
19-2031.00,Chemists,Writing,3.75
19-2031.00,Chemists,Mathematics,3.75
19-2031.00,Chemists,Active Learning,3.62
19-2031.00,Chemists,Monitoring,3.5
19-2031.00,Chemists,Learning Strategies,3.0
19-2032.00,Materials Scientists,Reading Comprehension,4.0
19-2032.00,Materials Scientists,Active Listening,4.0
19-2032.00,Materials Scientists,Science,4.0
19-2032.00,Materials Scientists,Critical Thinking,4.0
19-2032.00,Materials Scientists,Writing,3.88
19-2032.00,Materials Scientists,Speaking,3.75
19-2032.00,Materials Scientists,Active Learning,3.75
19-2032.00,Materials Scientists,Mathematics,3.5
19-2032.00,Materials Scientists,Monitoring,3.12
19-2032.00,Materials Scientists,Learning Strategies,3.0
19-2041.00,"Environmental Scientists and Specialists, Including Health",Reading Comprehension,4.0
19-2041.00,"Environmental Scientists and Specialists, Including Health",Active Listening,4.0
19-2041.00,"Environmental Scientists and Specialists, Including Health",Writing,4.0
19-2041.00,"Environmental Scientists and Specialists, Including Health",Speaking,4.0
19-2041.00,"Environmental Scientists and Specialists, Including Health",Science,4.0
19-2041.00,"Environmental Scientists and Specialists, Including Health",Critical Thinking,3.88
19-2041.00,"Environmental Scientists and Specialists, Including Health",Active Learning,3.75
19-2041.00,"Environmental Scientists and Specialists, Including Health",Monitoring,3.62
19-2041.00,"Environmental Scientists and Specialists, Including Health",Mathematics,3.25
19-2041.00,"Environmental Scientists and Specialists, Including Health",Learning Strategies,3.25
19-2041.01,Climate Change Policy Analysts,Reading Comprehension,4.25
19-2041.01,Climate Change Policy Analysts,Active Listening,4.0
19-2041.01,Climate Change Policy Analysts,Critical Thinking,4.0
19-2041.01,Climate Change Policy Analysts,Writing,3.88
19-2041.01,Climate Change Policy Analysts,Speaking,3.88
19-2041.01,Climate Change Policy Analysts,Active Learning,3.75
19-2041.01,Climate Change Policy Analysts,Monitoring,3.12
19-2041.01,Climate Change Policy Analysts,Mathematics,3.0
19-2041.01,Climate Change Policy Analysts,Learning Strategies,3.0
19-2041.01,Climate Change Policy Analysts,Science,2.62
19-2041.02,Environmental Restoration Planners,Critical Thinking,4.0
19-2041.02,Environmental Restoration Planners,Reading Comprehension,3.88
19-2041.02,Environmental Restoration Planners,Active Listening,3.88
19-2041.02,Environmental Restoration Planners,Writing,3.88
19-2041.02,Environmental Restoration Planners,Speaking,3.88
19-2041.02,Environmental Restoration Planners,Monitoring,3.75
19-2041.02,Environmental Restoration Planners,Science,3.5
19-2041.02,Environmental Restoration Planners,Active Learning,3.5
19-2041.02,Environmental Restoration Planners,Mathematics,3.25
19-2041.02,Environmental Restoration Planners,Learning Strategies,3.0
19-2041.03,Industrial Ecologists,Reading Comprehension,4.12
19-2041.03,Industrial Ecologists,Active Listening,4.0
19-2041.03,Industrial Ecologists,Writing,4.0
19-2041.03,Industrial Ecologists,Speaking,4.0
19-2041.03,Industrial Ecologists,Critical Thinking,3.88
19-2041.03,Industrial Ecologists,Science,3.62
19-2041.03,Industrial Ecologists,Active Learning,3.62
19-2041.03,Industrial Ecologists,Mathematics,3.38
19-2041.03,Industrial Ecologists,Monitoring,3.12
19-2041.03,Industrial Ecologists,Learning Strategies,3.0
19-2042.00,"Geoscientists, Except Hydrologists and Geographers",Reading Comprehension,4.25
19-2042.00,"Geoscientists, Except Hydrologists and Geographers",Science,4.25
19-2042.00,"Geoscientists, Except Hydrologists and Geographers",Writing,4.0
19-2042.00,"Geoscientists, Except Hydrologists and Geographers",Speaking,4.0
19-2042.00,"Geoscientists, Except Hydrologists and Geographers",Critical Thinking,4.0
19-2042.00,"Geoscientists, Except Hydrologists and Geographers",Active Listening,3.88
19-2042.00,"Geoscientists, Except Hydrologists and Geographers",Mathematics,3.5
19-2042.00,"Geoscientists, Except Hydrologists and Geographers",Active Learning,3.38
19-2042.00,"Geoscientists, Except Hydrologists and Geographers",Learning Strategies,3.12
19-2042.00,"Geoscientists, Except Hydrologists and Geographers",Monitoring,3.0
19-2043.00,Hydrologists,Critical Thinking,4.12
19-2043.00,Hydrologists,Reading Comprehension,3.88
19-2043.00,Hydrologists,Active Listening,3.88
19-2043.00,Hydrologists,Mathematics,3.88
19-2043.00,Hydrologists,Science,3.88
19-2043.00,Hydrologists,Writing,3.75
19-2043.00,Hydrologists,Speaking,3.75
19-2043.00,Hydrologists,Active Learning,3.75
19-2043.00,Hydrologists,Monitoring,3.25
19-2043.00,Hydrologists,Learning Strategies,3.0
19-2099.01,Remote Sensing Scientists and Technologists,Reading Comprehension,4.0
19-2099.01,Remote Sensing Scientists and Technologists,Critical Thinking,4.0
19-2099.01,Remote Sensing Scientists and Technologists,Active Listening,3.88
19-2099.01,Remote Sensing Scientists and Technologists,Writing,3.88
19-2099.01,Remote Sensing Scientists and Technologists,Speaking,3.88
19-2099.01,Remote Sensing Scientists and Technologists,Science,3.88
19-2099.01,Remote Sensing Scientists and Technologists,Mathematics,3.75
19-2099.01,Remote Sensing Scientists and Technologists,Active Learning,3.38
19-2099.01,Remote Sensing Scientists and Technologists,Monitoring,3.38
19-2099.01,Remote Sensing Scientists and Technologists,Learning Strategies,3.12
19-3011.00,Economists,Reading Comprehension,4.12
19-3011.00,Economists,Mathematics,4.12
19-3011.00,Economists,Critical Thinking,4.12
19-3011.00,Economists,Active Listening,4.0
19-3011.00,Economists,Writing,4.0
19-3011.00,Economists,Speaking,4.0
19-3011.00,Economists,Active Learning,3.75
19-3011.00,Economists,Learning Strategies,3.12
19-3011.00,Economists,Monitoring,3.12
19-3011.00,Economists,Science,1.88
19-3011.01,Environmental Economists,Writing,4.12
19-3011.01,Environmental Economists,Reading Comprehension,4.0
19-3011.01,Environmental Economists,Active Listening,4.0
19-3011.01,Environmental Economists,Mathematics,4.0
19-3011.01,Environmental Economists,Critical Thinking,4.0
19-3011.01,Environmental Economists,Active Learning,3.88
19-3011.01,Environmental Economists,Speaking,3.5
19-3011.01,Environmental Economists,Monitoring,3.5
19-3011.01,Environmental Economists,Learning Strategies,3.25
19-3011.01,Environmental Economists,Science,2.38
19-3022.00,Survey Researchers,Reading Comprehension,4.25
19-3022.00,Survey Researchers,Active Listening,4.25
19-3022.00,Survey Researchers,Writing,4.25
19-3022.00,Survey Researchers,Speaking,4.25
19-3022.00,Survey Researchers,Critical Thinking,4.25
19-3022.00,Survey Researchers,Mathematics,4.0
19-3022.00,Survey Researchers,Active Learning,3.88
19-3022.00,Survey Researchers,Learning Strategies,3.25
19-3022.00,Survey Researchers,Monitoring,3.12
19-3022.00,Survey Researchers,Science,2.88
19-3032.00,Industrial-Organizational Psychologists,Reading Comprehension,4.38
19-3032.00,Industrial-Organizational Psychologists,Active Listening,4.38
19-3032.00,Industrial-Organizational Psychologists,Writing,4.25
19-3032.00,Industrial-Organizational Psychologists,Speaking,4.12
19-3032.00,Industrial-Organizational Psychologists,Critical Thinking,4.12
19-3032.00,Industrial-Organizational Psychologists,Active Learning,3.88
19-3032.00,Industrial-Organizational Psychologists,Monitoring,3.88
19-3032.00,Industrial-Organizational Psychologists,Science,3.75
19-3032.00,Industrial-Organizational Psychologists,Learning Strategies,3.62
19-3032.00,Industrial-Organizational Psychologists,Mathematics,3.5
19-3033.00,Clinical and Counseling Psychologists,Reading Comprehension,4.75
19-3033.00,Clinical and Counseling Psychologists,Active Listening,4.25
19-3033.00,Clinical and Counseling Psychologists,Writing,4.25
19-3033.00,Clinical and Counseling Psychologists,Critical Thinking,4.25
19-3033.00,Clinical and Counseling Psychologists,Speaking,4.12
19-3033.00,Clinical and Counseling Psychologists,Active Learning,3.88
19-3033.00,Clinical and Counseling Psychologists,Monitoring,3.75
19-3033.00,Clinical and Counseling Psychologists,Learning Strategies,3.62
19-3033.00,Clinical and Counseling Psychologists,Science,2.38
19-3033.00,Clinical and Counseling Psychologists,Mathematics,2.25
19-3034.00,School Psychologists,Reading Comprehension,4.62
19-3034.00,School Psychologists,Speaking,4.62
19-3034.00,School Psychologists,Active Listening,4.5
19-3034.00,School Psychologists,Writing,4.12
19-3034.00,School Psychologists,Critical Thinking,4.12
19-3034.00,School Psychologists,Monitoring,4.0
19-3034.00,School Psychologists,Active Learning,3.88
19-3034.00,School Psychologists,Learning Strategies,3.88
19-3034.00,School Psychologists,Mathematics,2.88
19-3034.00,School Psychologists,Science,2.5
19-3039.02,Neuropsychologists,Reading Comprehension,4.5
19-3039.02,Neuropsychologists,Active Listening,4.5
19-3039.02,Neuropsychologists,Writing,4.38
19-3039.02,Neuropsychologists,Speaking,4.25
19-3039.02,Neuropsychologists,Critical Thinking,4.25
19-3039.02,Neuropsychologists,Active Learning,3.88
19-3039.02,Neuropsychologists,Science,3.62
19-3039.02,Neuropsychologists,Monitoring,3.62
19-3039.02,Neuropsychologists,Learning Strategies,3.5
19-3039.02,Neuropsychologists,Mathematics,3.0
19-3039.03,Clinical Neuropsychologists,Active Listening,4.38
19-3039.03,Clinical Neuropsychologists,Critical Thinking,4.25
19-3039.03,Clinical Neuropsychologists,Reading Comprehension,4.12
19-3039.03,Clinical Neuropsychologists,Speaking,4.0
19-3039.03,Clinical Neuropsychologists,Writing,3.88
19-3039.03,Clinical Neuropsychologists,Active Learning,3.75
19-3039.03,Clinical Neuropsychologists,Monitoring,3.62
19-3039.03,Clinical Neuropsychologists,Learning Strategies,3.5
19-3039.03,Clinical Neuropsychologists,Mathematics,2.62
19-3039.03,Clinical Neuropsychologists,Science,2.62
19-3041.00,Sociologists,Active Listening,4.12
19-3041.00,Sociologists,Speaking,4.12
19-3041.00,Sociologists,Reading Comprehension,4.0
19-3041.00,Sociologists,Writing,4.0
19-3041.00,Sociologists,Critical Thinking,4.0
19-3041.00,Sociologists,Active Learning,4.0
19-3041.00,Sociologists,Learning Strategies,3.88
19-3041.00,Sociologists,Monitoring,3.5
19-3041.00,Sociologists,Science,3.12
19-3041.00,Sociologists,Mathematics,2.88
19-3051.00,Urban and Regional Planners,Active Listening,4.12
19-3051.00,Urban and Regional Planners,Speaking,4.12
19-3051.00,Urban and Regional Planners,Reading Comprehension,4.0
19-3051.00,Urban and Regional Planners,Critical Thinking,4.0
19-3051.00,Urban and Regional Planners,Writing,3.88
19-3051.00,Urban and Regional Planners,Active Learning,3.25
19-3051.00,Urban and Regional Planners,Mathematics,3.0
19-3051.00,Urban and Regional Planners,Learning Strategies,3.0
19-3051.00,Urban and Regional Planners,Monitoring,3.0
19-3051.00,Urban and Regional Planners,Science,2.62
19-3091.00,Anthropologists and Archeologists,Writing,4.25
19-3091.00,Anthropologists and Archeologists,Speaking,4.25
19-3091.00,Anthropologists and Archeologists,Reading Comprehension,4.12
19-3091.00,Anthropologists and Archeologists,Active Listening,4.12
19-3091.00,Anthropologists and Archeologists,Critical Thinking,4.12
19-3091.00,Anthropologists and Archeologists,Active Learning,3.88
19-3091.00,Anthropologists and Archeologists,Monitoring,3.5
19-3091.00,Anthropologists and Archeologists,Learning Strategies,3.38
19-3091.00,Anthropologists and Archeologists,Science,3.0
19-3091.00,Anthropologists and Archeologists,Mathematics,2.75
19-3092.00,Geographers,Reading Comprehension,4.12
19-3092.00,Geographers,Writing,4.12
19-3092.00,Geographers,Speaking,4.0
19-3092.00,Geographers,Critical Thinking,4.0
19-3092.00,Geographers,Active Listening,3.75
19-3092.00,Geographers,Active Learning,3.62
19-3092.00,Geographers,Science,3.38
19-3092.00,Geographers,Learning Strategies,3.12
19-3092.00,Geographers,Mathematics,3.0
19-3092.00,Geographers,Monitoring,3.0
19-3093.00,Historians,Reading Comprehension,4.75
19-3093.00,Historians,Writing,4.12
19-3093.00,Historians,Critical Thinking,4.12
19-3093.00,Historians,Active Listening,4.0
19-3093.00,Historians,Speaking,4.0
19-3093.00,Historians,Active Learning,4.0
19-3093.00,Historians,Learning Strategies,3.25
19-3093.00,Historians,Monitoring,3.0
19-3093.00,Historians,Science,2.62
19-3093.00,Historians,Mathematics,2.0
19-3094.00,Political Scientists,Reading Comprehension,4.25
19-3094.00,Political Scientists,Active Listening,4.12
19-3094.00,Political Scientists,Speaking,4.12
19-3094.00,Political Scientists,Active Learning,4.12
19-3094.00,Political Scientists,Writing,4.0
19-3094.00,Political Scientists,Critical Thinking,4.0
19-3094.00,Political Scientists,Learning Strategies,3.5
19-3094.00,Political Scientists,Mathematics,3.0
19-3094.00,Political Scientists,Monitoring,2.88
19-3094.00,Political Scientists,Science,2.62
19-3099.01,Transportation Planners,Reading Comprehension,4.0
19-3099.01,Transportation Planners,Active Listening,4.0
19-3099.01,Transportation Planners,Writing,4.0
19-3099.01,Transportation Planners,Speaking,4.0
19-3099.01,Transportation Planners,Critical Thinking,4.0
19-3099.01,Transportation Planners,Active Learning,3.75
19-3099.01,Transportation Planners,Mathematics,3.38
19-3099.01,Transportation Planners,Monitoring,3.12
19-3099.01,Transportation Planners,Learning Strategies,3.0
19-3099.01,Transportation Planners,Science,2.38
19-4012.00,Agricultural Technicians,Reading Comprehension,3.38
19-4012.00,Agricultural Technicians,Active Listening,3.25
19-4012.00,Agricultural Technicians,Critical Thinking,3.25
19-4012.00,Agricultural Technicians,Writing,3.12
19-4012.00,Agricultural Technicians,Active Learning,3.12
19-4012.00,Agricultural Technicians,Monitoring,3.12
19-4012.00,Agricultural Technicians,Speaking,3.0
19-4012.00,Agricultural Technicians,Mathematics,2.88
19-4012.00,Agricultural Technicians,Learning Strategies,2.88
19-4012.00,Agricultural Technicians,Science,2.75
19-4012.01,Precision Agriculture Technicians,Reading Comprehension,3.88
19-4012.01,Precision Agriculture Technicians,Active Listening,3.75
19-4012.01,Precision Agriculture Technicians,Speaking,3.75
19-4012.01,Precision Agriculture Technicians,Critical Thinking,3.75
19-4012.01,Precision Agriculture Technicians,Writing,3.5
19-4012.01,Precision Agriculture Technicians,Active Learning,3.38
19-4012.01,Precision Agriculture Technicians,Mathematics,3.25
19-4012.01,Precision Agriculture Technicians,Monitoring,3.25
19-4012.01,Precision Agriculture Technicians,Learning Strategies,3.0
19-4012.01,Precision Agriculture Technicians,Science,2.88
19-4013.00,Food Science Technicians,Reading Comprehension,3.75
19-4013.00,Food Science Technicians,Active Listening,3.5
19-4013.00,Food Science Technicians,Writing,3.5
19-4013.00,Food Science Technicians,Speaking,3.5
19-4013.00,Food Science Technicians,Science,3.25
19-4013.00,Food Science Technicians,Critical Thinking,3.25
19-4013.00,Food Science Technicians,Monitoring,3.12
19-4013.00,Food Science Technicians,Active Learning,3.0
19-4013.00,Food Science Technicians,Learning Strategies,2.88
19-4013.00,Food Science Technicians,Mathematics,2.75
19-4021.00,Biological Technicians,Reading Comprehension,4.0
19-4021.00,Biological Technicians,Active Listening,3.88
19-4021.00,Biological Technicians,Science,3.75
19-4021.00,Biological Technicians,Critical Thinking,3.75
19-4021.00,Biological Technicians,Writing,3.5
19-4021.00,Biological Technicians,Active Learning,3.5
19-4021.00,Biological Technicians,Speaking,3.38
19-4021.00,Biological Technicians,Monitoring,3.38
19-4021.00,Biological Technicians,Mathematics,3.0
19-4021.00,Biological Technicians,Learning Strategies,2.88
19-4031.00,Chemical Technicians,Science,4.12
19-4031.00,Chemical Technicians,Reading Comprehension,4.0
19-4031.00,Chemical Technicians,Critical Thinking,4.0
19-4031.00,Chemical Technicians,Active Listening,3.88
19-4031.00,Chemical Technicians,Writing,3.88
19-4031.00,Chemical Technicians,Monitoring,3.88
19-4031.00,Chemical Technicians,Speaking,3.38
19-4031.00,Chemical Technicians,Active Learning,3.38
19-4031.00,Chemical Technicians,Learning Strategies,3.12
19-4031.00,Chemical Technicians,Mathematics,3.0
19-4042.00,"Environmental Science and Protection Technicians, Including Health",Reading Comprehension,4.0
19-4042.00,"Environmental Science and Protection Technicians, Including Health",Active Listening,3.88
19-4042.00,"Environmental Science and Protection Technicians, Including Health",Writing,3.88
19-4042.00,"Environmental Science and Protection Technicians, Including Health",Speaking,3.88
19-4042.00,"Environmental Science and Protection Technicians, Including Health",Critical Thinking,3.75
19-4042.00,"Environmental Science and Protection Technicians, Including Health",Science,3.38
19-4042.00,"Environmental Science and Protection Technicians, Including Health",Monitoring,3.38
19-4042.00,"Environmental Science and Protection Technicians, Including Health",Mathematics,3.12
19-4042.00,"Environmental Science and Protection Technicians, Including Health",Active Learning,3.12
19-4042.00,"Environmental Science and Protection Technicians, Including Health",Learning Strategies,3.0
19-4043.00,"Geological Technicians, Except Hydrologic Technicians",Reading Comprehension,3.75
19-4043.00,"Geological Technicians, Except Hydrologic Technicians",Critical Thinking,3.5
19-4043.00,"Geological Technicians, Except Hydrologic Technicians",Writing,3.25
19-4043.00,"Geological Technicians, Except Hydrologic Technicians",Monitoring,3.25
19-4043.00,"Geological Technicians, Except Hydrologic Technicians",Active Listening,3.12
19-4043.00,"Geological Technicians, Except Hydrologic Technicians",Speaking,3.0
19-4043.00,"Geological Technicians, Except Hydrologic Technicians",Mathematics,2.75
19-4043.00,"Geological Technicians, Except Hydrologic Technicians",Active Learning,2.75
19-4043.00,"Geological Technicians, Except Hydrologic Technicians",Science,2.62
19-4043.00,"Geological Technicians, Except Hydrologic Technicians",Learning Strategies,2.62
19-4051.00,Nuclear Technicians,Monitoring,3.75
19-4051.00,Nuclear Technicians,Reading Comprehension,3.62
19-4051.00,Nuclear Technicians,Active Listening,3.62
19-4051.00,Nuclear Technicians,Critical Thinking,3.62
19-4051.00,Nuclear Technicians,Active Learning,3.38
19-4051.00,Nuclear Technicians,Writing,3.25
19-4051.00,Nuclear Technicians,Speaking,3.25
19-4051.00,Nuclear Technicians,Learning Strategies,2.88
19-4051.00,Nuclear Technicians,Mathematics,2.75
19-4051.00,Nuclear Technicians,Science,2.75
19-4051.02,Nuclear Monitoring Technicians,Active Listening,3.88
19-4051.02,Nuclear Monitoring Technicians,Critical Thinking,3.88
19-4051.02,Nuclear Monitoring Technicians,Monitoring,3.88
19-4051.02,Nuclear Monitoring Technicians,Reading Comprehension,3.75
19-4051.02,Nuclear Monitoring Technicians,Speaking,3.5
19-4051.02,Nuclear Monitoring Technicians,Writing,3.12
19-4051.02,Nuclear Monitoring Technicians,Mathematics,3.12
19-4051.02,Nuclear Monitoring Technicians,Science,3.12
19-4051.02,Nuclear Monitoring Technicians,Learning Strategies,3.12
19-4051.02,Nuclear Monitoring Technicians,Active Learning,3.0
19-4061.00,Social Science Research Assistants,Reading Comprehension,4.0
19-4061.00,Social Science Research Assistants,Active Listening,3.75
19-4061.00,Social Science Research Assistants,Writing,3.75
19-4061.00,Social Science Research Assistants,Critical Thinking,3.75
19-4061.00,Social Science Research Assistants,Speaking,3.38
19-4061.00,Social Science Research Assistants,Science,3.25
19-4061.00,Social Science Research Assistants,Mathematics,3.12
19-4061.00,Social Science Research Assistants,Active Learning,3.12
19-4061.00,Social Science Research Assistants,Learning Strategies,3.0
19-4061.00,Social Science Research Assistants,Monitoring,2.88
19-4071.00,Forest and Conservation Technicians,Active Listening,3.75
19-4071.00,Forest and Conservation Technicians,Critical Thinking,3.75
19-4071.00,Forest and Conservation Technicians,Reading Comprehension,3.38
19-4071.00,Forest and Conservation Technicians,Speaking,3.25
19-4071.00,Forest and Conservation Technicians,Monitoring,3.12
19-4071.00,Forest and Conservation Technicians,Writing,3.0
19-4071.00,Forest and Conservation Technicians,Active Learning,3.0
19-4071.00,Forest and Conservation Technicians,Learning Strategies,3.0
19-4071.00,Forest and Conservation Technicians,Mathematics,2.75
19-4071.00,Forest and Conservation Technicians,Science,2.75
19-4092.00,Forensic Science Technicians,Reading Comprehension,4.0
19-4092.00,Forensic Science Technicians,Active Listening,4.0
19-4092.00,Forensic Science Technicians,Writing,4.0
19-4092.00,Forensic Science Technicians,Speaking,4.0
19-4092.00,Forensic Science Technicians,Critical Thinking,4.0
19-4092.00,Forensic Science Technicians,Active Learning,3.38
19-4092.00,Forensic Science Technicians,Science,3.25
19-4092.00,Forensic Science Technicians,Monitoring,3.25
19-4092.00,Forensic Science Technicians,Learning Strategies,3.0
19-4092.00,Forensic Science Technicians,Mathematics,2.75
19-4099.01,Quality Control Analysts,Reading Comprehension,3.75
19-4099.01,Quality Control Analysts,Monitoring,3.75
19-4099.01,Quality Control Analysts,Active Listening,3.38
19-4099.01,Quality Control Analysts,Writing,3.25
19-4099.01,Quality Control Analysts,Critical Thinking,3.25
19-4099.01,Quality Control Analysts,Speaking,3.12
19-4099.01,Quality Control Analysts,Active Learning,3.12
19-4099.01,Quality Control Analysts,Mathematics,3.0
19-4099.01,Quality Control Analysts,Science,2.75
19-4099.01,Quality Control Analysts,Learning Strategies,2.75
19-4099.03,Remote Sensing Technicians,Critical Thinking,3.75
19-4099.03,Remote Sensing Technicians,Reading Comprehension,3.5
19-4099.03,Remote Sensing Technicians,Speaking,3.5
19-4099.03,Remote Sensing Technicians,Mathematics,3.5
19-4099.03,Remote Sensing Technicians,Active Listening,3.38
19-4099.03,Remote Sensing Technicians,Monitoring,3.38
19-4099.03,Remote Sensing Technicians,Writing,3.25
19-4099.03,Remote Sensing Technicians,Active Learning,3.0
19-4099.03,Remote Sensing Technicians,Learning Strategies,2.75
19-4099.03,Remote Sensing Technicians,Science,2.62
19-5011.00,Occupational Health and Safety Specialists,Reading Comprehension,4.0
19-5011.00,Occupational Health and Safety Specialists,Active Listening,4.0
19-5011.00,Occupational Health and Safety Specialists,Writing,4.0
19-5011.00,Occupational Health and Safety Specialists,Speaking,4.0
19-5011.00,Occupational Health and Safety Specialists,Critical Thinking,3.75
19-5011.00,Occupational Health and Safety Specialists,Monitoring,3.62
19-5011.00,Occupational Health and Safety Specialists,Active Learning,3.38
19-5011.00,Occupational Health and Safety Specialists,Mathematics,3.0
19-5011.00,Occupational Health and Safety Specialists,Learning Strategies,3.0
19-5011.00,Occupational Health and Safety Specialists,Science,2.75
19-5012.00,Occupational Health and Safety Technicians,Active Listening,4.0
19-5012.00,Occupational Health and Safety Technicians,Reading Comprehension,3.88
19-5012.00,Occupational Health and Safety Technicians,Speaking,3.88
19-5012.00,Occupational Health and Safety Technicians,Critical Thinking,3.88
19-5012.00,Occupational Health and Safety Technicians,Writing,3.75
19-5012.00,Occupational Health and Safety Technicians,Monitoring,3.25
19-5012.00,Occupational Health and Safety Technicians,Active Learning,3.12
19-5012.00,Occupational Health and Safety Technicians,Learning Strategies,3.0
19-5012.00,Occupational Health and Safety Technicians,Mathematics,2.75
19-5012.00,Occupational Health and Safety Technicians,Science,2.75
21-1011.00,Substance Abuse and Behavioral Disorder Counselors,Active Listening,4.25
21-1011.00,Substance Abuse and Behavioral Disorder Counselors,Speaking,4.12
21-1011.00,Substance Abuse and Behavioral Disorder Counselors,Reading Comprehension,4.0
21-1011.00,Substance Abuse and Behavioral Disorder Counselors,Writing,4.0
21-1011.00,Substance Abuse and Behavioral Disorder Counselors,Monitoring,4.0
21-1011.00,Substance Abuse and Behavioral Disorder Counselors,Critical Thinking,3.88
21-1011.00,Substance Abuse and Behavioral Disorder Counselors,Active Learning,3.88
21-1011.00,Substance Abuse and Behavioral Disorder Counselors,Learning Strategies,3.25
21-1011.00,Substance Abuse and Behavioral Disorder Counselors,Mathematics,2.0
21-1011.00,Substance Abuse and Behavioral Disorder Counselors,Science,1.88
21-1012.00,"Educational, Guidance, and Career Counselors and Advisors",Active Listening,4.38
21-1012.00,"Educational, Guidance, and Career Counselors and Advisors",Speaking,4.12
21-1012.00,"Educational, Guidance, and Career Counselors and Advisors",Reading Comprehension,3.88
21-1012.00,"Educational, Guidance, and Career Counselors and Advisors",Writing,3.88
21-1012.00,"Educational, Guidance, and Career Counselors and Advisors",Critical Thinking,3.88
21-1012.00,"Educational, Guidance, and Career Counselors and Advisors",Active Learning,3.75
21-1012.00,"Educational, Guidance, and Career Counselors and Advisors",Learning Strategies,3.75
21-1012.00,"Educational, Guidance, and Career Counselors and Advisors",Monitoring,3.75
21-1012.00,"Educational, Guidance, and Career Counselors and Advisors",Mathematics,2.25
21-1012.00,"Educational, Guidance, and Career Counselors and Advisors",Science,1.5
21-1013.00,Marriage and Family Therapists,Active Listening,4.75
21-1013.00,Marriage and Family Therapists,Speaking,4.25
21-1013.00,Marriage and Family Therapists,Reading Comprehension,4.0
21-1013.00,Marriage and Family Therapists,Writing,3.88
21-1013.00,Marriage and Family Therapists,Critical Thinking,3.88
21-1013.00,Marriage and Family Therapists,Active Learning,3.88
21-1013.00,Marriage and Family Therapists,Monitoring,3.88
21-1013.00,Marriage and Family Therapists,Learning Strategies,3.38
21-1013.00,Marriage and Family Therapists,Science,2.38
21-1013.00,Marriage and Family Therapists,Mathematics,2.0
21-1014.00,Mental Health Counselors,Active Listening,5.0
21-1014.00,Mental Health Counselors,Speaking,4.25
21-1014.00,Mental Health Counselors,Reading Comprehension,4.12
21-1014.00,Mental Health Counselors,Writing,4.12
21-1014.00,Mental Health Counselors,Critical Thinking,4.0
21-1014.00,Mental Health Counselors,Active Learning,3.75
21-1014.00,Mental Health Counselors,Monitoring,3.75
21-1014.00,Mental Health Counselors,Learning Strategies,3.12
21-1014.00,Mental Health Counselors,Science,2.75
21-1014.00,Mental Health Counselors,Mathematics,2.0
21-1015.00,Rehabilitation Counselors,Active Listening,4.12
21-1015.00,Rehabilitation Counselors,Speaking,4.12
21-1015.00,Rehabilitation Counselors,Monitoring,4.12
21-1015.00,Rehabilitation Counselors,Reading Comprehension,3.88
21-1015.00,Rehabilitation Counselors,Critical Thinking,3.88
21-1015.00,Rehabilitation Counselors,Writing,3.5
21-1015.00,Rehabilitation Counselors,Active Learning,3.25
21-1015.00,Rehabilitation Counselors,Learning Strategies,3.12
21-1015.00,Rehabilitation Counselors,Mathematics,2.0
21-1015.00,Rehabilitation Counselors,Science,2.0
21-1021.00,"Child, Family, and School Social Workers",Active Listening,4.88
21-1021.00,"Child, Family, and School Social Workers",Speaking,4.5
21-1021.00,"Child, Family, and School Social Workers",Critical Thinking,4.12
21-1021.00,"Child, Family, and School Social Workers",Reading Comprehension,4.0
21-1021.00,"Child, Family, and School Social Workers",Monitoring,3.88
21-1021.00,"Child, Family, and School Social Workers",Writing,3.75
21-1021.00,"Child, Family, and School Social Workers",Active Learning,3.38
21-1021.00,"Child, Family, and School Social Workers",Learning Strategies,3.12
21-1021.00,"Child, Family, and School Social Workers",Science,2.25
21-1021.00,"Child, Family, and School Social Workers",Mathematics,2.0
21-1022.00,Healthcare Social Workers,Speaking,4.12
21-1022.00,Healthcare Social Workers,Reading Comprehension,4.0
21-1022.00,Healthcare Social Workers,Active Listening,4.0
21-1022.00,Healthcare Social Workers,Critical Thinking,4.0
21-1022.00,Healthcare Social Workers,Writing,3.88
21-1022.00,Healthcare Social Workers,Active Learning,3.75
21-1022.00,Healthcare Social Workers,Monitoring,3.25
21-1022.00,Healthcare Social Workers,Learning Strategies,3.12
21-1022.00,Healthcare Social Workers,Science,2.62
21-1022.00,Healthcare Social Workers,Mathematics,2.0
21-1023.00,Mental Health and Substance Abuse Social Workers,Active Listening,4.12
21-1023.00,Mental Health and Substance Abuse Social Workers,Speaking,4.12
21-1023.00,Mental Health and Substance Abuse Social Workers,Reading Comprehension,4.0
21-1023.00,Mental Health and Substance Abuse Social Workers,Critical Thinking,4.0
21-1023.00,Mental Health and Substance Abuse Social Workers,Monitoring,4.0
21-1023.00,Mental Health and Substance Abuse Social Workers,Writing,3.75
21-1023.00,Mental Health and Substance Abuse Social Workers,Learning Strategies,3.75
21-1023.00,Mental Health and Substance Abuse Social Workers,Active Learning,3.25
21-1023.00,Mental Health and Substance Abuse Social Workers,Science,2.62
21-1023.00,Mental Health and Substance Abuse Social Workers,Mathematics,2.0
21-1091.00,Health Education Specialists,Active Listening,4.12
21-1091.00,Health Education Specialists,Writing,4.12
21-1091.00,Health Education Specialists,Speaking,4.12
21-1091.00,Health Education Specialists,Learning Strategies,4.0
21-1091.00,Health Education Specialists,Active Learning,3.88
21-1091.00,Health Education Specialists,Reading Comprehension,3.75
21-1091.00,Health Education Specialists,Critical Thinking,3.75
21-1091.00,Health Education Specialists,Monitoring,3.25
21-1091.00,Health Education Specialists,Science,2.5
21-1091.00,Health Education Specialists,Mathematics,2.12
21-1092.00,Probation Officers and Correctional Treatment Specialists,Active Listening,4.0
21-1092.00,Probation Officers and Correctional Treatment Specialists,Speaking,4.0
21-1092.00,Probation Officers and Correctional Treatment Specialists,Reading Comprehension,3.88
21-1092.00,Probation Officers and Correctional Treatment Specialists,Critical Thinking,3.88
21-1092.00,Probation Officers and Correctional Treatment Specialists,Writing,3.75
21-1092.00,Probation Officers and Correctional Treatment Specialists,Monitoring,3.75
21-1092.00,Probation Officers and Correctional Treatment Specialists,Active Learning,3.38
21-1092.00,Probation Officers and Correctional Treatment Specialists,Learning Strategies,2.25
21-1092.00,Probation Officers and Correctional Treatment Specialists,Mathematics,1.88
21-1092.00,Probation Officers and Correctional Treatment Specialists,Science,1.75
21-1093.00,Social and Human Service Assistants,Active Listening,4.0
21-1093.00,Social and Human Service Assistants,Speaking,4.0
21-1093.00,Social and Human Service Assistants,Reading Comprehension,3.75
21-1093.00,Social and Human Service Assistants,Writing,3.62
21-1093.00,Social and Human Service Assistants,Critical Thinking,3.62
21-1093.00,Social and Human Service Assistants,Monitoring,3.62
21-1093.00,Social and Human Service Assistants,Active Learning,3.25
21-1093.00,Social and Human Service Assistants,Learning Strategies,2.88
21-1093.00,Social and Human Service Assistants,Mathematics,2.0
21-1093.00,Social and Human Service Assistants,Science,1.75
21-1094.00,Community Health Workers,Active Listening,4.0
21-1094.00,Community Health Workers,Speaking,4.0
21-1094.00,Community Health Workers,Critical Thinking,4.0
21-1094.00,Community Health Workers,Reading Comprehension,3.88
21-1094.00,Community Health Workers,Active Learning,3.88
21-1094.00,Community Health Workers,Writing,3.75
21-1094.00,Community Health Workers,Monitoring,3.75
21-1094.00,Community Health Workers,Learning Strategies,3.12
21-1094.00,Community Health Workers,Mathematics,2.0
21-1094.00,Community Health Workers,Science,1.5
21-2011.00,Clergy,Speaking,4.75
21-2011.00,Clergy,Active Listening,4.25
21-2011.00,Clergy,Reading Comprehension,3.88
21-2011.00,Clergy,Writing,3.88
21-2011.00,Clergy,Critical Thinking,3.75
21-2011.00,Clergy,Active Learning,3.75
21-2011.00,Clergy,Learning Strategies,3.62
21-2011.00,Clergy,Monitoring,3.5
21-2011.00,Clergy,Mathematics,1.88
21-2011.00,Clergy,Science,1.38
21-2021.00,"Directors, Religious Activities and Education",Speaking,4.12
21-2021.00,"Directors, Religious Activities and Education",Active Listening,4.0
21-2021.00,"Directors, Religious Activities and Education",Reading Comprehension,3.88
21-2021.00,"Directors, Religious Activities and Education",Critical Thinking,3.88
21-2021.00,"Directors, Religious Activities and Education",Active Learning,3.88
21-2021.00,"Directors, Religious Activities and Education",Learning Strategies,3.75
21-2021.00,"Directors, Religious Activities and Education",Writing,3.25
21-2021.00,"Directors, Religious Activities and Education",Monitoring,3.12
21-2021.00,"Directors, Religious Activities and Education",Mathematics,2.12
21-2021.00,"Directors, Religious Activities and Education",Science,1.38
23-1011.00,Lawyers,Speaking,4.62
23-1011.00,Lawyers,Reading Comprehension,4.5
23-1011.00,Lawyers,Active Listening,4.5
23-1011.00,Lawyers,Critical Thinking,4.5
23-1011.00,Lawyers,Writing,4.25
23-1011.00,Lawyers,Active Learning,3.75
23-1011.00,Lawyers,Monitoring,3.38
23-1011.00,Lawyers,Learning Strategies,3.12
23-1011.00,Lawyers,Mathematics,2.0
23-1011.00,Lawyers,Science,1.5
23-1012.00,Judicial Law Clerks,Reading Comprehension,4.5
23-1012.00,Judicial Law Clerks,Active Listening,4.25
23-1012.00,Judicial Law Clerks,Critical Thinking,4.25
23-1012.00,Judicial Law Clerks,Writing,4.12
23-1012.00,Judicial Law Clerks,Speaking,4.0
23-1012.00,Judicial Law Clerks,Active Learning,3.75
23-1012.00,Judicial Law Clerks,Learning Strategies,3.0
23-1012.00,Judicial Law Clerks,Monitoring,3.0
23-1012.00,Judicial Law Clerks,Mathematics,1.88
23-1012.00,Judicial Law Clerks,Science,1.0
23-1021.00,"Administrative Law Judges, Adjudicators, and Hearing Officers",Reading Comprehension,4.5
23-1021.00,"Administrative Law Judges, Adjudicators, and Hearing Officers",Active Listening,4.5
23-1021.00,"Administrative Law Judges, Adjudicators, and Hearing Officers",Critical Thinking,4.5
23-1021.00,"Administrative Law Judges, Adjudicators, and Hearing Officers",Writing,4.25
23-1021.00,"Administrative Law Judges, Adjudicators, and Hearing Officers",Speaking,4.12
23-1021.00,"Administrative Law Judges, Adjudicators, and Hearing Officers",Active Learning,4.0
23-1021.00,"Administrative Law Judges, Adjudicators, and Hearing Officers",Monitoring,3.88
23-1021.00,"Administrative Law Judges, Adjudicators, and Hearing Officers",Learning Strategies,3.0
23-1021.00,"Administrative Law Judges, Adjudicators, and Hearing Officers",Mathematics,2.12
23-1021.00,"Administrative Law Judges, Adjudicators, and Hearing Officers",Science,1.38
23-1022.00,"Arbitrators, Mediators, and Conciliators",Active Listening,4.38
23-1022.00,"Arbitrators, Mediators, and Conciliators",Writing,4.25
23-1022.00,"Arbitrators, Mediators, and Conciliators",Reading Comprehension,4.12
23-1022.00,"Arbitrators, Mediators, and Conciliators",Speaking,4.12
23-1022.00,"Arbitrators, Mediators, and Conciliators",Critical Thinking,4.0
23-1022.00,"Arbitrators, Mediators, and Conciliators",Active Learning,3.88
23-1022.00,"Arbitrators, Mediators, and Conciliators",Learning Strategies,2.88
23-1022.00,"Arbitrators, Mediators, and Conciliators",Monitoring,2.88
23-1022.00,"Arbitrators, Mediators, and Conciliators",Mathematics,2.12
23-1022.00,"Arbitrators, Mediators, and Conciliators",Science,1.25
23-1023.00,"Judges, Magistrate Judges, and Magistrates",Active Listening,5.0
23-1023.00,"Judges, Magistrate Judges, and Magistrates",Critical Thinking,4.88
23-1023.00,"Judges, Magistrate Judges, and Magistrates",Reading Comprehension,4.25
23-1023.00,"Judges, Magistrate Judges, and Magistrates",Writing,4.12
23-1023.00,"Judges, Magistrate Judges, and Magistrates",Speaking,4.12
23-1023.00,"Judges, Magistrate Judges, and Magistrates",Active Learning,4.0
23-1023.00,"Judges, Magistrate Judges, and Magistrates",Monitoring,3.88
23-1023.00,"Judges, Magistrate Judges, and Magistrates",Learning Strategies,2.75
23-1023.00,"Judges, Magistrate Judges, and Magistrates",Mathematics,2.12
23-1023.00,"Judges, Magistrate Judges, and Magistrates",Science,1.75
23-2011.00,Paralegals and Legal Assistants,Writing,4.0
23-2011.00,Paralegals and Legal Assistants,Reading Comprehension,3.88
23-2011.00,Paralegals and Legal Assistants,Active Listening,3.88
23-2011.00,Paralegals and Legal Assistants,Speaking,3.62
23-2011.00,Paralegals and Legal Assistants,Critical Thinking,3.25
23-2011.00,Paralegals and Legal Assistants,Active Learning,3.0
23-2011.00,Paralegals and Legal Assistants,Monitoring,3.0
23-2011.00,Paralegals and Legal Assistants,Learning Strategies,2.25
23-2011.00,Paralegals and Legal Assistants,Mathematics,2.0
23-2011.00,Paralegals and Legal Assistants,Science,1.38
23-2093.00,"Title Examiners, Abstractors, and Searchers",Reading Comprehension,4.0
23-2093.00,"Title Examiners, Abstractors, and Searchers",Active Listening,3.75
23-2093.00,"Title Examiners, Abstractors, and Searchers",Speaking,3.62
23-2093.00,"Title Examiners, Abstractors, and Searchers",Critical Thinking,3.62
23-2093.00,"Title Examiners, Abstractors, and Searchers",Writing,3.25
23-2093.00,"Title Examiners, Abstractors, and Searchers",Monitoring,3.0
23-2093.00,"Title Examiners, Abstractors, and Searchers",Active Learning,2.88
23-2093.00,"Title Examiners, Abstractors, and Searchers",Learning Strategies,2.38
23-2093.00,"Title Examiners, Abstractors, and Searchers",Mathematics,2.12
23-2093.00,"Title Examiners, Abstractors, and Searchers",Science,1.0
25-1011.00,"Business Teachers, Postsecondary",Speaking,4.25
25-1011.00,"Business Teachers, Postsecondary",Reading Comprehension,4.0
25-1011.00,"Business Teachers, Postsecondary",Active Listening,4.0
25-1011.00,"Business Teachers, Postsecondary",Writing,4.0
25-1011.00,"Business Teachers, Postsecondary",Learning Strategies,4.0
25-1011.00,"Business Teachers, Postsecondary",Critical Thinking,3.88
25-1011.00,"Business Teachers, Postsecondary",Active Learning,3.88
25-1011.00,"Business Teachers, Postsecondary",Monitoring,3.62
25-1011.00,"Business Teachers, Postsecondary",Mathematics,3.0
25-1011.00,"Business Teachers, Postsecondary",Science,1.88
25-1021.00,"Computer Science Teachers, Postsecondary",Reading Comprehension,4.0
25-1021.00,"Computer Science Teachers, Postsecondary",Writing,4.0
25-1021.00,"Computer Science Teachers, Postsecondary",Speaking,4.0
25-1021.00,"Computer Science Teachers, Postsecondary",Active Listening,3.88
25-1021.00,"Computer Science Teachers, Postsecondary",Critical Thinking,3.88
25-1021.00,"Computer Science Teachers, Postsecondary",Active Learning,3.88
25-1021.00,"Computer Science Teachers, Postsecondary",Learning Strategies,3.88
25-1021.00,"Computer Science Teachers, Postsecondary",Monitoring,3.75
25-1021.00,"Computer Science Teachers, Postsecondary",Mathematics,3.12
25-1021.00,"Computer Science Teachers, Postsecondary",Science,2.75
25-1022.00,"Mathematical Science Teachers, Postsecondary",Mathematics,4.25
25-1022.00,"Mathematical Science Teachers, Postsecondary",Speaking,4.12
25-1022.00,"Mathematical Science Teachers, Postsecondary",Reading Comprehension,4.0
25-1022.00,"Mathematical Science Teachers, Postsecondary",Active Listening,4.0
25-1022.00,"Mathematical Science Teachers, Postsecondary",Writing,3.88
25-1022.00,"Mathematical Science Teachers, Postsecondary",Critical Thinking,3.88
25-1022.00,"Mathematical Science Teachers, Postsecondary",Learning Strategies,3.88
25-1022.00,"Mathematical Science Teachers, Postsecondary",Monitoring,3.88
25-1022.00,"Mathematical Science Teachers, Postsecondary",Active Learning,3.75
25-1022.00,"Mathematical Science Teachers, Postsecondary",Science,2.38
25-1031.00,"Architecture Teachers, Postsecondary",Reading Comprehension,4.12
25-1031.00,"Architecture Teachers, Postsecondary",Speaking,4.12
25-1031.00,"Architecture Teachers, Postsecondary",Learning Strategies,4.12
25-1031.00,"Architecture Teachers, Postsecondary",Active Listening,4.0
25-1031.00,"Architecture Teachers, Postsecondary",Writing,4.0
25-1031.00,"Architecture Teachers, Postsecondary",Critical Thinking,3.88
25-1031.00,"Architecture Teachers, Postsecondary",Active Learning,3.88
25-1031.00,"Architecture Teachers, Postsecondary",Monitoring,3.75
25-1031.00,"Architecture Teachers, Postsecondary",Mathematics,2.88
25-1031.00,"Architecture Teachers, Postsecondary",Science,2.38
25-1032.00,"Engineering Teachers, Postsecondary",Speaking,4.12
25-1032.00,"Engineering Teachers, Postsecondary",Learning Strategies,4.12
25-1032.00,"Engineering Teachers, Postsecondary",Reading Comprehension,4.0
25-1032.00,"Engineering Teachers, Postsecondary",Active Listening,4.0
25-1032.00,"Engineering Teachers, Postsecondary",Writing,3.88
25-1032.00,"Engineering Teachers, Postsecondary",Mathematics,3.88
25-1032.00,"Engineering Teachers, Postsecondary",Critical Thinking,3.88
25-1032.00,"Engineering Teachers, Postsecondary",Active Learning,3.62
25-1032.00,"Engineering Teachers, Postsecondary",Science,3.5
25-1032.00,"Engineering Teachers, Postsecondary",Monitoring,3.38
25-1041.00,"Agricultural Sciences Teachers, Postsecondary",Reading Comprehension,4.12
25-1041.00,"Agricultural Sciences Teachers, Postsecondary",Speaking,4.12
25-1041.00,"Agricultural Sciences Teachers, Postsecondary",Learning Strategies,4.12
25-1041.00,"Agricultural Sciences Teachers, Postsecondary",Active Listening,4.0
25-1041.00,"Agricultural Sciences Teachers, Postsecondary",Writing,4.0
25-1041.00,"Agricultural Sciences Teachers, Postsecondary",Critical Thinking,4.0
25-1041.00,"Agricultural Sciences Teachers, Postsecondary",Active Learning,4.0
25-1041.00,"Agricultural Sciences Teachers, Postsecondary",Monitoring,3.88
25-1041.00,"Agricultural Sciences Teachers, Postsecondary",Science,3.5
25-1041.00,"Agricultural Sciences Teachers, Postsecondary",Mathematics,3.0
25-1042.00,"Biological Science Teachers, Postsecondary",Speaking,4.25
25-1042.00,"Biological Science Teachers, Postsecondary",Learning Strategies,4.12
25-1042.00,"Biological Science Teachers, Postsecondary",Reading Comprehension,4.0
25-1042.00,"Biological Science Teachers, Postsecondary",Active Listening,4.0
25-1042.00,"Biological Science Teachers, Postsecondary",Writing,4.0
25-1042.00,"Biological Science Teachers, Postsecondary",Science,4.0
25-1042.00,"Biological Science Teachers, Postsecondary",Active Learning,4.0
25-1042.00,"Biological Science Teachers, Postsecondary",Critical Thinking,3.88
25-1042.00,"Biological Science Teachers, Postsecondary",Monitoring,3.88
25-1042.00,"Biological Science Teachers, Postsecondary",Mathematics,3.12
25-1043.00,"Forestry and Conservation Science Teachers, Postsecondary",Reading Comprehension,4.12
25-1043.00,"Forestry and Conservation Science Teachers, Postsecondary",Writing,4.12
25-1043.00,"Forestry and Conservation Science Teachers, Postsecondary",Learning Strategies,4.12
25-1043.00,"Forestry and Conservation Science Teachers, Postsecondary",Active Listening,4.0
25-1043.00,"Forestry and Conservation Science Teachers, Postsecondary",Speaking,4.0
25-1043.00,"Forestry and Conservation Science Teachers, Postsecondary",Active Learning,4.0
25-1043.00,"Forestry and Conservation Science Teachers, Postsecondary",Critical Thinking,3.88
25-1043.00,"Forestry and Conservation Science Teachers, Postsecondary",Monitoring,3.88
25-1043.00,"Forestry and Conservation Science Teachers, Postsecondary",Science,3.25
25-1043.00,"Forestry and Conservation Science Teachers, Postsecondary",Mathematics,3.0
25-1051.00,"Atmospheric, Earth, Marine, and Space Sciences Teachers, Postsecondary",Speaking,4.75
25-1051.00,"Atmospheric, Earth, Marine, and Space Sciences Teachers, Postsecondary",Reading Comprehension,4.0
25-1051.00,"Atmospheric, Earth, Marine, and Space Sciences Teachers, Postsecondary",Active Listening,4.0
25-1051.00,"Atmospheric, Earth, Marine, and Space Sciences Teachers, Postsecondary",Writing,4.0
25-1051.00,"Atmospheric, Earth, Marine, and Space Sciences Teachers, Postsecondary",Science,4.0
25-1051.00,"Atmospheric, Earth, Marine, and Space Sciences Teachers, Postsecondary",Critical Thinking,4.0
25-1051.00,"Atmospheric, Earth, Marine, and Space Sciences Teachers, Postsecondary",Active Learning,3.88
25-1051.00,"Atmospheric, Earth, Marine, and Space Sciences Teachers, Postsecondary",Learning Strategies,3.88
25-1051.00,"Atmospheric, Earth, Marine, and Space Sciences Teachers, Postsecondary",Monitoring,3.62
25-1051.00,"Atmospheric, Earth, Marine, and Space Sciences Teachers, Postsecondary",Mathematics,3.38
25-1052.00,"Chemistry Teachers, Postsecondary",Reading Comprehension,4.12
25-1052.00,"Chemistry Teachers, Postsecondary",Writing,4.12
25-1052.00,"Chemistry Teachers, Postsecondary",Speaking,4.12
25-1052.00,"Chemistry Teachers, Postsecondary",Active Listening,4.0
25-1052.00,"Chemistry Teachers, Postsecondary",Science,4.0
25-1052.00,"Chemistry Teachers, Postsecondary",Critical Thinking,4.0
25-1052.00,"Chemistry Teachers, Postsecondary",Active Learning,4.0
25-1052.00,"Chemistry Teachers, Postsecondary",Learning Strategies,4.0
25-1052.00,"Chemistry Teachers, Postsecondary",Monitoring,4.0
25-1052.00,"Chemistry Teachers, Postsecondary",Mathematics,3.25
25-1053.00,"Environmental Science Teachers, Postsecondary",Reading Comprehension,4.12
25-1053.00,"Environmental Science Teachers, Postsecondary",Speaking,4.12
25-1053.00,"Environmental Science Teachers, Postsecondary",Active Listening,4.0
25-1053.00,"Environmental Science Teachers, Postsecondary",Writing,4.0
25-1053.00,"Environmental Science Teachers, Postsecondary",Science,4.0
25-1053.00,"Environmental Science Teachers, Postsecondary",Critical Thinking,4.0
25-1053.00,"Environmental Science Teachers, Postsecondary",Learning Strategies,4.0
25-1053.00,"Environmental Science Teachers, Postsecondary",Active Learning,3.88
25-1053.00,"Environmental Science Teachers, Postsecondary",Monitoring,3.88
25-1053.00,"Environmental Science Teachers, Postsecondary",Mathematics,3.0
25-1054.00,"Physics Teachers, Postsecondary",Reading Comprehension,4.12
25-1054.00,"Physics Teachers, Postsecondary",Speaking,4.12
25-1054.00,"Physics Teachers, Postsecondary",Science,4.12
25-1054.00,"Physics Teachers, Postsecondary",Active Listening,4.0
25-1054.00,"Physics Teachers, Postsecondary",Writing,4.0
25-1054.00,"Physics Teachers, Postsecondary",Critical Thinking,4.0
25-1054.00,"Physics Teachers, Postsecondary",Active Learning,4.0
25-1054.00,"Physics Teachers, Postsecondary",Learning Strategies,4.0
25-1054.00,"Physics Teachers, Postsecondary",Mathematics,3.62
25-1054.00,"Physics Teachers, Postsecondary",Monitoring,3.62
25-1061.00,"Anthropology and Archeology Teachers, Postsecondary",Speaking,4.88
25-1061.00,"Anthropology and Archeology Teachers, Postsecondary",Reading Comprehension,4.75
25-1061.00,"Anthropology and Archeology Teachers, Postsecondary",Writing,4.62
25-1061.00,"Anthropology and Archeology Teachers, Postsecondary",Active Listening,4.38
25-1061.00,"Anthropology and Archeology Teachers, Postsecondary",Learning Strategies,4.38
25-1061.00,"Anthropology and Archeology Teachers, Postsecondary",Active Learning,4.25
25-1061.00,"Anthropology and Archeology Teachers, Postsecondary",Critical Thinking,4.0
25-1061.00,"Anthropology and Archeology Teachers, Postsecondary",Monitoring,3.88
25-1061.00,"Anthropology and Archeology Teachers, Postsecondary",Science,3.75
25-1061.00,"Anthropology and Archeology Teachers, Postsecondary",Mathematics,2.62
25-1062.00,"Area, Ethnic, and Cultural Studies Teachers, Postsecondary",Reading Comprehension,4.25
25-1062.00,"Area, Ethnic, and Cultural Studies Teachers, Postsecondary",Speaking,4.12
25-1062.00,"Area, Ethnic, and Cultural Studies Teachers, Postsecondary",Active Listening,4.0
25-1062.00,"Area, Ethnic, and Cultural Studies Teachers, Postsecondary",Writing,4.0
25-1062.00,"Area, Ethnic, and Cultural Studies Teachers, Postsecondary",Active Learning,4.0
25-1062.00,"Area, Ethnic, and Cultural Studies Teachers, Postsecondary",Learning Strategies,4.0
25-1062.00,"Area, Ethnic, and Cultural Studies Teachers, Postsecondary",Critical Thinking,3.88
25-1062.00,"Area, Ethnic, and Cultural Studies Teachers, Postsecondary",Monitoring,3.12
25-1062.00,"Area, Ethnic, and Cultural Studies Teachers, Postsecondary",Science,2.5
25-1062.00,"Area, Ethnic, and Cultural Studies Teachers, Postsecondary",Mathematics,2.0
25-1063.00,"Economics Teachers, Postsecondary",Speaking,4.12
25-1063.00,"Economics Teachers, Postsecondary",Reading Comprehension,4.0
25-1063.00,"Economics Teachers, Postsecondary",Active Listening,4.0
25-1063.00,"Economics Teachers, Postsecondary",Writing,4.0
25-1063.00,"Economics Teachers, Postsecondary",Critical Thinking,3.88
25-1063.00,"Economics Teachers, Postsecondary",Learning Strategies,3.88
25-1063.00,"Economics Teachers, Postsecondary",Active Learning,3.75
25-1063.00,"Economics Teachers, Postsecondary",Mathematics,3.25
25-1063.00,"Economics Teachers, Postsecondary",Monitoring,3.0
25-1063.00,"Economics Teachers, Postsecondary",Science,2.38
25-1064.00,"Geography Teachers, Postsecondary",Writing,4.12
25-1064.00,"Geography Teachers, Postsecondary",Speaking,4.12
25-1064.00,"Geography Teachers, Postsecondary",Reading Comprehension,4.0
25-1064.00,"Geography Teachers, Postsecondary",Active Listening,4.0
25-1064.00,"Geography Teachers, Postsecondary",Critical Thinking,3.88
25-1064.00,"Geography Teachers, Postsecondary",Active Learning,3.88
25-1064.00,"Geography Teachers, Postsecondary",Learning Strategies,3.88
25-1064.00,"Geography Teachers, Postsecondary",Science,3.12
25-1064.00,"Geography Teachers, Postsecondary",Monitoring,3.12
25-1064.00,"Geography Teachers, Postsecondary",Mathematics,2.75
25-1065.00,"Political Science Teachers, Postsecondary",Speaking,4.62
25-1065.00,"Political Science Teachers, Postsecondary",Reading Comprehension,4.12
25-1065.00,"Political Science Teachers, Postsecondary",Active Listening,4.0
25-1065.00,"Political Science Teachers, Postsecondary",Writing,4.0
25-1065.00,"Political Science Teachers, Postsecondary",Active Learning,4.0
25-1065.00,"Political Science Teachers, Postsecondary",Critical Thinking,3.88
25-1065.00,"Political Science Teachers, Postsecondary",Learning Strategies,3.88
25-1065.00,"Political Science Teachers, Postsecondary",Monitoring,3.0
25-1065.00,"Political Science Teachers, Postsecondary",Science,2.38
25-1065.00,"Political Science Teachers, Postsecondary",Mathematics,2.0
25-1066.00,"Psychology Teachers, Postsecondary",Learning Strategies,4.25
25-1066.00,"Psychology Teachers, Postsecondary",Reading Comprehension,4.12
25-1066.00,"Psychology Teachers, Postsecondary",Speaking,4.12
25-1066.00,"Psychology Teachers, Postsecondary",Active Listening,4.0
25-1066.00,"Psychology Teachers, Postsecondary",Writing,4.0
25-1066.00,"Psychology Teachers, Postsecondary",Critical Thinking,3.88
25-1066.00,"Psychology Teachers, Postsecondary",Active Learning,3.88
25-1066.00,"Psychology Teachers, Postsecondary",Monitoring,3.5
25-1066.00,"Psychology Teachers, Postsecondary",Science,3.38
25-1066.00,"Psychology Teachers, Postsecondary",Mathematics,3.0
25-1067.00,"Sociology Teachers, Postsecondary",Speaking,4.62
25-1067.00,"Sociology Teachers, Postsecondary",Reading Comprehension,4.0
25-1067.00,"Sociology Teachers, Postsecondary",Active Listening,4.0
25-1067.00,"Sociology Teachers, Postsecondary",Writing,4.0
25-1067.00,"Sociology Teachers, Postsecondary",Learning Strategies,4.0
25-1067.00,"Sociology Teachers, Postsecondary",Critical Thinking,3.75
25-1067.00,"Sociology Teachers, Postsecondary",Monitoring,3.75
25-1067.00,"Sociology Teachers, Postsecondary",Active Learning,3.62
25-1067.00,"Sociology Teachers, Postsecondary",Science,2.75
25-1067.00,"Sociology Teachers, Postsecondary",Mathematics,2.12
25-1071.00,"Health Specialties Teachers, Postsecondary",Reading Comprehension,4.12
25-1071.00,"Health Specialties Teachers, Postsecondary",Speaking,4.12
25-1071.00,"Health Specialties Teachers, Postsecondary",Active Listening,4.0
25-1071.00,"Health Specialties Teachers, Postsecondary",Writing,4.0
25-1071.00,"Health Specialties Teachers, Postsecondary",Critical Thinking,4.0
25-1071.00,"Health Specialties Teachers, Postsecondary",Active Learning,4.0
25-1071.00,"Health Specialties Teachers, Postsecondary",Learning Strategies,4.0
25-1071.00,"Health Specialties Teachers, Postsecondary",Monitoring,3.62
25-1071.00,"Health Specialties Teachers, Postsecondary",Science,3.25
25-1071.00,"Health Specialties Teachers, Postsecondary",Mathematics,3.0
25-1072.00,"Nursing Instructors and Teachers, Postsecondary",Speaking,4.12
25-1072.00,"Nursing Instructors and Teachers, Postsecondary",Learning Strategies,4.12
25-1072.00,"Nursing Instructors and Teachers, Postsecondary",Reading Comprehension,4.0
25-1072.00,"Nursing Instructors and Teachers, Postsecondary",Active Listening,4.0
25-1072.00,"Nursing Instructors and Teachers, Postsecondary",Writing,4.0
25-1072.00,"Nursing Instructors and Teachers, Postsecondary",Critical Thinking,3.88
25-1072.00,"Nursing Instructors and Teachers, Postsecondary",Active Learning,3.88
25-1072.00,"Nursing Instructors and Teachers, Postsecondary",Monitoring,3.88
25-1072.00,"Nursing Instructors and Teachers, Postsecondary",Mathematics,2.88
25-1072.00,"Nursing Instructors and Teachers, Postsecondary",Science,2.88
25-1081.00,"Education Teachers, Postsecondary",Speaking,4.62
25-1081.00,"Education Teachers, Postsecondary",Reading Comprehension,4.25
25-1081.00,"Education Teachers, Postsecondary",Active Listening,4.12
25-1081.00,"Education Teachers, Postsecondary",Learning Strategies,4.12
25-1081.00,"Education Teachers, Postsecondary",Writing,4.0
25-1081.00,"Education Teachers, Postsecondary",Active Learning,4.0
25-1081.00,"Education Teachers, Postsecondary",Monitoring,3.88
25-1081.00,"Education Teachers, Postsecondary",Critical Thinking,3.75
25-1081.00,"Education Teachers, Postsecondary",Mathematics,2.12
25-1081.00,"Education Teachers, Postsecondary",Science,2.0
25-1082.00,"Library Science Teachers, Postsecondary",Reading Comprehension,4.12
25-1082.00,"Library Science Teachers, Postsecondary",Speaking,4.12
25-1082.00,"Library Science Teachers, Postsecondary",Active Listening,4.0
25-1082.00,"Library Science Teachers, Postsecondary",Writing,4.0
25-1082.00,"Library Science Teachers, Postsecondary",Critical Thinking,4.0
25-1082.00,"Library Science Teachers, Postsecondary",Active Learning,4.0
25-1082.00,"Library Science Teachers, Postsecondary",Learning Strategies,4.0
25-1082.00,"Library Science Teachers, Postsecondary",Monitoring,4.0
25-1082.00,"Library Science Teachers, Postsecondary",Mathematics,2.25
25-1082.00,"Library Science Teachers, Postsecondary",Science,2.12
25-1111.00,"Criminal Justice and Law Enforcement Teachers, Postsecondary",Speaking,4.75
25-1111.00,"Criminal Justice and Law Enforcement Teachers, Postsecondary",Active Listening,4.12
25-1111.00,"Criminal Justice and Law Enforcement Teachers, Postsecondary",Critical Thinking,4.12
25-1111.00,"Criminal Justice and Law Enforcement Teachers, Postsecondary",Reading Comprehension,4.0
25-1111.00,"Criminal Justice and Law Enforcement Teachers, Postsecondary",Writing,4.0
25-1111.00,"Criminal Justice and Law Enforcement Teachers, Postsecondary",Active Learning,4.0
25-1111.00,"Criminal Justice and Law Enforcement Teachers, Postsecondary",Learning Strategies,4.0
25-1111.00,"Criminal Justice and Law Enforcement Teachers, Postsecondary",Monitoring,3.88
25-1111.00,"Criminal Justice and Law Enforcement Teachers, Postsecondary",Mathematics,2.0
25-1111.00,"Criminal Justice and Law Enforcement Teachers, Postsecondary",Science,1.75
25-1112.00,"Law Teachers, Postsecondary",Speaking,4.75
25-1112.00,"Law Teachers, Postsecondary",Reading Comprehension,4.5
25-1112.00,"Law Teachers, Postsecondary",Active Listening,4.5
25-1112.00,"Law Teachers, Postsecondary",Learning Strategies,4.5
25-1112.00,"Law Teachers, Postsecondary",Critical Thinking,4.25
25-1112.00,"Law Teachers, Postsecondary",Writing,4.12
25-1112.00,"Law Teachers, Postsecondary",Active Learning,4.12
25-1112.00,"Law Teachers, Postsecondary",Monitoring,3.75
25-1112.00,"Law Teachers, Postsecondary",Mathematics,2.0
25-1112.00,"Law Teachers, Postsecondary",Science,1.62
25-1113.00,"Social Work Teachers, Postsecondary",Speaking,4.62
25-1113.00,"Social Work Teachers, Postsecondary",Learning Strategies,4.25
25-1113.00,"Social Work Teachers, Postsecondary",Reading Comprehension,4.0
25-1113.00,"Social Work Teachers, Postsecondary",Active Listening,4.0
25-1113.00,"Social Work Teachers, Postsecondary",Writing,4.0
25-1113.00,"Social Work Teachers, Postsecondary",Critical Thinking,4.0
25-1113.00,"Social Work Teachers, Postsecondary",Active Learning,4.0
25-1113.00,"Social Work Teachers, Postsecondary",Monitoring,3.75
25-1113.00,"Social Work Teachers, Postsecondary",Mathematics,2.62
25-1113.00,"Social Work Teachers, Postsecondary",Science,2.62
25-1121.00,"Art, Drama, and Music Teachers, Postsecondary",Speaking,4.62
25-1121.00,"Art, Drama, and Music Teachers, Postsecondary",Learning Strategies,4.12
25-1121.00,"Art, Drama, and Music Teachers, Postsecondary",Reading Comprehension,4.0
25-1121.00,"Art, Drama, and Music Teachers, Postsecondary",Active Listening,4.0
25-1121.00,"Art, Drama, and Music Teachers, Postsecondary",Active Learning,4.0
25-1121.00,"Art, Drama, and Music Teachers, Postsecondary",Writing,3.88
25-1121.00,"Art, Drama, and Music Teachers, Postsecondary",Monitoring,3.75
25-1121.00,"Art, Drama, and Music Teachers, Postsecondary",Critical Thinking,3.62
25-1121.00,"Art, Drama, and Music Teachers, Postsecondary",Mathematics,2.0
25-1121.00,"Art, Drama, and Music Teachers, Postsecondary",Science,1.75
25-1122.00,"Communications Teachers, Postsecondary",Reading Comprehension,4.25
25-1122.00,"Communications Teachers, Postsecondary",Speaking,4.25
25-1122.00,"Communications Teachers, Postsecondary",Active Listening,4.12
25-1122.00,"Communications Teachers, Postsecondary",Writing,4.12
25-1122.00,"Communications Teachers, Postsecondary",Learning Strategies,4.12
25-1122.00,"Communications Teachers, Postsecondary",Active Learning,4.0
25-1122.00,"Communications Teachers, Postsecondary",Critical Thinking,3.88
25-1122.00,"Communications Teachers, Postsecondary",Monitoring,3.75
25-1122.00,"Communications Teachers, Postsecondary",Mathematics,2.12
25-1122.00,"Communications Teachers, Postsecondary",Science,1.88
25-1123.00,"English Language and Literature Teachers, Postsecondary",Reading Comprehension,4.75
25-1123.00,"English Language and Literature Teachers, Postsecondary",Writing,4.25
25-1123.00,"English Language and Literature Teachers, Postsecondary",Speaking,4.12
25-1123.00,"English Language and Literature Teachers, Postsecondary",Active Listening,4.0
25-1123.00,"English Language and Literature Teachers, Postsecondary",Learning Strategies,4.0
25-1123.00,"English Language and Literature Teachers, Postsecondary",Active Learning,3.88
25-1123.00,"English Language and Literature Teachers, Postsecondary",Critical Thinking,3.75
25-1123.00,"English Language and Literature Teachers, Postsecondary",Monitoring,3.62
25-1123.00,"English Language and Literature Teachers, Postsecondary",Mathematics,2.0
25-1123.00,"English Language and Literature Teachers, Postsecondary",Science,1.75
25-1124.00,"Foreign Language and Literature Teachers, Postsecondary",Speaking,4.12
25-1124.00,"Foreign Language and Literature Teachers, Postsecondary",Reading Comprehension,4.0
25-1124.00,"Foreign Language and Literature Teachers, Postsecondary",Active Listening,4.0
25-1124.00,"Foreign Language and Literature Teachers, Postsecondary",Writing,4.0
25-1124.00,"Foreign Language and Literature Teachers, Postsecondary",Learning Strategies,4.0
25-1124.00,"Foreign Language and Literature Teachers, Postsecondary",Active Learning,3.88
25-1124.00,"Foreign Language and Literature Teachers, Postsecondary",Critical Thinking,3.75
25-1124.00,"Foreign Language and Literature Teachers, Postsecondary",Monitoring,3.62
25-1124.00,"Foreign Language and Literature Teachers, Postsecondary",Mathematics,2.0
25-1124.00,"Foreign Language and Literature Teachers, Postsecondary",Science,1.75
25-1125.00,"History Teachers, Postsecondary",Speaking,4.5
25-1125.00,"History Teachers, Postsecondary",Reading Comprehension,4.25
25-1125.00,"History Teachers, Postsecondary",Writing,4.12
25-1125.00,"History Teachers, Postsecondary",Learning Strategies,4.12
25-1125.00,"History Teachers, Postsecondary",Active Listening,4.0
25-1125.00,"History Teachers, Postsecondary",Critical Thinking,3.88
25-1125.00,"History Teachers, Postsecondary",Active Learning,3.88
25-1125.00,"History Teachers, Postsecondary",Monitoring,3.62
25-1125.00,"History Teachers, Postsecondary",Mathematics,2.0
25-1125.00,"History Teachers, Postsecondary",Science,1.88
25-1126.00,"Philosophy and Religion Teachers, Postsecondary",Reading Comprehension,4.25
25-1126.00,"Philosophy and Religion Teachers, Postsecondary",Active Listening,4.12
25-1126.00,"Philosophy and Religion Teachers, Postsecondary",Speaking,4.12
25-1126.00,"Philosophy and Religion Teachers, Postsecondary",Writing,4.0
25-1126.00,"Philosophy and Religion Teachers, Postsecondary",Critical Thinking,4.0
25-1126.00,"Philosophy and Religion Teachers, Postsecondary",Learning Strategies,3.88
25-1126.00,"Philosophy and Religion Teachers, Postsecondary",Active Learning,3.75
25-1126.00,"Philosophy and Religion Teachers, Postsecondary",Monitoring,3.25
25-1126.00,"Philosophy and Religion Teachers, Postsecondary",Mathematics,2.0
25-1126.00,"Philosophy and Religion Teachers, Postsecondary",Science,1.75
25-1192.00,"Family and Consumer Sciences Teachers, Postsecondary",Speaking,4.12
25-1192.00,"Family and Consumer Sciences Teachers, Postsecondary",Reading Comprehension,4.0
25-1192.00,"Family and Consumer Sciences Teachers, Postsecondary",Active Listening,4.0
25-1192.00,"Family and Consumer Sciences Teachers, Postsecondary",Learning Strategies,4.0
25-1192.00,"Family and Consumer Sciences Teachers, Postsecondary",Critical Thinking,3.75
25-1192.00,"Family and Consumer Sciences Teachers, Postsecondary",Writing,3.62
25-1192.00,"Family and Consumer Sciences Teachers, Postsecondary",Active Learning,3.62
25-1192.00,"Family and Consumer Sciences Teachers, Postsecondary",Monitoring,3.5
25-1192.00,"Family and Consumer Sciences Teachers, Postsecondary",Mathematics,2.62
25-1192.00,"Family and Consumer Sciences Teachers, Postsecondary",Science,2.25
25-1193.00,"Recreation and Fitness Studies Teachers, Postsecondary",Speaking,4.12
25-1193.00,"Recreation and Fitness Studies Teachers, Postsecondary",Reading Comprehension,4.0
25-1193.00,"Recreation and Fitness Studies Teachers, Postsecondary",Active Listening,4.0
25-1193.00,"Recreation and Fitness Studies Teachers, Postsecondary",Writing,4.0
25-1193.00,"Recreation and Fitness Studies Teachers, Postsecondary",Learning Strategies,4.0
25-1193.00,"Recreation and Fitness Studies Teachers, Postsecondary",Critical Thinking,3.88
25-1193.00,"Recreation and Fitness Studies Teachers, Postsecondary",Monitoring,3.75
25-1193.00,"Recreation and Fitness Studies Teachers, Postsecondary",Active Learning,3.38
25-1193.00,"Recreation and Fitness Studies Teachers, Postsecondary",Science,2.38
25-1193.00,"Recreation and Fitness Studies Teachers, Postsecondary",Mathematics,2.12
25-1194.00,"Career/Technical Education Teachers, Postsecondary",Active Listening,4.0
25-1194.00,"Career/Technical Education Teachers, Postsecondary",Learning Strategies,4.0
25-1194.00,"Career/Technical Education Teachers, Postsecondary",Reading Comprehension,3.88
25-1194.00,"Career/Technical Education Teachers, Postsecondary",Speaking,3.88
25-1194.00,"Career/Technical Education Teachers, Postsecondary",Active Learning,3.88
25-1194.00,"Career/Technical Education Teachers, Postsecondary",Critical Thinking,3.75
25-1194.00,"Career/Technical Education Teachers, Postsecondary",Writing,3.62
25-1194.00,"Career/Technical Education Teachers, Postsecondary",Monitoring,3.62
25-1194.00,"Career/Technical Education Teachers, Postsecondary",Mathematics,2.25
25-1194.00,"Career/Technical Education Teachers, Postsecondary",Science,1.88
25-2011.00,"Preschool Teachers, Except Special Education",Speaking,4.0
25-2011.00,"Preschool Teachers, Except Special Education",Active Listening,3.88
25-2011.00,"Preschool Teachers, Except Special Education",Learning Strategies,3.88
25-2011.00,"Preschool Teachers, Except Special Education",Reading Comprehension,3.75
25-2011.00,"Preschool Teachers, Except Special Education",Critical Thinking,3.75
25-2011.00,"Preschool Teachers, Except Special Education",Monitoring,3.75
25-2011.00,"Preschool Teachers, Except Special Education",Active Learning,3.12
25-2011.00,"Preschool Teachers, Except Special Education",Writing,3.0
25-2011.00,"Preschool Teachers, Except Special Education",Mathematics,2.0
25-2011.00,"Preschool Teachers, Except Special Education",Science,1.62
25-2012.00,"Kindergarten Teachers, Except Special Education",Active Listening,4.0
25-2012.00,"Kindergarten Teachers, Except Special Education",Speaking,4.0
25-2012.00,"Kindergarten Teachers, Except Special Education",Learning Strategies,4.0
25-2012.00,"Kindergarten Teachers, Except Special Education",Monitoring,4.0
25-2012.00,"Kindergarten Teachers, Except Special Education",Reading Comprehension,3.88
25-2012.00,"Kindergarten Teachers, Except Special Education",Writing,3.25
25-2012.00,"Kindergarten Teachers, Except Special Education",Critical Thinking,3.25
25-2012.00,"Kindergarten Teachers, Except Special Education",Active Learning,3.25
25-2012.00,"Kindergarten Teachers, Except Special Education",Mathematics,2.25
25-2012.00,"Kindergarten Teachers, Except Special Education",Science,1.38
25-2021.00,"Elementary School Teachers, Except Special Education",Learning Strategies,4.25
25-2021.00,"Elementary School Teachers, Except Special Education",Speaking,4.12
25-2021.00,"Elementary School Teachers, Except Special Education",Active Listening,4.0
25-2021.00,"Elementary School Teachers, Except Special Education",Critical Thinking,4.0
25-2021.00,"Elementary School Teachers, Except Special Education",Monitoring,4.0
25-2021.00,"Elementary School Teachers, Except Special Education",Reading Comprehension,3.88
25-2021.00,"Elementary School Teachers, Except Special Education",Writing,3.88
25-2021.00,"Elementary School Teachers, Except Special Education",Active Learning,3.75
25-2021.00,"Elementary School Teachers, Except Special Education",Mathematics,2.75
25-2021.00,"Elementary School Teachers, Except Special Education",Science,2.0
25-2022.00,"Middle School Teachers, Except Special and Career/Technical Education",Learning Strategies,4.25
25-2022.00,"Middle School Teachers, Except Special and Career/Technical Education",Speaking,4.12
25-2022.00,"Middle School Teachers, Except Special and Career/Technical Education",Active Listening,4.0
25-2022.00,"Middle School Teachers, Except Special and Career/Technical Education",Reading Comprehension,3.88
25-2022.00,"Middle School Teachers, Except Special and Career/Technical Education",Writing,3.88
25-2022.00,"Middle School Teachers, Except Special and Career/Technical Education",Active Learning,3.88
25-2022.00,"Middle School Teachers, Except Special and Career/Technical Education",Monitoring,3.88
25-2022.00,"Middle School Teachers, Except Special and Career/Technical Education",Critical Thinking,3.75
25-2022.00,"Middle School Teachers, Except Special and Career/Technical Education",Mathematics,2.88
25-2022.00,"Middle School Teachers, Except Special and Career/Technical Education",Science,2.0
25-2023.00,"Career/Technical Education Teachers, Middle School",Speaking,4.12
25-2023.00,"Career/Technical Education Teachers, Middle School",Learning Strategies,4.12
25-2023.00,"Career/Technical Education Teachers, Middle School",Reading Comprehension,4.0
25-2023.00,"Career/Technical Education Teachers, Middle School",Active Listening,4.0
25-2023.00,"Career/Technical Education Teachers, Middle School",Critical Thinking,4.0
25-2023.00,"Career/Technical Education Teachers, Middle School",Monitoring,4.0
25-2023.00,"Career/Technical Education Teachers, Middle School",Active Learning,3.88
25-2023.00,"Career/Technical Education Teachers, Middle School",Writing,3.75
25-2023.00,"Career/Technical Education Teachers, Middle School",Mathematics,2.62
25-2023.00,"Career/Technical Education Teachers, Middle School",Science,1.75
25-2031.00,"Secondary School Teachers, Except Special and Career/Technical Education",Reading Comprehension,4.0
25-2031.00,"Secondary School Teachers, Except Special and Career/Technical Education",Active Listening,4.0
25-2031.00,"Secondary School Teachers, Except Special and Career/Technical Education",Speaking,4.0
25-2031.00,"Secondary School Teachers, Except Special and Career/Technical Education",Learning Strategies,4.0
25-2031.00,"Secondary School Teachers, Except Special and Career/Technical Education",Critical Thinking,3.88
25-2031.00,"Secondary School Teachers, Except Special and Career/Technical Education",Monitoring,3.88
25-2031.00,"Secondary School Teachers, Except Special and Career/Technical Education",Active Learning,3.75
25-2031.00,"Secondary School Teachers, Except Special and Career/Technical Education",Writing,3.62
25-2031.00,"Secondary School Teachers, Except Special and Career/Technical Education",Mathematics,2.75
25-2031.00,"Secondary School Teachers, Except Special and Career/Technical Education",Science,2.0
25-2032.00,"Career/Technical Education Teachers, Secondary School",Reading Comprehension,4.12
25-2032.00,"Career/Technical Education Teachers, Secondary School",Active Listening,4.12
25-2032.00,"Career/Technical Education Teachers, Secondary School",Speaking,4.12
25-2032.00,"Career/Technical Education Teachers, Secondary School",Learning Strategies,4.12
25-2032.00,"Career/Technical Education Teachers, Secondary School",Writing,4.0
25-2032.00,"Career/Technical Education Teachers, Secondary School",Critical Thinking,4.0
25-2032.00,"Career/Technical Education Teachers, Secondary School",Monitoring,4.0
25-2032.00,"Career/Technical Education Teachers, Secondary School",Active Learning,3.88
25-2032.00,"Career/Technical Education Teachers, Secondary School",Mathematics,3.0
25-2032.00,"Career/Technical Education Teachers, Secondary School",Science,1.75
25-2051.00,"Special Education Teachers, Preschool",Reading Comprehension,4.0
25-2051.00,"Special Education Teachers, Preschool",Active Listening,4.0
25-2051.00,"Special Education Teachers, Preschool",Speaking,4.0
25-2051.00,"Special Education Teachers, Preschool",Critical Thinking,4.0
25-2051.00,"Special Education Teachers, Preschool",Learning Strategies,4.0
25-2051.00,"Special Education Teachers, Preschool",Monitoring,4.0
25-2051.00,"Special Education Teachers, Preschool",Active Learning,3.88
25-2051.00,"Special Education Teachers, Preschool",Writing,3.75
25-2051.00,"Special Education Teachers, Preschool",Mathematics,2.12
25-2051.00,"Special Education Teachers, Preschool",Science,1.75
25-2055.00,"Special Education Teachers, Kindergarten",Speaking,4.0
25-2055.00,"Special Education Teachers, Kindergarten",Reading Comprehension,3.88
25-2055.00,"Special Education Teachers, Kindergarten",Active Listening,3.88
25-2055.00,"Special Education Teachers, Kindergarten",Learning Strategies,3.88
25-2055.00,"Special Education Teachers, Kindergarten",Writing,3.62
25-2055.00,"Special Education Teachers, Kindergarten",Critical Thinking,3.62
25-2055.00,"Special Education Teachers, Kindergarten",Active Learning,3.62
25-2055.00,"Special Education Teachers, Kindergarten",Monitoring,3.62
25-2055.00,"Special Education Teachers, Kindergarten",Mathematics,2.5
25-2055.00,"Special Education Teachers, Kindergarten",Science,1.5
25-2056.00,"Special Education Teachers, Elementary School",Active Listening,4.25
25-2056.00,"Special Education Teachers, Elementary School",Speaking,4.25
25-2056.00,"Special Education Teachers, Elementary School",Reading Comprehension,4.12
25-2056.00,"Special Education Teachers, Elementary School",Learning Strategies,4.12
25-2056.00,"Special Education Teachers, Elementary School",Critical Thinking,4.0
25-2056.00,"Special Education Teachers, Elementary School",Writing,3.75
25-2056.00,"Special Education Teachers, Elementary School",Monitoring,3.62
25-2056.00,"Special Education Teachers, Elementary School",Active Learning,3.5
25-2056.00,"Special Education Teachers, Elementary School",Mathematics,2.62
25-2056.00,"Special Education Teachers, Elementary School",Science,1.88
25-2057.00,"Special Education Teachers, Middle School",Learning Strategies,4.12
25-2057.00,"Special Education Teachers, Middle School",Reading Comprehension,4.0
25-2057.00,"Special Education Teachers, Middle School",Active Listening,4.0
25-2057.00,"Special Education Teachers, Middle School",Writing,4.0
25-2057.00,"Special Education Teachers, Middle School",Speaking,4.0
25-2057.00,"Special Education Teachers, Middle School",Critical Thinking,4.0
25-2057.00,"Special Education Teachers, Middle School",Active Learning,4.0
25-2057.00,"Special Education Teachers, Middle School",Monitoring,4.0
25-2057.00,"Special Education Teachers, Middle School",Mathematics,2.5
25-2057.00,"Special Education Teachers, Middle School",Science,1.62
25-2058.00,"Special Education Teachers, Secondary School",Learning Strategies,4.12
25-2058.00,"Special Education Teachers, Secondary School",Reading Comprehension,4.0
25-2058.00,"Special Education Teachers, Secondary School",Speaking,4.0
25-2058.00,"Special Education Teachers, Secondary School",Active Listening,3.88
25-2058.00,"Special Education Teachers, Secondary School",Writing,3.88
25-2058.00,"Special Education Teachers, Secondary School",Monitoring,3.88
25-2058.00,"Special Education Teachers, Secondary School",Critical Thinking,3.75
25-2058.00,"Special Education Teachers, Secondary School",Active Learning,3.38
25-2058.00,"Special Education Teachers, Secondary School",Mathematics,2.62
25-2058.00,"Special Education Teachers, Secondary School",Science,1.88
25-2059.01,Adapted Physical Education Specialists,Active Listening,4.0
25-2059.01,Adapted Physical Education Specialists,Speaking,4.0
25-2059.01,Adapted Physical Education Specialists,Learning Strategies,4.0
25-2059.01,Adapted Physical Education Specialists,Reading Comprehension,3.88
25-2059.01,Adapted Physical Education Specialists,Writing,3.88
25-2059.01,Adapted Physical Education Specialists,Active Learning,3.88
25-2059.01,Adapted Physical Education Specialists,Monitoring,3.88
25-2059.01,Adapted Physical Education Specialists,Critical Thinking,3.75
25-2059.01,Adapted Physical Education Specialists,Mathematics,2.0
25-2059.01,Adapted Physical Education Specialists,Science,1.5
25-3011.00,"Adult Basic Education, Adult Secondary Education, and English as a Second Language Instructors",Reading Comprehension,3.75
25-3011.00,"Adult Basic Education, Adult Secondary Education, and English as a Second Language Instructors",Active Listening,3.75
25-3011.00,"Adult Basic Education, Adult Secondary Education, and English as a Second Language Instructors",Speaking,3.75
25-3011.00,"Adult Basic Education, Adult Secondary Education, and English as a Second Language Instructors",Learning Strategies,3.75
25-3011.00,"Adult Basic Education, Adult Secondary Education, and English as a Second Language Instructors",Writing,3.62
25-3011.00,"Adult Basic Education, Adult Secondary Education, and English as a Second Language Instructors",Monitoring,3.62
25-3011.00,"Adult Basic Education, Adult Secondary Education, and English as a Second Language Instructors",Critical Thinking,3.5
25-3011.00,"Adult Basic Education, Adult Secondary Education, and English as a Second Language Instructors",Active Learning,3.5
25-3011.00,"Adult Basic Education, Adult Secondary Education, and English as a Second Language Instructors",Mathematics,2.62
25-3011.00,"Adult Basic Education, Adult Secondary Education, and English as a Second Language Instructors",Science,1.75
25-3021.00,Self-Enrichment Teachers,Speaking,3.62
25-3021.00,Self-Enrichment Teachers,Active Listening,3.38
25-3021.00,Self-Enrichment Teachers,Learning Strategies,3.38
25-3021.00,Self-Enrichment Teachers,Reading Comprehension,3.12
25-3021.00,Self-Enrichment Teachers,Critical Thinking,3.12
25-3021.00,Self-Enrichment Teachers,Active Learning,3.12
25-3021.00,Self-Enrichment Teachers,Monitoring,3.12
25-3021.00,Self-Enrichment Teachers,Writing,3.0
25-3021.00,Self-Enrichment Teachers,Mathematics,2.0
25-3021.00,Self-Enrichment Teachers,Science,1.38
25-3031.00,"Substitute Teachers, Short-Term",Reading Comprehension,3.62
25-3031.00,"Substitute Teachers, Short-Term",Active Listening,3.62
25-3031.00,"Substitute Teachers, Short-Term",Speaking,3.62
25-3031.00,"Substitute Teachers, Short-Term",Critical Thinking,3.38
25-3031.00,"Substitute Teachers, Short-Term",Monitoring,3.38
25-3031.00,"Substitute Teachers, Short-Term",Writing,3.12
25-3031.00,"Substitute Teachers, Short-Term",Learning Strategies,3.12
25-3031.00,"Substitute Teachers, Short-Term",Active Learning,3.0
25-3031.00,"Substitute Teachers, Short-Term",Mathematics,2.0
25-3031.00,"Substitute Teachers, Short-Term",Science,1.38
25-3041.00,Tutors,Reading Comprehension,4.12
25-3041.00,Tutors,Active Listening,4.0
25-3041.00,Tutors,Speaking,4.0
25-3041.00,Tutors,Learning Strategies,4.0
25-3041.00,Tutors,Critical Thinking,3.75
25-3041.00,Tutors,Writing,3.62
25-3041.00,Tutors,Active Learning,3.62
25-3041.00,Tutors,Monitoring,3.5
25-3041.00,Tutors,Mathematics,2.88
25-3041.00,Tutors,Science,1.62
25-4011.00,Archivists,Reading Comprehension,4.12
25-4011.00,Archivists,Active Listening,3.88
25-4011.00,Archivists,Writing,3.88
25-4011.00,Archivists,Speaking,3.5
25-4011.00,Archivists,Critical Thinking,3.38
25-4011.00,Archivists,Active Learning,3.38
25-4011.00,Archivists,Monitoring,3.0
25-4011.00,Archivists,Learning Strategies,2.88
25-4011.00,Archivists,Mathematics,2.0
25-4011.00,Archivists,Science,1.88
25-4012.00,Curators,Reading Comprehension,4.0
25-4012.00,Curators,Speaking,4.0
25-4012.00,Curators,Active Listening,3.88
25-4012.00,Curators,Writing,3.88
25-4012.00,Curators,Critical Thinking,3.75
25-4012.00,Curators,Active Learning,3.5
25-4012.00,Curators,Monitoring,3.38
25-4012.00,Curators,Learning Strategies,3.25
25-4012.00,Curators,Mathematics,2.88
25-4012.00,Curators,Science,2.0
25-4013.00,Museum Technicians and Conservators,Reading Comprehension,4.0
25-4013.00,Museum Technicians and Conservators,Active Listening,3.88
25-4013.00,Museum Technicians and Conservators,Speaking,3.62
25-4013.00,Museum Technicians and Conservators,Writing,3.38
25-4013.00,Museum Technicians and Conservators,Critical Thinking,3.38
25-4013.00,Museum Technicians and Conservators,Monitoring,3.38
25-4013.00,Museum Technicians and Conservators,Active Learning,3.12
25-4013.00,Museum Technicians and Conservators,Learning Strategies,2.88
25-4013.00,Museum Technicians and Conservators,Science,2.5
25-4013.00,Museum Technicians and Conservators,Mathematics,2.38
25-4022.00,Librarians and Media Collections Specialists,Reading Comprehension,4.12
25-4022.00,Librarians and Media Collections Specialists,Active Listening,4.0
25-4022.00,Librarians and Media Collections Specialists,Speaking,4.0
25-4022.00,Librarians and Media Collections Specialists,Writing,3.62
25-4022.00,Librarians and Media Collections Specialists,Critical Thinking,3.62
25-4022.00,Librarians and Media Collections Specialists,Monitoring,3.25
25-4022.00,Librarians and Media Collections Specialists,Active Learning,3.12
25-4022.00,Librarians and Media Collections Specialists,Learning Strategies,3.0
25-4022.00,Librarians and Media Collections Specialists,Mathematics,1.88
25-4022.00,Librarians and Media Collections Specialists,Science,1.0
25-4031.00,Library Technicians,Reading Comprehension,3.38
25-4031.00,Library Technicians,Active Listening,3.25
25-4031.00,Library Technicians,Speaking,3.25
25-4031.00,Library Technicians,Critical Thinking,3.0
25-4031.00,Library Technicians,Learning Strategies,3.0
25-4031.00,Library Technicians,Writing,2.88
25-4031.00,Library Technicians,Active Learning,2.88
25-4031.00,Library Technicians,Monitoring,2.88
25-4031.00,Library Technicians,Mathematics,2.0
25-4031.00,Library Technicians,Science,1.25
25-9021.00,Farm and Home Management Educators,Active Listening,4.38
25-9021.00,Farm and Home Management Educators,Speaking,4.12
25-9021.00,Farm and Home Management Educators,Reading Comprehension,4.0
25-9021.00,Farm and Home Management Educators,Writing,3.88
25-9021.00,Farm and Home Management Educators,Critical Thinking,3.75
25-9021.00,Farm and Home Management Educators,Active Learning,3.75
25-9021.00,Farm and Home Management Educators,Learning Strategies,3.75
25-9021.00,Farm and Home Management Educators,Monitoring,3.38
25-9021.00,Farm and Home Management Educators,Mathematics,3.0
25-9021.00,Farm and Home Management Educators,Science,2.75
25-9031.00,Instructional Coordinators,Learning Strategies,4.25
25-9031.00,Instructional Coordinators,Writing,4.12
25-9031.00,Instructional Coordinators,Speaking,4.12
25-9031.00,Instructional Coordinators,Reading Comprehension,4.0
25-9031.00,Instructional Coordinators,Active Listening,4.0
25-9031.00,Instructional Coordinators,Monitoring,4.0
25-9031.00,Instructional Coordinators,Critical Thinking,3.88
25-9031.00,Instructional Coordinators,Active Learning,3.88
25-9031.00,Instructional Coordinators,Mathematics,2.75
25-9031.00,Instructional Coordinators,Science,1.5
25-9042.00,"Teaching Assistants, Preschool, Elementary, Middle, and Secondary School, Except Special Education",Active Listening,3.75
25-9042.00,"Teaching Assistants, Preschool, Elementary, Middle, and Secondary School, Except Special Education",Reading Comprehension,3.62
25-9042.00,"Teaching Assistants, Preschool, Elementary, Middle, and Secondary School, Except Special Education",Speaking,3.62
25-9042.00,"Teaching Assistants, Preschool, Elementary, Middle, and Secondary School, Except Special Education",Writing,3.38
25-9042.00,"Teaching Assistants, Preschool, Elementary, Middle, and Secondary School, Except Special Education",Critical Thinking,3.38
25-9042.00,"Teaching Assistants, Preschool, Elementary, Middle, and Secondary School, Except Special Education",Learning Strategies,3.38
25-9042.00,"Teaching Assistants, Preschool, Elementary, Middle, and Secondary School, Except Special Education",Monitoring,3.38
25-9042.00,"Teaching Assistants, Preschool, Elementary, Middle, and Secondary School, Except Special Education",Active Learning,3.12
25-9042.00,"Teaching Assistants, Preschool, Elementary, Middle, and Secondary School, Except Special Education",Mathematics,2.5
25-9042.00,"Teaching Assistants, Preschool, Elementary, Middle, and Secondary School, Except Special Education",Science,1.38
25-9043.00,"Teaching Assistants, Special Education",Active Listening,3.88
25-9043.00,"Teaching Assistants, Special Education",Speaking,3.75
25-9043.00,"Teaching Assistants, Special Education",Reading Comprehension,3.62
25-9043.00,"Teaching Assistants, Special Education",Learning Strategies,3.62
25-9043.00,"Teaching Assistants, Special Education",Monitoring,3.62
25-9043.00,"Teaching Assistants, Special Education",Critical Thinking,3.38
25-9043.00,"Teaching Assistants, Special Education",Writing,3.12
25-9043.00,"Teaching Assistants, Special Education",Active Learning,3.0
25-9043.00,"Teaching Assistants, Special Education",Mathematics,1.88
25-9043.00,"Teaching Assistants, Special Education",Science,1.38
25-9044.00,"Teaching Assistants, Postsecondary",Reading Comprehension,3.88
25-9044.00,"Teaching Assistants, Postsecondary",Active Listening,3.62
25-9044.00,"Teaching Assistants, Postsecondary",Speaking,3.5
25-9044.00,"Teaching Assistants, Postsecondary",Learning Strategies,3.38
25-9044.00,"Teaching Assistants, Postsecondary",Writing,3.25
25-9044.00,"Teaching Assistants, Postsecondary",Critical Thinking,3.12
25-9044.00,"Teaching Assistants, Postsecondary",Monitoring,3.12
25-9044.00,"Teaching Assistants, Postsecondary",Active Learning,3.0
25-9044.00,"Teaching Assistants, Postsecondary",Mathematics,2.25
25-9044.00,"Teaching Assistants, Postsecondary",Science,2.0
27-1011.00,Art Directors,Active Listening,4.0
27-1011.00,Art Directors,Speaking,4.0
27-1011.00,Art Directors,Reading Comprehension,3.75
27-1011.00,Art Directors,Critical Thinking,3.75
27-1011.00,Art Directors,Writing,3.38
27-1011.00,Art Directors,Active Learning,3.25
27-1011.00,Art Directors,Monitoring,3.25
27-1011.00,Art Directors,Learning Strategies,3.0
27-1011.00,Art Directors,Mathematics,2.25
27-1011.00,Art Directors,Science,1.25
27-1012.00,Craft Artists,Critical Thinking,3.12
27-1012.00,Craft Artists,Reading Comprehension,3.0
27-1012.00,Craft Artists,Active Listening,3.0
27-1012.00,Craft Artists,Speaking,3.0
27-1012.00,Craft Artists,Monitoring,3.0
27-1012.00,Craft Artists,Writing,2.75
27-1012.00,Craft Artists,Active Learning,2.75
27-1012.00,Craft Artists,Mathematics,2.12
27-1012.00,Craft Artists,Learning Strategies,2.0
27-1012.00,Craft Artists,Science,1.0
27-1013.00,"Fine Artists, Including Painters, Sculptors, and Illustrators",Critical Thinking,3.25
27-1013.00,"Fine Artists, Including Painters, Sculptors, and Illustrators",Active Learning,3.25
27-1013.00,"Fine Artists, Including Painters, Sculptors, and Illustrators",Active Listening,3.12
27-1013.00,"Fine Artists, Including Painters, Sculptors, and Illustrators",Reading Comprehension,3.0
27-1013.00,"Fine Artists, Including Painters, Sculptors, and Illustrators",Speaking,3.0
27-1013.00,"Fine Artists, Including Painters, Sculptors, and Illustrators",Writing,2.88
27-1013.00,"Fine Artists, Including Painters, Sculptors, and Illustrators",Monitoring,2.75
27-1013.00,"Fine Artists, Including Painters, Sculptors, and Illustrators",Learning Strategies,2.38
27-1013.00,"Fine Artists, Including Painters, Sculptors, and Illustrators",Mathematics,2.12
27-1013.00,"Fine Artists, Including Painters, Sculptors, and Illustrators",Science,1.0
27-1014.00,Special Effects Artists and Animators,Active Listening,3.88
27-1014.00,Special Effects Artists and Animators,Reading Comprehension,3.75
27-1014.00,Special Effects Artists and Animators,Critical Thinking,3.75
27-1014.00,Special Effects Artists and Animators,Speaking,3.25
27-1014.00,Special Effects Artists and Animators,Writing,3.12
27-1014.00,Special Effects Artists and Animators,Active Learning,3.12
27-1014.00,Special Effects Artists and Animators,Monitoring,3.0
27-1014.00,Special Effects Artists and Animators,Learning Strategies,2.88
27-1014.00,Special Effects Artists and Animators,Mathematics,2.12
27-1014.00,Special Effects Artists and Animators,Science,1.12
27-1021.00,Commercial and Industrial Designers,Active Listening,4.0
27-1021.00,Commercial and Industrial Designers,Reading Comprehension,3.88
27-1021.00,Commercial and Industrial Designers,Critical Thinking,3.75
27-1021.00,Commercial and Industrial Designers,Speaking,3.5
27-1021.00,Commercial and Industrial Designers,Writing,3.12
27-1021.00,Commercial and Industrial Designers,Monitoring,3.12
27-1021.00,Commercial and Industrial Designers,Active Learning,3.0
27-1021.00,Commercial and Industrial Designers,Mathematics,2.75
27-1021.00,Commercial and Industrial Designers,Learning Strategies,2.75
27-1021.00,Commercial and Industrial Designers,Science,2.62
27-1022.00,Fashion Designers,Active Listening,3.88
27-1022.00,Fashion Designers,Speaking,3.88
27-1022.00,Fashion Designers,Critical Thinking,3.88
27-1022.00,Fashion Designers,Active Learning,3.75
27-1022.00,Fashion Designers,Reading Comprehension,3.62
27-1022.00,Fashion Designers,Monitoring,3.5
27-1022.00,Fashion Designers,Writing,3.38
27-1022.00,Fashion Designers,Learning Strategies,3.12
27-1022.00,Fashion Designers,Mathematics,2.12
27-1022.00,Fashion Designers,Science,1.12
27-1023.00,Floral Designers,Active Listening,3.88
27-1023.00,Floral Designers,Speaking,3.62
27-1023.00,Floral Designers,Critical Thinking,3.12
27-1023.00,Floral Designers,Monitoring,3.0
27-1023.00,Floral Designers,Reading Comprehension,2.88
27-1023.00,Floral Designers,Active Learning,2.88
27-1023.00,Floral Designers,Writing,2.62
27-1023.00,Floral Designers,Learning Strategies,2.38
27-1023.00,Floral Designers,Mathematics,2.12
27-1023.00,Floral Designers,Science,1.0
27-1024.00,Graphic Designers,Active Listening,3.75
27-1024.00,Graphic Designers,Speaking,3.38
27-1024.00,Graphic Designers,Writing,3.25
27-1024.00,Graphic Designers,Critical Thinking,3.25
27-1024.00,Graphic Designers,Active Learning,3.25
27-1024.00,Graphic Designers,Reading Comprehension,3.12
27-1024.00,Graphic Designers,Monitoring,3.0
27-1024.00,Graphic Designers,Learning Strategies,2.75
27-1024.00,Graphic Designers,Mathematics,2.0
27-1024.00,Graphic Designers,Science,1.12
27-1025.00,Interior Designers,Reading Comprehension,4.0
27-1025.00,Interior Designers,Active Listening,4.0
27-1025.00,Interior Designers,Speaking,4.0
27-1025.00,Interior Designers,Critical Thinking,4.0
27-1025.00,Interior Designers,Writing,3.62
27-1025.00,Interior Designers,Active Learning,3.12
27-1025.00,Interior Designers,Monitoring,3.12
27-1025.00,Interior Designers,Mathematics,3.0
27-1025.00,Interior Designers,Learning Strategies,2.62
27-1025.00,Interior Designers,Science,1.12
27-1026.00,Merchandise Displayers and Window Trimmers,Active Listening,3.5
27-1026.00,Merchandise Displayers and Window Trimmers,Speaking,3.25
27-1026.00,Merchandise Displayers and Window Trimmers,Critical Thinking,3.25
27-1026.00,Merchandise Displayers and Window Trimmers,Reading Comprehension,3.0
27-1026.00,Merchandise Displayers and Window Trimmers,Writing,2.88
27-1026.00,Merchandise Displayers and Window Trimmers,Active Learning,2.88
27-1026.00,Merchandise Displayers and Window Trimmers,Monitoring,2.75
27-1026.00,Merchandise Displayers and Window Trimmers,Learning Strategies,2.38
27-1026.00,Merchandise Displayers and Window Trimmers,Mathematics,2.0
27-1026.00,Merchandise Displayers and Window Trimmers,Science,1.25
27-1027.00,Set and Exhibit Designers,Reading Comprehension,3.88
27-1027.00,Set and Exhibit Designers,Active Listening,3.88
27-1027.00,Set and Exhibit Designers,Speaking,3.75
27-1027.00,Set and Exhibit Designers,Critical Thinking,3.75
27-1027.00,Set and Exhibit Designers,Writing,3.25
27-1027.00,Set and Exhibit Designers,Active Learning,3.12
27-1027.00,Set and Exhibit Designers,Monitoring,3.12
27-1027.00,Set and Exhibit Designers,Mathematics,3.0
27-1027.00,Set and Exhibit Designers,Learning Strategies,2.88
27-1027.00,Set and Exhibit Designers,Science,1.75
27-2011.00,Actors,Reading Comprehension,4.0
27-2011.00,Actors,Speaking,4.0
27-2011.00,Actors,Active Listening,3.88
27-2011.00,Actors,Critical Thinking,3.12
27-2011.00,Actors,Active Learning,2.88
27-2011.00,Actors,Monitoring,2.88
27-2011.00,Actors,Writing,2.75
27-2011.00,Actors,Learning Strategies,2.62
27-2011.00,Actors,Mathematics,1.12
27-2011.00,Actors,Science,1.12
27-2012.00,Producers and Directors,Active Listening,4.38
27-2012.00,Producers and Directors,Reading Comprehension,4.0
27-2012.00,Producers and Directors,Speaking,4.0
27-2012.00,Producers and Directors,Critical Thinking,4.0
27-2012.00,Producers and Directors,Monitoring,4.0
27-2012.00,Producers and Directors,Writing,3.75
27-2012.00,Producers and Directors,Active Learning,3.25
27-2012.00,Producers and Directors,Learning Strategies,3.12
27-2012.00,Producers and Directors,Mathematics,2.5
27-2012.00,Producers and Directors,Science,1.12
27-2012.03,Media Programming Directors,Speaking,4.25
27-2012.03,Media Programming Directors,Reading Comprehension,4.12
27-2012.03,Media Programming Directors,Critical Thinking,4.12
27-2012.03,Media Programming Directors,Active Listening,3.88
27-2012.03,Media Programming Directors,Active Learning,3.88
27-2012.03,Media Programming Directors,Monitoring,3.88
27-2012.03,Media Programming Directors,Writing,3.75
27-2012.03,Media Programming Directors,Learning Strategies,3.0
27-2012.03,Media Programming Directors,Mathematics,2.0
27-2012.03,Media Programming Directors,Science,1.38
27-2012.04,Talent Directors,Active Listening,4.0
27-2012.04,Talent Directors,Speaking,4.0
27-2012.04,Talent Directors,Reading Comprehension,3.88
27-2012.04,Talent Directors,Critical Thinking,3.88
27-2012.04,Talent Directors,Monitoring,3.38
27-2012.04,Talent Directors,Writing,3.25
27-2012.04,Talent Directors,Active Learning,3.0
27-2012.04,Talent Directors,Learning Strategies,2.75
27-2012.04,Talent Directors,Mathematics,2.0
27-2012.04,Talent Directors,Science,1.5
27-2012.05,Media Technical Directors/Managers,Active Listening,4.0
27-2012.05,Media Technical Directors/Managers,Speaking,4.0
27-2012.05,Media Technical Directors/Managers,Monitoring,4.0
27-2012.05,Media Technical Directors/Managers,Critical Thinking,3.88
27-2012.05,Media Technical Directors/Managers,Reading Comprehension,3.62
27-2012.05,Media Technical Directors/Managers,Writing,3.38
27-2012.05,Media Technical Directors/Managers,Active Learning,3.38
27-2012.05,Media Technical Directors/Managers,Learning Strategies,3.25
27-2012.05,Media Technical Directors/Managers,Mathematics,2.12
27-2012.05,Media Technical Directors/Managers,Science,1.12
27-2021.00,Athletes and Sports Competitors,Speaking,3.88
27-2021.00,Athletes and Sports Competitors,Active Listening,3.75
27-2021.00,Athletes and Sports Competitors,Critical Thinking,3.75
27-2021.00,Athletes and Sports Competitors,Monitoring,3.25
27-2021.00,Athletes and Sports Competitors,Reading Comprehension,3.12
27-2021.00,Athletes and Sports Competitors,Active Learning,3.0
27-2021.00,Athletes and Sports Competitors,Learning Strategies,2.88
27-2021.00,Athletes and Sports Competitors,Writing,2.75
27-2021.00,Athletes and Sports Competitors,Mathematics,2.12
27-2021.00,Athletes and Sports Competitors,Science,1.75
27-2022.00,Coaches and Scouts,Speaking,4.38
27-2022.00,Coaches and Scouts,Learning Strategies,4.12
27-2022.00,Coaches and Scouts,Monitoring,4.12
27-2022.00,Coaches and Scouts,Reading Comprehension,4.0
27-2022.00,Coaches and Scouts,Active Listening,4.0
27-2022.00,Coaches and Scouts,Critical Thinking,4.0
27-2022.00,Coaches and Scouts,Active Learning,3.88
27-2022.00,Coaches and Scouts,Writing,3.62
27-2022.00,Coaches and Scouts,Mathematics,2.12
27-2022.00,Coaches and Scouts,Science,1.62
27-2023.00,"Umpires, Referees, and Other Sports Officials",Speaking,3.62
27-2023.00,"Umpires, Referees, and Other Sports Officials",Critical Thinking,3.38
27-2023.00,"Umpires, Referees, and Other Sports Officials",Active Listening,3.25
27-2023.00,"Umpires, Referees, and Other Sports Officials",Monitoring,3.12
27-2023.00,"Umpires, Referees, and Other Sports Officials",Reading Comprehension,3.0
27-2023.00,"Umpires, Referees, and Other Sports Officials",Active Learning,3.0
27-2023.00,"Umpires, Referees, and Other Sports Officials",Learning Strategies,3.0
27-2023.00,"Umpires, Referees, and Other Sports Officials",Writing,2.75
27-2023.00,"Umpires, Referees, and Other Sports Officials",Mathematics,2.5
27-2023.00,"Umpires, Referees, and Other Sports Officials",Science,1.38
27-2031.00,Dancers,Active Listening,3.25
27-2031.00,Dancers,Critical Thinking,3.0
27-2031.00,Dancers,Speaking,2.88
27-2031.00,Dancers,Monitoring,2.88
27-2031.00,Dancers,Reading Comprehension,2.75
27-2031.00,Dancers,Active Learning,2.75
27-2031.00,Dancers,Writing,2.5
27-2031.00,Dancers,Learning Strategies,2.5
27-2031.00,Dancers,Mathematics,1.38
27-2031.00,Dancers,Science,1.0
27-2032.00,Choreographers,Active Listening,3.88
27-2032.00,Choreographers,Speaking,3.88
27-2032.00,Choreographers,Monitoring,3.75
27-2032.00,Choreographers,Learning Strategies,3.62
27-2032.00,Choreographers,Reading Comprehension,3.5
27-2032.00,Choreographers,Critical Thinking,3.38
27-2032.00,Choreographers,Active Learning,3.25
27-2032.00,Choreographers,Writing,3.0
27-2032.00,Choreographers,Mathematics,1.62
27-2032.00,Choreographers,Science,1.12
27-2041.00,Music Directors and Composers,Active Listening,3.88
27-2041.00,Music Directors and Composers,Speaking,3.62
27-2041.00,Music Directors and Composers,Reading Comprehension,3.5
27-2041.00,Music Directors and Composers,Critical Thinking,3.5
27-2041.00,Music Directors and Composers,Writing,3.38
27-2041.00,Music Directors and Composers,Active Learning,3.38
27-2041.00,Music Directors and Composers,Monitoring,3.25
27-2041.00,Music Directors and Composers,Learning Strategies,2.75
27-2041.00,Music Directors and Composers,Mathematics,2.12
27-2041.00,Music Directors and Composers,Science,1.25
27-2042.00,Musicians and Singers,Speaking,3.38
27-2042.00,Musicians and Singers,Active Listening,3.25
27-2042.00,Musicians and Singers,Monitoring,3.25
27-2042.00,Musicians and Singers,Reading Comprehension,3.12
27-2042.00,Musicians and Singers,Critical Thinking,3.0
27-2042.00,Musicians and Singers,Writing,2.75
27-2042.00,Musicians and Singers,Active Learning,2.75
27-2042.00,Musicians and Singers,Learning Strategies,2.62
27-2042.00,Musicians and Singers,Mathematics,1.88
27-2042.00,Musicians and Singers,Science,1.12
27-2091.00,"Disc Jockeys, Except Radio",Speaking,3.5
27-2091.00,"Disc Jockeys, Except Radio",Active Listening,3.25
27-2091.00,"Disc Jockeys, Except Radio",Monitoring,3.25
27-2091.00,"Disc Jockeys, Except Radio",Critical Thinking,3.12
27-2091.00,"Disc Jockeys, Except Radio",Reading Comprehension,3.0
27-2091.00,"Disc Jockeys, Except Radio",Writing,2.88
27-2091.00,"Disc Jockeys, Except Radio",Active Learning,2.75
27-2091.00,"Disc Jockeys, Except Radio",Learning Strategies,2.12
27-2091.00,"Disc Jockeys, Except Radio",Mathematics,1.88
27-2091.00,"Disc Jockeys, Except Radio",Science,1.0
27-3011.00,Broadcast Announcers and Radio Disc Jockeys,Speaking,4.75
27-3011.00,Broadcast Announcers and Radio Disc Jockeys,Active Listening,4.0
27-3011.00,Broadcast Announcers and Radio Disc Jockeys,Reading Comprehension,3.88
27-3011.00,Broadcast Announcers and Radio Disc Jockeys,Critical Thinking,3.75
27-3011.00,Broadcast Announcers and Radio Disc Jockeys,Writing,3.12
27-3011.00,Broadcast Announcers and Radio Disc Jockeys,Active Learning,3.12
27-3011.00,Broadcast Announcers and Radio Disc Jockeys,Monitoring,3.0
27-3011.00,Broadcast Announcers and Radio Disc Jockeys,Learning Strategies,2.0
27-3011.00,Broadcast Announcers and Radio Disc Jockeys,Mathematics,1.75
27-3011.00,Broadcast Announcers and Radio Disc Jockeys,Science,1.0
27-3023.00,"News Analysts, Reporters, and Journalists",Active Listening,4.5
27-3023.00,"News Analysts, Reporters, and Journalists",Reading Comprehension,4.38
27-3023.00,"News Analysts, Reporters, and Journalists",Speaking,4.25
27-3023.00,"News Analysts, Reporters, and Journalists",Critical Thinking,4.12
27-3023.00,"News Analysts, Reporters, and Journalists",Writing,4.0
27-3023.00,"News Analysts, Reporters, and Journalists",Active Learning,3.75
27-3023.00,"News Analysts, Reporters, and Journalists",Monitoring,3.25
27-3023.00,"News Analysts, Reporters, and Journalists",Learning Strategies,2.5
27-3023.00,"News Analysts, Reporters, and Journalists",Mathematics,1.88
27-3023.00,"News Analysts, Reporters, and Journalists",Science,1.12
27-3031.00,Public Relations Specialists,Active Listening,4.12
27-3031.00,Public Relations Specialists,Speaking,4.12
27-3031.00,Public Relations Specialists,Reading Comprehension,4.0
27-3031.00,Public Relations Specialists,Writing,4.0
27-3031.00,Public Relations Specialists,Critical Thinking,3.88
27-3031.00,Public Relations Specialists,Active Learning,3.38
27-3031.00,Public Relations Specialists,Monitoring,3.0
27-3031.00,Public Relations Specialists,Learning Strategies,2.88
27-3031.00,Public Relations Specialists,Mathematics,2.0
27-3031.00,Public Relations Specialists,Science,1.5
27-3041.00,Editors,Reading Comprehension,5.0
27-3041.00,Editors,Writing,4.38
27-3041.00,Editors,Active Listening,4.0
27-3041.00,Editors,Speaking,4.0
27-3041.00,Editors,Critical Thinking,3.88
27-3041.00,Editors,Active Learning,3.25
27-3041.00,Editors,Monitoring,3.25
27-3041.00,Editors,Learning Strategies,3.0
27-3041.00,Editors,Mathematics,2.12
27-3041.00,Editors,Science,1.0
27-3042.00,Technical Writers,Writing,4.88
27-3042.00,Technical Writers,Reading Comprehension,4.12
27-3042.00,Technical Writers,Active Listening,3.75
27-3042.00,Technical Writers,Speaking,3.75
27-3042.00,Technical Writers,Critical Thinking,3.62
27-3042.00,Technical Writers,Active Learning,3.25
27-3042.00,Technical Writers,Monitoring,3.0
27-3042.00,Technical Writers,Learning Strategies,2.5
27-3042.00,Technical Writers,Mathematics,1.62
27-3042.00,Technical Writers,Science,1.25
27-3043.00,Writers and Authors,Writing,5.0
27-3043.00,Writers and Authors,Reading Comprehension,4.12
27-3043.00,Writers and Authors,Active Listening,3.75
27-3043.00,Writers and Authors,Speaking,3.75
27-3043.00,Writers and Authors,Critical Thinking,3.62
27-3043.00,Writers and Authors,Active Learning,3.0
27-3043.00,Writers and Authors,Monitoring,2.88
27-3043.00,Writers and Authors,Learning Strategies,2.62
27-3043.00,Writers and Authors,Mathematics,1.38
27-3043.00,Writers and Authors,Science,1.0
27-3043.05,"Poets, Lyricists and Creative Writers",Writing,4.75
27-3043.05,"Poets, Lyricists and Creative Writers",Reading Comprehension,4.25
27-3043.05,"Poets, Lyricists and Creative Writers",Speaking,3.88
27-3043.05,"Poets, Lyricists and Creative Writers",Critical Thinking,3.75
27-3043.05,"Poets, Lyricists and Creative Writers",Active Learning,3.75
27-3043.05,"Poets, Lyricists and Creative Writers",Active Listening,3.62
27-3043.05,"Poets, Lyricists and Creative Writers",Learning Strategies,2.75
27-3043.05,"Poets, Lyricists and Creative Writers",Monitoring,2.75
27-3043.05,"Poets, Lyricists and Creative Writers",Mathematics,1.75
27-3043.05,"Poets, Lyricists and Creative Writers",Science,1.12
27-3091.00,Interpreters and Translators,Speaking,4.12
27-3091.00,Interpreters and Translators,Active Listening,4.0
27-3091.00,Interpreters and Translators,Reading Comprehension,3.88
27-3091.00,Interpreters and Translators,Writing,3.75
27-3091.00,Interpreters and Translators,Critical Thinking,3.62
27-3091.00,Interpreters and Translators,Monitoring,3.62
27-3091.00,Interpreters and Translators,Active Learning,3.12
27-3091.00,Interpreters and Translators,Learning Strategies,3.0
27-3091.00,Interpreters and Translators,Mathematics,2.0
27-3091.00,Interpreters and Translators,Science,1.12
27-3092.00,Court Reporters and Simultaneous Captioners,Active Listening,4.25
27-3092.00,Court Reporters and Simultaneous Captioners,Writing,3.62
27-3092.00,Court Reporters and Simultaneous Captioners,Reading Comprehension,3.5
27-3092.00,Court Reporters and Simultaneous Captioners,Speaking,3.0
27-3092.00,Court Reporters and Simultaneous Captioners,Monitoring,3.0
27-3092.00,Court Reporters and Simultaneous Captioners,Critical Thinking,2.75
27-3092.00,Court Reporters and Simultaneous Captioners,Active Learning,2.0
27-3092.00,Court Reporters and Simultaneous Captioners,Learning Strategies,1.88
27-3092.00,Court Reporters and Simultaneous Captioners,Mathematics,1.62
27-3092.00,Court Reporters and Simultaneous Captioners,Science,1.0
27-4011.00,Audio and Video Technicians,Monitoring,3.75
27-4011.00,Audio and Video Technicians,Reading Comprehension,3.5
27-4011.00,Audio and Video Technicians,Critical Thinking,3.5
27-4011.00,Audio and Video Technicians,Active Listening,3.12
27-4011.00,Audio and Video Technicians,Writing,3.12
27-4011.00,Audio and Video Technicians,Speaking,3.12
27-4011.00,Audio and Video Technicians,Active Learning,3.0
27-4011.00,Audio and Video Technicians,Learning Strategies,2.75
27-4011.00,Audio and Video Technicians,Mathematics,2.0
27-4011.00,Audio and Video Technicians,Science,1.0
27-4012.00,Broadcast Technicians,Critical Thinking,3.88
27-4012.00,Broadcast Technicians,Monitoring,3.88
27-4012.00,Broadcast Technicians,Active Listening,3.62
27-4012.00,Broadcast Technicians,Reading Comprehension,3.25
27-4012.00,Broadcast Technicians,Writing,3.12
27-4012.00,Broadcast Technicians,Active Learning,3.12
27-4012.00,Broadcast Technicians,Speaking,3.0
27-4012.00,Broadcast Technicians,Mathematics,2.75
27-4012.00,Broadcast Technicians,Learning Strategies,2.75
27-4012.00,Broadcast Technicians,Science,1.62
27-4014.00,Sound Engineering Technicians,Active Listening,3.75
27-4014.00,Sound Engineering Technicians,Speaking,3.62
27-4014.00,Sound Engineering Technicians,Critical Thinking,3.5
27-4014.00,Sound Engineering Technicians,Reading Comprehension,3.25
27-4014.00,Sound Engineering Technicians,Writing,3.12
27-4014.00,Sound Engineering Technicians,Active Learning,3.12
27-4014.00,Sound Engineering Technicians,Monitoring,3.12
27-4014.00,Sound Engineering Technicians,Learning Strategies,2.5
27-4014.00,Sound Engineering Technicians,Mathematics,2.0
27-4014.00,Sound Engineering Technicians,Science,1.62
27-4021.00,Photographers,Active Listening,3.75
27-4021.00,Photographers,Speaking,3.75
27-4021.00,Photographers,Reading Comprehension,3.12
27-4021.00,Photographers,Critical Thinking,3.12
27-4021.00,Photographers,Active Learning,3.12
27-4021.00,Photographers,Monitoring,3.12
27-4021.00,Photographers,Writing,2.88
27-4021.00,Photographers,Learning Strategies,2.88
27-4021.00,Photographers,Mathematics,2.0
27-4021.00,Photographers,Science,1.75
27-4031.00,"Camera Operators, Television, Video, and Film",Active Listening,3.75
27-4031.00,"Camera Operators, Television, Video, and Film",Reading Comprehension,3.25
27-4031.00,"Camera Operators, Television, Video, and Film",Speaking,3.25
27-4031.00,"Camera Operators, Television, Video, and Film",Critical Thinking,3.12
27-4031.00,"Camera Operators, Television, Video, and Film",Monitoring,3.12
27-4031.00,"Camera Operators, Television, Video, and Film",Writing,2.88
27-4031.00,"Camera Operators, Television, Video, and Film",Active Learning,2.88
27-4031.00,"Camera Operators, Television, Video, and Film",Learning Strategies,2.75
27-4031.00,"Camera Operators, Television, Video, and Film",Mathematics,2.0
27-4031.00,"Camera Operators, Television, Video, and Film",Science,1.0
27-4032.00,Film and Video Editors,Active Listening,3.75
27-4032.00,Film and Video Editors,Critical Thinking,3.5
27-4032.00,Film and Video Editors,Reading Comprehension,3.38
27-4032.00,Film and Video Editors,Speaking,3.25
27-4032.00,Film and Video Editors,Active Learning,3.25
27-4032.00,Film and Video Editors,Writing,3.12
27-4032.00,Film and Video Editors,Monitoring,3.0
27-4032.00,Film and Video Editors,Learning Strategies,2.62
27-4032.00,Film and Video Editors,Mathematics,1.88
27-4032.00,Film and Video Editors,Science,1.0
29-1011.00,Chiropractors,Active Listening,4.0
29-1011.00,Chiropractors,Speaking,4.0
29-1011.00,Chiropractors,Reading Comprehension,3.88
29-1011.00,Chiropractors,Critical Thinking,3.88
29-1011.00,Chiropractors,Writing,3.62
29-1011.00,Chiropractors,Active Learning,3.5
29-1011.00,Chiropractors,Science,3.38
29-1011.00,Chiropractors,Monitoring,3.25
29-1011.00,Chiropractors,Learning Strategies,3.0
29-1011.00,Chiropractors,Mathematics,2.12
29-1021.00,"Dentists, General",Critical Thinking,4.12
29-1021.00,"Dentists, General",Reading Comprehension,4.0
29-1021.00,"Dentists, General",Active Listening,4.0
29-1021.00,"Dentists, General",Speaking,4.0
29-1021.00,"Dentists, General",Active Learning,4.0
29-1021.00,"Dentists, General",Monitoring,4.0
29-1021.00,"Dentists, General",Science,3.62
29-1021.00,"Dentists, General",Writing,3.5
29-1021.00,"Dentists, General",Learning Strategies,3.12
29-1021.00,"Dentists, General",Mathematics,2.62
29-1022.00,Oral and Maxillofacial Surgeons,Critical Thinking,4.12
29-1022.00,Oral and Maxillofacial Surgeons,Reading Comprehension,4.0
29-1022.00,Oral and Maxillofacial Surgeons,Active Listening,4.0
29-1022.00,Oral and Maxillofacial Surgeons,Writing,3.88
29-1022.00,Oral and Maxillofacial Surgeons,Speaking,3.88
29-1022.00,Oral and Maxillofacial Surgeons,Monitoring,3.88
29-1022.00,Oral and Maxillofacial Surgeons,Active Learning,3.75
29-1022.00,Oral and Maxillofacial Surgeons,Science,3.62
29-1022.00,Oral and Maxillofacial Surgeons,Learning Strategies,2.75
29-1022.00,Oral and Maxillofacial Surgeons,Mathematics,2.62
29-1023.00,Orthodontists,Active Listening,4.0
29-1023.00,Orthodontists,Speaking,4.0
29-1023.00,Orthodontists,Critical Thinking,4.0
29-1023.00,Orthodontists,Monitoring,4.0
29-1023.00,Orthodontists,Reading Comprehension,3.88
29-1023.00,Orthodontists,Active Learning,3.75
29-1023.00,Orthodontists,Writing,3.38
29-1023.00,Orthodontists,Science,3.38
29-1023.00,Orthodontists,Learning Strategies,3.25
29-1023.00,Orthodontists,Mathematics,2.12
29-1024.00,Prosthodontists,Active Listening,4.0
29-1024.00,Prosthodontists,Speaking,4.0
29-1024.00,Prosthodontists,Critical Thinking,4.0
29-1024.00,Prosthodontists,Reading Comprehension,3.62
29-1024.00,Prosthodontists,Monitoring,3.62
29-1024.00,Prosthodontists,Writing,3.38
29-1024.00,Prosthodontists,Science,3.0
29-1024.00,Prosthodontists,Active Learning,3.0
29-1024.00,Prosthodontists,Learning Strategies,2.88
29-1024.00,Prosthodontists,Mathematics,2.0
29-1031.00,Dietitians and Nutritionists,Reading Comprehension,4.0
29-1031.00,Dietitians and Nutritionists,Active Listening,4.0
29-1031.00,Dietitians and Nutritionists,Speaking,4.0
29-1031.00,Dietitians and Nutritionists,Critical Thinking,4.0
29-1031.00,Dietitians and Nutritionists,Writing,3.88
29-1031.00,Dietitians and Nutritionists,Monitoring,3.88
29-1031.00,Dietitians and Nutritionists,Learning Strategies,3.75
29-1031.00,Dietitians and Nutritionists,Active Learning,3.62
29-1031.00,Dietitians and Nutritionists,Science,3.25
29-1031.00,Dietitians and Nutritionists,Mathematics,3.0
29-1041.00,Optometrists,Reading Comprehension,4.12
29-1041.00,Optometrists,Active Listening,4.12
29-1041.00,Optometrists,Critical Thinking,4.12
29-1041.00,Optometrists,Writing,4.0
29-1041.00,Optometrists,Speaking,4.0
29-1041.00,Optometrists,Science,3.75
29-1041.00,Optometrists,Monitoring,3.25
29-1041.00,Optometrists,Active Learning,3.12
29-1041.00,Optometrists,Learning Strategies,3.12
29-1041.00,Optometrists,Mathematics,3.0
29-1051.00,Pharmacists,Reading Comprehension,4.0
29-1051.00,Pharmacists,Active Listening,4.0
29-1051.00,Pharmacists,Speaking,4.0
29-1051.00,Pharmacists,Writing,3.88
29-1051.00,Pharmacists,Critical Thinking,3.88
29-1051.00,Pharmacists,Monitoring,3.88
29-1051.00,Pharmacists,Active Learning,3.62
29-1051.00,Pharmacists,Mathematics,3.12
29-1051.00,Pharmacists,Science,3.12
29-1051.00,Pharmacists,Learning Strategies,3.12
29-1071.00,Physician Assistants,Reading Comprehension,4.12
29-1071.00,Physician Assistants,Critical Thinking,4.12
29-1071.00,Physician Assistants,Active Listening,4.0
29-1071.00,Physician Assistants,Writing,4.0
29-1071.00,Physician Assistants,Speaking,4.0
29-1071.00,Physician Assistants,Active Learning,3.88
29-1071.00,Physician Assistants,Monitoring,3.88
29-1071.00,Physician Assistants,Science,3.62
29-1071.00,Physician Assistants,Learning Strategies,3.12
29-1071.00,Physician Assistants,Mathematics,3.0
29-1071.01,Anesthesiologist Assistants,Monitoring,4.12
29-1071.01,Anesthesiologist Assistants,Reading Comprehension,4.0
29-1071.01,Anesthesiologist Assistants,Active Listening,4.0
29-1071.01,Anesthesiologist Assistants,Speaking,3.75
29-1071.01,Anesthesiologist Assistants,Active Learning,3.75
29-1071.01,Anesthesiologist Assistants,Critical Thinking,3.62
29-1071.01,Anesthesiologist Assistants,Writing,3.25
29-1071.01,Anesthesiologist Assistants,Mathematics,2.88
29-1071.01,Anesthesiologist Assistants,Science,2.88
29-1071.01,Anesthesiologist Assistants,Learning Strategies,2.88
29-1081.00,Podiatrists,Reading Comprehension,4.0
29-1081.00,Podiatrists,Active Listening,4.0
29-1081.00,Podiatrists,Speaking,4.0
29-1081.00,Podiatrists,Critical Thinking,4.0
29-1081.00,Podiatrists,Active Learning,4.0
29-1081.00,Podiatrists,Writing,3.88
29-1081.00,Podiatrists,Monitoring,3.88
29-1081.00,Podiatrists,Science,3.5
29-1081.00,Podiatrists,Learning Strategies,3.25
29-1081.00,Podiatrists,Mathematics,2.88
29-1122.00,Occupational Therapists,Active Listening,4.12
29-1122.00,Occupational Therapists,Monitoring,4.12
29-1122.00,Occupational Therapists,Reading Comprehension,4.0
29-1122.00,Occupational Therapists,Writing,4.0
29-1122.00,Occupational Therapists,Speaking,4.0
29-1122.00,Occupational Therapists,Critical Thinking,4.0
29-1122.00,Occupational Therapists,Active Learning,3.88
29-1122.00,Occupational Therapists,Learning Strategies,3.88
29-1122.00,Occupational Therapists,Science,2.75
29-1122.00,Occupational Therapists,Mathematics,2.0
29-1122.01,"Low Vision Therapists, Orientation and Mobility Specialists, and Vision Rehabilitation Therapists",Active Listening,4.0
29-1122.01,"Low Vision Therapists, Orientation and Mobility Specialists, and Vision Rehabilitation Therapists",Speaking,4.0
29-1122.01,"Low Vision Therapists, Orientation and Mobility Specialists, and Vision Rehabilitation Therapists",Learning Strategies,4.0
29-1122.01,"Low Vision Therapists, Orientation and Mobility Specialists, and Vision Rehabilitation Therapists",Reading Comprehension,3.88
29-1122.01,"Low Vision Therapists, Orientation and Mobility Specialists, and Vision Rehabilitation Therapists",Writing,3.75
29-1122.01,"Low Vision Therapists, Orientation and Mobility Specialists, and Vision Rehabilitation Therapists",Active Learning,3.75
29-1122.01,"Low Vision Therapists, Orientation and Mobility Specialists, and Vision Rehabilitation Therapists",Monitoring,3.75
29-1122.01,"Low Vision Therapists, Orientation and Mobility Specialists, and Vision Rehabilitation Therapists",Critical Thinking,3.5
29-1122.01,"Low Vision Therapists, Orientation and Mobility Specialists, and Vision Rehabilitation Therapists",Mathematics,2.12
29-1122.01,"Low Vision Therapists, Orientation and Mobility Specialists, and Vision Rehabilitation Therapists",Science,2.0
29-1123.00,Physical Therapists,Reading Comprehension,4.0
29-1123.00,Physical Therapists,Active Listening,4.0
29-1123.00,Physical Therapists,Speaking,4.0
29-1123.00,Physical Therapists,Critical Thinking,4.0
29-1123.00,Physical Therapists,Writing,3.88
29-1123.00,Physical Therapists,Monitoring,3.88
29-1123.00,Physical Therapists,Active Learning,3.12
29-1123.00,Physical Therapists,Learning Strategies,3.12
29-1123.00,Physical Therapists,Science,2.62
29-1123.00,Physical Therapists,Mathematics,2.12
29-1124.00,Radiation Therapists,Reading Comprehension,3.75
29-1124.00,Radiation Therapists,Active Listening,3.75
29-1124.00,Radiation Therapists,Critical Thinking,3.5
29-1124.00,Radiation Therapists,Speaking,3.25
29-1124.00,Radiation Therapists,Monitoring,3.25
29-1124.00,Radiation Therapists,Writing,3.12
29-1124.00,Radiation Therapists,Active Learning,3.0
29-1124.00,Radiation Therapists,Learning Strategies,2.88
29-1124.00,Radiation Therapists,Mathematics,2.75
29-1124.00,Radiation Therapists,Science,2.75
29-1125.00,Recreational Therapists,Active Listening,4.0
29-1125.00,Recreational Therapists,Speaking,4.0
29-1125.00,Recreational Therapists,Reading Comprehension,3.88
29-1125.00,Recreational Therapists,Writing,3.88
29-1125.00,Recreational Therapists,Critical Thinking,3.88
29-1125.00,Recreational Therapists,Active Learning,3.38
29-1125.00,Recreational Therapists,Learning Strategies,3.38
29-1125.00,Recreational Therapists,Monitoring,3.38
29-1125.00,Recreational Therapists,Mathematics,2.0
29-1125.00,Recreational Therapists,Science,2.0
29-1126.00,Respiratory Therapists,Active Listening,4.0
29-1126.00,Respiratory Therapists,Critical Thinking,4.0
29-1126.00,Respiratory Therapists,Monitoring,4.0
29-1126.00,Respiratory Therapists,Reading Comprehension,3.88
29-1126.00,Respiratory Therapists,Speaking,3.88
29-1126.00,Respiratory Therapists,Active Learning,3.38
29-1126.00,Respiratory Therapists,Writing,3.25
29-1126.00,Respiratory Therapists,Learning Strategies,3.12
29-1126.00,Respiratory Therapists,Science,3.0
29-1126.00,Respiratory Therapists,Mathematics,2.75
29-1127.00,Speech-Language Pathologists,Reading Comprehension,4.12
29-1127.00,Speech-Language Pathologists,Active Listening,4.12
29-1127.00,Speech-Language Pathologists,Critical Thinking,4.12
29-1127.00,Speech-Language Pathologists,Writing,4.0
29-1127.00,Speech-Language Pathologists,Speaking,4.0
29-1127.00,Speech-Language Pathologists,Learning Strategies,4.0
29-1127.00,Speech-Language Pathologists,Active Learning,3.88
29-1127.00,Speech-Language Pathologists,Monitoring,3.88
29-1127.00,Speech-Language Pathologists,Science,2.88
29-1127.00,Speech-Language Pathologists,Mathematics,2.0
29-1128.00,Exercise Physiologists,Reading Comprehension,4.0
29-1128.00,Exercise Physiologists,Active Listening,4.0
29-1128.00,Exercise Physiologists,Speaking,4.0
29-1128.00,Exercise Physiologists,Writing,3.88
29-1128.00,Exercise Physiologists,Critical Thinking,3.88
29-1128.00,Exercise Physiologists,Monitoring,3.88
29-1128.00,Exercise Physiologists,Active Learning,3.38
29-1128.00,Exercise Physiologists,Learning Strategies,3.38
29-1128.00,Exercise Physiologists,Science,2.88
29-1128.00,Exercise Physiologists,Mathematics,2.75
29-1129.01,Art Therapists,Active Listening,4.0
29-1129.01,Art Therapists,Speaking,4.0
29-1129.01,Art Therapists,Monitoring,4.0
29-1129.01,Art Therapists,Critical Thinking,3.88
29-1129.01,Art Therapists,Reading Comprehension,3.75
29-1129.01,Art Therapists,Writing,3.75
29-1129.01,Art Therapists,Active Learning,3.62
29-1129.01,Art Therapists,Learning Strategies,3.12
29-1129.01,Art Therapists,Mathematics,2.0
29-1129.01,Art Therapists,Science,1.88
29-1129.02,Music Therapists,Active Listening,4.12
29-1129.02,Music Therapists,Reading Comprehension,4.0
29-1129.02,Music Therapists,Speaking,4.0
29-1129.02,Music Therapists,Critical Thinking,4.0
29-1129.02,Music Therapists,Learning Strategies,3.75
29-1129.02,Music Therapists,Monitoring,3.75
29-1129.02,Music Therapists,Writing,3.25
29-1129.02,Music Therapists,Active Learning,3.25
29-1129.02,Music Therapists,Mathematics,2.0
29-1129.02,Music Therapists,Science,1.75
29-1131.00,Veterinarians,Reading Comprehension,4.12
29-1131.00,Veterinarians,Active Listening,4.12
29-1131.00,Veterinarians,Active Learning,4.0
29-1131.00,Veterinarians,Speaking,3.88
29-1131.00,Veterinarians,Science,3.88
29-1131.00,Veterinarians,Critical Thinking,3.88
29-1131.00,Veterinarians,Writing,3.5
29-1131.00,Veterinarians,Monitoring,3.25
29-1131.00,Veterinarians,Mathematics,3.12
29-1131.00,Veterinarians,Learning Strategies,3.0
29-1141.00,Registered Nurses,Active Listening,4.0
29-1141.00,Registered Nurses,Speaking,4.0
29-1141.00,Registered Nurses,Critical Thinking,4.0
29-1141.00,Registered Nurses,Reading Comprehension,3.88
29-1141.00,Registered Nurses,Writing,3.75
29-1141.00,Registered Nurses,Monitoring,3.75
29-1141.00,Registered Nurses,Active Learning,3.5
29-1141.00,Registered Nurses,Learning Strategies,3.25
29-1141.00,Registered Nurses,Mathematics,2.88
29-1141.00,Registered Nurses,Science,2.88
29-1141.01,Acute Care Nurses,Reading Comprehension,4.12
29-1141.01,Acute Care Nurses,Speaking,4.12
29-1141.01,Acute Care Nurses,Critical Thinking,4.12
29-1141.01,Acute Care Nurses,Active Listening,4.0
29-1141.01,Acute Care Nurses,Writing,4.0
29-1141.01,Acute Care Nurses,Active Learning,4.0
29-1141.01,Acute Care Nurses,Monitoring,4.0
29-1141.01,Acute Care Nurses,Learning Strategies,3.38
29-1141.01,Acute Care Nurses,Mathematics,3.0
29-1141.01,Acute Care Nurses,Science,3.0
29-1141.02,Advanced Practice Psychiatric Nurses,Active Listening,4.38
29-1141.02,Advanced Practice Psychiatric Nurses,Speaking,4.12
29-1141.02,Advanced Practice Psychiatric Nurses,Reading Comprehension,4.0
29-1141.02,Advanced Practice Psychiatric Nurses,Writing,4.0
29-1141.02,Advanced Practice Psychiatric Nurses,Critical Thinking,4.0
29-1141.02,Advanced Practice Psychiatric Nurses,Monitoring,4.0
29-1141.02,Advanced Practice Psychiatric Nurses,Active Learning,3.88
29-1141.02,Advanced Practice Psychiatric Nurses,Learning Strategies,3.75
29-1141.02,Advanced Practice Psychiatric Nurses,Science,2.88
29-1141.02,Advanced Practice Psychiatric Nurses,Mathematics,2.75
29-1141.03,Critical Care Nurses,Monitoring,4.12
29-1141.03,Critical Care Nurses,Reading Comprehension,4.0
29-1141.03,Critical Care Nurses,Active Listening,4.0
29-1141.03,Critical Care Nurses,Speaking,4.0
29-1141.03,Critical Care Nurses,Critical Thinking,4.0
29-1141.03,Critical Care Nurses,Active Learning,3.88
29-1141.03,Critical Care Nurses,Writing,3.38
29-1141.03,Critical Care Nurses,Science,3.0
29-1141.03,Critical Care Nurses,Learning Strategies,3.0
29-1141.03,Critical Care Nurses,Mathematics,2.88
29-1141.04,Clinical Nurse Specialists,Speaking,4.12
29-1141.04,Clinical Nurse Specialists,Reading Comprehension,4.0
29-1141.04,Clinical Nurse Specialists,Critical Thinking,4.0
29-1141.04,Clinical Nurse Specialists,Active Learning,4.0
29-1141.04,Clinical Nurse Specialists,Monitoring,4.0
29-1141.04,Clinical Nurse Specialists,Active Listening,3.88
29-1141.04,Clinical Nurse Specialists,Writing,3.88
29-1141.04,Clinical Nurse Specialists,Learning Strategies,3.62
29-1141.04,Clinical Nurse Specialists,Science,3.0
29-1141.04,Clinical Nurse Specialists,Mathematics,2.5
29-1151.00,Nurse Anesthetists,Reading Comprehension,4.12
29-1151.00,Nurse Anesthetists,Critical Thinking,4.12
29-1151.00,Nurse Anesthetists,Active Listening,4.0
29-1151.00,Nurse Anesthetists,Speaking,4.0
29-1151.00,Nurse Anesthetists,Active Learning,4.0
29-1151.00,Nurse Anesthetists,Monitoring,4.0
29-1151.00,Nurse Anesthetists,Science,3.88
29-1151.00,Nurse Anesthetists,Writing,3.38
29-1151.00,Nurse Anesthetists,Learning Strategies,3.38
29-1151.00,Nurse Anesthetists,Mathematics,3.25
29-1161.00,Nurse Midwives,Active Listening,4.12
29-1161.00,Nurse Midwives,Speaking,4.12
29-1161.00,Nurse Midwives,Critical Thinking,4.12
29-1161.00,Nurse Midwives,Reading Comprehension,4.0
29-1161.00,Nurse Midwives,Active Learning,4.0
29-1161.00,Nurse Midwives,Monitoring,4.0
29-1161.00,Nurse Midwives,Writing,3.88
29-1161.00,Nurse Midwives,Learning Strategies,3.25
29-1161.00,Nurse Midwives,Science,2.88
29-1161.00,Nurse Midwives,Mathematics,2.62
29-1171.00,Nurse Practitioners,Reading Comprehension,4.12
29-1171.00,Nurse Practitioners,Active Listening,4.12
29-1171.00,Nurse Practitioners,Critical Thinking,4.12
29-1171.00,Nurse Practitioners,Writing,4.0
29-1171.00,Nurse Practitioners,Speaking,4.0
29-1171.00,Nurse Practitioners,Active Learning,4.0
29-1171.00,Nurse Practitioners,Monitoring,4.0
29-1171.00,Nurse Practitioners,Science,3.75
29-1171.00,Nurse Practitioners,Learning Strategies,3.5
29-1171.00,Nurse Practitioners,Mathematics,3.0
29-1181.00,Audiologists,Reading Comprehension,4.12
29-1181.00,Audiologists,Active Listening,4.12
29-1181.00,Audiologists,Writing,4.0
29-1181.00,Audiologists,Speaking,4.0
29-1181.00,Audiologists,Critical Thinking,4.0
29-1181.00,Audiologists,Active Learning,4.0
29-1181.00,Audiologists,Monitoring,3.75
29-1181.00,Audiologists,Learning Strategies,3.38
29-1181.00,Audiologists,Science,3.0
29-1181.00,Audiologists,Mathematics,2.88
29-1211.00,Anesthesiologists,Critical Thinking,4.62
29-1211.00,Anesthesiologists,Reading Comprehension,4.12
29-1211.00,Anesthesiologists,Monitoring,4.12
29-1211.00,Anesthesiologists,Active Listening,4.0
29-1211.00,Anesthesiologists,Writing,4.0
29-1211.00,Anesthesiologists,Speaking,4.0
29-1211.00,Anesthesiologists,Science,4.0
29-1211.00,Anesthesiologists,Active Learning,3.88
29-1211.00,Anesthesiologists,Learning Strategies,3.38
29-1211.00,Anesthesiologists,Mathematics,3.0
29-1213.00,Dermatologists,Critical Thinking,4.12
29-1213.00,Dermatologists,Active Listening,4.0
29-1213.00,Dermatologists,Reading Comprehension,3.88
29-1213.00,Dermatologists,Speaking,3.88
29-1213.00,Dermatologists,Active Learning,3.75
29-1213.00,Dermatologists,Science,3.62
29-1213.00,Dermatologists,Writing,3.5
29-1213.00,Dermatologists,Monitoring,3.5
29-1213.00,Dermatologists,Learning Strategies,3.12
29-1213.00,Dermatologists,Mathematics,2.25
29-1214.00,Emergency Medicine Physicians,Active Listening,4.38
29-1214.00,Emergency Medicine Physicians,Critical Thinking,4.38
29-1214.00,Emergency Medicine Physicians,Reading Comprehension,4.25
29-1214.00,Emergency Medicine Physicians,Speaking,4.25
29-1214.00,Emergency Medicine Physicians,Writing,4.12
29-1214.00,Emergency Medicine Physicians,Monitoring,4.12
29-1214.00,Emergency Medicine Physicians,Active Learning,4.0
29-1214.00,Emergency Medicine Physicians,Learning Strategies,3.62
29-1214.00,Emergency Medicine Physicians,Science,3.0
29-1214.00,Emergency Medicine Physicians,Mathematics,2.75
29-1215.00,Family Medicine Physicians,Critical Thinking,4.38
29-1215.00,Family Medicine Physicians,Reading Comprehension,4.25
29-1215.00,Family Medicine Physicians,Active Listening,4.25
29-1215.00,Family Medicine Physicians,Writing,4.12
29-1215.00,Family Medicine Physicians,Speaking,4.12
29-1215.00,Family Medicine Physicians,Active Learning,4.0
29-1215.00,Family Medicine Physicians,Monitoring,4.0
29-1215.00,Family Medicine Physicians,Science,3.88
29-1215.00,Family Medicine Physicians,Learning Strategies,3.25
29-1215.00,Family Medicine Physicians,Mathematics,2.75
29-1216.00,General Internal Medicine Physicians,Reading Comprehension,4.12
29-1216.00,General Internal Medicine Physicians,Active Listening,4.12
29-1216.00,General Internal Medicine Physicians,Writing,4.0
29-1216.00,General Internal Medicine Physicians,Speaking,4.0
29-1216.00,General Internal Medicine Physicians,Science,4.0
29-1216.00,General Internal Medicine Physicians,Critical Thinking,4.0
29-1216.00,General Internal Medicine Physicians,Active Learning,3.88
29-1216.00,General Internal Medicine Physicians,Monitoring,3.88
29-1216.00,General Internal Medicine Physicians,Learning Strategies,3.12
29-1216.00,General Internal Medicine Physicians,Mathematics,2.88
29-1217.00,Neurologists,Active Listening,4.25
29-1217.00,Neurologists,Reading Comprehension,4.12
29-1217.00,Neurologists,Speaking,4.12
29-1217.00,Neurologists,Critical Thinking,4.12
29-1217.00,Neurologists,Writing,4.0
29-1217.00,Neurologists,Monitoring,4.0
29-1217.00,Neurologists,Science,3.75
29-1217.00,Neurologists,Active Learning,3.75
29-1217.00,Neurologists,Learning Strategies,3.38
29-1217.00,Neurologists,Mathematics,2.88
29-1218.00,Obstetricians and Gynecologists,Critical Thinking,4.38
29-1218.00,Obstetricians and Gynecologists,Reading Comprehension,4.25
29-1218.00,Obstetricians and Gynecologists,Active Listening,4.12
29-1218.00,Obstetricians and Gynecologists,Active Learning,4.12
29-1218.00,Obstetricians and Gynecologists,Writing,4.0
29-1218.00,Obstetricians and Gynecologists,Speaking,4.0
29-1218.00,Obstetricians and Gynecologists,Monitoring,4.0
29-1218.00,Obstetricians and Gynecologists,Science,3.75
29-1218.00,Obstetricians and Gynecologists,Learning Strategies,3.5
29-1218.00,Obstetricians and Gynecologists,Mathematics,2.75
29-1221.00,"Pediatricians, General",Speaking,4.25
29-1221.00,"Pediatricians, General",Critical Thinking,4.25
29-1221.00,"Pediatricians, General",Reading Comprehension,4.12
29-1221.00,"Pediatricians, General",Active Listening,4.12
29-1221.00,"Pediatricians, General",Writing,4.0
29-1221.00,"Pediatricians, General",Science,4.0
29-1221.00,"Pediatricians, General",Active Learning,4.0
29-1221.00,"Pediatricians, General",Monitoring,4.0
29-1221.00,"Pediatricians, General",Learning Strategies,3.25
29-1221.00,"Pediatricians, General",Mathematics,2.38
29-1222.00,"Physicians, Pathologists",Reading Comprehension,4.25
29-1222.00,"Physicians, Pathologists",Writing,4.12
29-1222.00,"Physicians, Pathologists",Critical Thinking,4.12
29-1222.00,"Physicians, Pathologists",Active Listening,4.0
29-1222.00,"Physicians, Pathologists",Science,4.0
29-1222.00,"Physicians, Pathologists",Active Learning,4.0
29-1222.00,"Physicians, Pathologists",Speaking,3.88
29-1222.00,"Physicians, Pathologists",Monitoring,3.5
29-1222.00,"Physicians, Pathologists",Learning Strategies,3.12
29-1222.00,"Physicians, Pathologists",Mathematics,3.0
29-1223.00,Psychiatrists,Active Listening,5.0
29-1223.00,Psychiatrists,Critical Thinking,4.38
29-1223.00,Psychiatrists,Speaking,4.12
29-1223.00,Psychiatrists,Reading Comprehension,4.0
29-1223.00,Psychiatrists,Writing,4.0
29-1223.00,Psychiatrists,Monitoring,4.0
29-1223.00,Psychiatrists,Active Learning,3.88
29-1223.00,Psychiatrists,Learning Strategies,3.75
29-1223.00,Psychiatrists,Science,3.62
29-1223.00,Psychiatrists,Mathematics,2.62
29-1224.00,Radiologists,Reading Comprehension,4.25
29-1224.00,Radiologists,Active Listening,4.25
29-1224.00,Radiologists,Speaking,4.25
29-1224.00,Radiologists,Writing,4.12
29-1224.00,Radiologists,Critical Thinking,4.12
29-1224.00,Radiologists,Monitoring,4.0
29-1224.00,Radiologists,Active Learning,3.88
29-1224.00,Radiologists,Science,3.75
29-1224.00,Radiologists,Learning Strategies,3.25
29-1224.00,Radiologists,Mathematics,2.88
29-1229.01,Allergists and Immunologists,Reading Comprehension,4.5
29-1229.01,Allergists and Immunologists,Active Listening,4.12
29-1229.01,Allergists and Immunologists,Writing,4.12
29-1229.01,Allergists and Immunologists,Critical Thinking,4.12
29-1229.01,Allergists and Immunologists,Speaking,4.0
29-1229.01,Allergists and Immunologists,Active Learning,4.0
29-1229.01,Allergists and Immunologists,Monitoring,4.0
29-1229.01,Allergists and Immunologists,Science,3.88
29-1229.01,Allergists and Immunologists,Learning Strategies,3.62
29-1229.01,Allergists and Immunologists,Mathematics,2.75
29-1229.02,Hospitalists,Reading Comprehension,4.12
29-1229.02,Hospitalists,Active Listening,4.12
29-1229.02,Hospitalists,Speaking,4.12
29-1229.02,Hospitalists,Critical Thinking,4.12
29-1229.02,Hospitalists,Active Learning,4.12
29-1229.02,Hospitalists,Monitoring,4.0
29-1229.02,Hospitalists,Writing,3.88
29-1229.02,Hospitalists,Science,3.38
29-1229.02,Hospitalists,Learning Strategies,3.25
29-1229.02,Hospitalists,Mathematics,3.0
29-1229.03,Urologists,Reading Comprehension,4.38
29-1229.03,Urologists,Critical Thinking,4.25
29-1229.03,Urologists,Active Listening,4.12
29-1229.03,Urologists,Writing,4.12
29-1229.03,Urologists,Speaking,4.0
29-1229.03,Urologists,Active Learning,3.88
29-1229.03,Urologists,Monitoring,3.88
29-1229.03,Urologists,Science,3.62
29-1229.03,Urologists,Learning Strategies,3.12
29-1229.03,Urologists,Mathematics,2.75
29-1229.04,Physical Medicine and Rehabilitation Physicians,Critical Thinking,4.12
29-1229.04,Physical Medicine and Rehabilitation Physicians,Reading Comprehension,4.0
29-1229.04,Physical Medicine and Rehabilitation Physicians,Active Listening,4.0
29-1229.04,Physical Medicine and Rehabilitation Physicians,Speaking,4.0
29-1229.04,Physical Medicine and Rehabilitation Physicians,Writing,3.88
29-1229.04,Physical Medicine and Rehabilitation Physicians,Monitoring,3.88
29-1229.04,Physical Medicine and Rehabilitation Physicians,Active Learning,3.75
29-1229.04,Physical Medicine and Rehabilitation Physicians,Science,3.38
29-1229.04,Physical Medicine and Rehabilitation Physicians,Learning Strategies,3.12
29-1229.04,Physical Medicine and Rehabilitation Physicians,Mathematics,2.62
29-1229.05,Preventive Medicine Physicians,Reading Comprehension,4.38
29-1229.05,Preventive Medicine Physicians,Active Listening,4.25
29-1229.05,Preventive Medicine Physicians,Speaking,4.25
29-1229.05,Preventive Medicine Physicians,Critical Thinking,4.25
29-1229.05,Preventive Medicine Physicians,Writing,4.12
29-1229.05,Preventive Medicine Physicians,Monitoring,4.12
29-1229.05,Preventive Medicine Physicians,Active Learning,4.0
29-1229.05,Preventive Medicine Physicians,Science,3.75
29-1229.05,Preventive Medicine Physicians,Learning Strategies,3.75
29-1229.05,Preventive Medicine Physicians,Mathematics,3.12
29-1229.06,Sports Medicine Physicians,Reading Comprehension,4.62
29-1229.06,Sports Medicine Physicians,Critical Thinking,4.25
29-1229.06,Sports Medicine Physicians,Active Listening,4.12
29-1229.06,Sports Medicine Physicians,Speaking,4.12
29-1229.06,Sports Medicine Physicians,Active Learning,4.0
29-1229.06,Sports Medicine Physicians,Monitoring,4.0
29-1229.06,Sports Medicine Physicians,Writing,3.88
29-1229.06,Sports Medicine Physicians,Learning Strategies,3.62
29-1229.06,Sports Medicine Physicians,Science,3.25
29-1229.06,Sports Medicine Physicians,Mathematics,2.5
29-1241.00,"Ophthalmologists, Except Pediatric",Reading Comprehension,4.25
29-1241.00,"Ophthalmologists, Except Pediatric",Critical Thinking,4.25
29-1241.00,"Ophthalmologists, Except Pediatric",Active Listening,4.12
29-1241.00,"Ophthalmologists, Except Pediatric",Writing,4.0
29-1241.00,"Ophthalmologists, Except Pediatric",Speaking,4.0
29-1241.00,"Ophthalmologists, Except Pediatric",Active Learning,4.0
29-1241.00,"Ophthalmologists, Except Pediatric",Monitoring,4.0
29-1241.00,"Ophthalmologists, Except Pediatric",Science,3.88
29-1241.00,"Ophthalmologists, Except Pediatric",Learning Strategies,3.38
29-1241.00,"Ophthalmologists, Except Pediatric",Mathematics,3.0
29-1291.00,Acupuncturists,Active Listening,3.88
29-1291.00,Acupuncturists,Critical Thinking,3.75
29-1291.00,Acupuncturists,Speaking,3.62
29-1291.00,Acupuncturists,Reading Comprehension,3.25
29-1291.00,Acupuncturists,Monitoring,3.25
29-1291.00,Acupuncturists,Writing,3.12
29-1291.00,Acupuncturists,Active Learning,3.12
29-1291.00,Acupuncturists,Learning Strategies,2.62
29-1291.00,Acupuncturists,Science,2.25
29-1291.00,Acupuncturists,Mathematics,2.0
29-1292.00,Dental Hygienists,Active Listening,3.75
29-1292.00,Dental Hygienists,Speaking,3.5
29-1292.00,Dental Hygienists,Critical Thinking,3.5
29-1292.00,Dental Hygienists,Writing,3.12
29-1292.00,Dental Hygienists,Monitoring,3.12
29-1292.00,Dental Hygienists,Reading Comprehension,3.0
29-1292.00,Dental Hygienists,Active Learning,3.0
29-1292.00,Dental Hygienists,Learning Strategies,2.75
29-1292.00,Dental Hygienists,Science,2.38
29-1292.00,Dental Hygienists,Mathematics,2.0
29-1299.01,Naturopathic Physicians,Reading Comprehension,4.25
29-1299.01,Naturopathic Physicians,Active Listening,4.12
29-1299.01,Naturopathic Physicians,Speaking,4.12
29-1299.01,Naturopathic Physicians,Critical Thinking,4.12
29-1299.01,Naturopathic Physicians,Writing,4.0
29-1299.01,Naturopathic Physicians,Active Learning,3.75
29-1299.01,Naturopathic Physicians,Learning Strategies,3.38
29-1299.01,Naturopathic Physicians,Monitoring,3.38
29-1299.01,Naturopathic Physicians,Science,3.12
29-1299.01,Naturopathic Physicians,Mathematics,2.75
29-1299.02,Orthoptists,Reading Comprehension,4.0
29-1299.02,Orthoptists,Active Listening,4.0
29-1299.02,Orthoptists,Speaking,3.88
29-1299.02,Orthoptists,Critical Thinking,3.88
29-1299.02,Orthoptists,Writing,3.75
29-1299.02,Orthoptists,Science,3.5
29-1299.02,Orthoptists,Active Learning,3.38
29-1299.02,Orthoptists,Learning Strategies,3.12
29-1299.02,Orthoptists,Monitoring,3.0
29-1299.02,Orthoptists,Mathematics,2.62
29-2011.00,Medical and Clinical Laboratory Technologists,Science,4.0
29-2011.00,Medical and Clinical Laboratory Technologists,Critical Thinking,4.0
29-2011.00,Medical and Clinical Laboratory Technologists,Active Listening,3.88
29-2011.00,Medical and Clinical Laboratory Technologists,Reading Comprehension,3.75
29-2011.00,Medical and Clinical Laboratory Technologists,Monitoring,3.5
29-2011.00,Medical and Clinical Laboratory Technologists,Active Learning,3.38
29-2011.00,Medical and Clinical Laboratory Technologists,Writing,3.12
29-2011.00,Medical and Clinical Laboratory Technologists,Speaking,3.12
29-2011.00,Medical and Clinical Laboratory Technologists,Mathematics,3.12
29-2011.00,Medical and Clinical Laboratory Technologists,Learning Strategies,2.88
29-2011.01,Cytogenetic Technologists,Reading Comprehension,4.0
29-2011.01,Cytogenetic Technologists,Critical Thinking,3.88
29-2011.01,Cytogenetic Technologists,Active Listening,3.75
29-2011.01,Cytogenetic Technologists,Speaking,3.75
29-2011.01,Cytogenetic Technologists,Writing,3.62
29-2011.01,Cytogenetic Technologists,Science,3.5
29-2011.01,Cytogenetic Technologists,Active Learning,3.25
29-2011.01,Cytogenetic Technologists,Monitoring,3.25
29-2011.01,Cytogenetic Technologists,Learning Strategies,2.88
29-2011.01,Cytogenetic Technologists,Mathematics,2.75
29-2011.02,Cytotechnologists,Reading Comprehension,3.88
29-2011.02,Cytotechnologists,Active Listening,3.75
29-2011.02,Cytotechnologists,Critical Thinking,3.75
29-2011.02,Cytotechnologists,Speaking,3.12
29-2011.02,Cytotechnologists,Writing,3.0
29-2011.02,Cytotechnologists,Active Learning,3.0
29-2011.02,Cytotechnologists,Monitoring,3.0
29-2011.02,Cytotechnologists,Science,2.88
29-2011.02,Cytotechnologists,Learning Strategies,2.75
29-2011.02,Cytotechnologists,Mathematics,2.62
29-2011.04,Histotechnologists,Reading Comprehension,3.5
29-2011.04,Histotechnologists,Critical Thinking,3.38
29-2011.04,Histotechnologists,Monitoring,3.38
29-2011.04,Histotechnologists,Active Listening,3.25
29-2011.04,Histotechnologists,Speaking,3.25
29-2011.04,Histotechnologists,Active Learning,3.25
29-2011.04,Histotechnologists,Writing,3.12
29-2011.04,Histotechnologists,Science,3.0
29-2011.04,Histotechnologists,Learning Strategies,2.75
29-2011.04,Histotechnologists,Mathematics,2.38
29-2012.00,Medical and Clinical Laboratory Technicians,Reading Comprehension,3.75
29-2012.00,Medical and Clinical Laboratory Technicians,Active Listening,3.62
29-2012.00,Medical and Clinical Laboratory Technicians,Critical Thinking,3.25
29-2012.00,Medical and Clinical Laboratory Technicians,Speaking,3.12
29-2012.00,Medical and Clinical Laboratory Technicians,Writing,3.0
29-2012.00,Medical and Clinical Laboratory Technicians,Science,3.0
29-2012.00,Medical and Clinical Laboratory Technicians,Active Learning,3.0
29-2012.00,Medical and Clinical Laboratory Technicians,Monitoring,3.0
29-2012.00,Medical and Clinical Laboratory Technicians,Mathematics,2.75
29-2012.00,Medical and Clinical Laboratory Technicians,Learning Strategies,2.75
29-2012.01,Histology Technicians,Active Listening,3.5
29-2012.01,Histology Technicians,Critical Thinking,3.5
29-2012.01,Histology Technicians,Reading Comprehension,3.38
29-2012.01,Histology Technicians,Monitoring,3.25
29-2012.01,Histology Technicians,Speaking,3.12
29-2012.01,Histology Technicians,Science,3.12
29-2012.01,Histology Technicians,Writing,3.0
29-2012.01,Histology Technicians,Active Learning,2.88
29-2012.01,Histology Technicians,Learning Strategies,2.38
29-2012.01,Histology Technicians,Mathematics,2.0
29-2031.00,Cardiovascular Technologists and Technicians,Active Listening,3.88
29-2031.00,Cardiovascular Technologists and Technicians,Speaking,3.75
29-2031.00,Cardiovascular Technologists and Technicians,Critical Thinking,3.75
29-2031.00,Cardiovascular Technologists and Technicians,Monitoring,3.75
29-2031.00,Cardiovascular Technologists and Technicians,Reading Comprehension,3.62
29-2031.00,Cardiovascular Technologists and Technicians,Writing,3.12
29-2031.00,Cardiovascular Technologists and Technicians,Active Learning,3.12
29-2031.00,Cardiovascular Technologists and Technicians,Science,3.0
29-2031.00,Cardiovascular Technologists and Technicians,Learning Strategies,2.88
29-2031.00,Cardiovascular Technologists and Technicians,Mathematics,2.62
29-2032.00,Diagnostic Medical Sonographers,Active Listening,4.0
29-2032.00,Diagnostic Medical Sonographers,Speaking,3.88
29-2032.00,Diagnostic Medical Sonographers,Reading Comprehension,3.75
29-2032.00,Diagnostic Medical Sonographers,Critical Thinking,3.62
29-2032.00,Diagnostic Medical Sonographers,Writing,3.25
29-2032.00,Diagnostic Medical Sonographers,Monitoring,3.25
29-2032.00,Diagnostic Medical Sonographers,Active Learning,3.12
29-2032.00,Diagnostic Medical Sonographers,Learning Strategies,3.0
29-2032.00,Diagnostic Medical Sonographers,Science,2.88
29-2032.00,Diagnostic Medical Sonographers,Mathematics,2.0
29-2033.00,Nuclear Medicine Technologists,Critical Thinking,3.88
29-2033.00,Nuclear Medicine Technologists,Active Listening,3.75
29-2033.00,Nuclear Medicine Technologists,Speaking,3.75
29-2033.00,Nuclear Medicine Technologists,Reading Comprehension,3.5
29-2033.00,Nuclear Medicine Technologists,Writing,3.5
29-2033.00,Nuclear Medicine Technologists,Monitoring,3.5
29-2033.00,Nuclear Medicine Technologists,Science,3.25
29-2033.00,Nuclear Medicine Technologists,Mathematics,3.12
29-2033.00,Nuclear Medicine Technologists,Active Learning,3.12
29-2033.00,Nuclear Medicine Technologists,Learning Strategies,2.75
29-2034.00,Radiologic Technologists and Technicians,Reading Comprehension,3.75
29-2034.00,Radiologic Technologists and Technicians,Active Listening,3.75
29-2034.00,Radiologic Technologists and Technicians,Speaking,3.38
29-2034.00,Radiologic Technologists and Technicians,Critical Thinking,3.25
29-2034.00,Radiologic Technologists and Technicians,Monitoring,3.25
29-2034.00,Radiologic Technologists and Technicians,Writing,3.0
29-2034.00,Radiologic Technologists and Technicians,Active Learning,2.88
29-2034.00,Radiologic Technologists and Technicians,Learning Strategies,2.62
29-2034.00,Radiologic Technologists and Technicians,Mathematics,2.0
29-2034.00,Radiologic Technologists and Technicians,Science,2.0
29-2035.00,Magnetic Resonance Imaging Technologists,Reading Comprehension,3.88
29-2035.00,Magnetic Resonance Imaging Technologists,Active Listening,3.75
29-2035.00,Magnetic Resonance Imaging Technologists,Monitoring,3.75
29-2035.00,Magnetic Resonance Imaging Technologists,Speaking,3.62
29-2035.00,Magnetic Resonance Imaging Technologists,Critical Thinking,3.38
29-2035.00,Magnetic Resonance Imaging Technologists,Writing,3.12
29-2035.00,Magnetic Resonance Imaging Technologists,Active Learning,3.12
29-2035.00,Magnetic Resonance Imaging Technologists,Science,2.75
29-2035.00,Magnetic Resonance Imaging Technologists,Learning Strategies,2.75
29-2035.00,Magnetic Resonance Imaging Technologists,Mathematics,2.62
29-2036.00,Medical Dosimetrists,Critical Thinking,4.12
29-2036.00,Medical Dosimetrists,Reading Comprehension,4.0
29-2036.00,Medical Dosimetrists,Active Listening,4.0
29-2036.00,Medical Dosimetrists,Speaking,3.88
29-2036.00,Medical Dosimetrists,Writing,3.75
29-2036.00,Medical Dosimetrists,Mathematics,3.5
29-2036.00,Medical Dosimetrists,Monitoring,3.5
29-2036.00,Medical Dosimetrists,Science,3.38
29-2036.00,Medical Dosimetrists,Active Learning,3.38
29-2036.00,Medical Dosimetrists,Learning Strategies,3.12
29-2043.00,Paramedics,Critical Thinking,3.75
29-2043.00,Paramedics,Active Listening,3.62
29-2043.00,Paramedics,Reading Comprehension,3.5
29-2043.00,Paramedics,Speaking,3.5
29-2043.00,Paramedics,Monitoring,3.5
29-2043.00,Paramedics,Active Learning,3.38
29-2043.00,Paramedics,Writing,2.88
29-2043.00,Paramedics,Learning Strategies,2.75
29-2043.00,Paramedics,Mathematics,2.38
29-2043.00,Paramedics,Science,2.25
29-2051.00,Dietetic Technicians,Speaking,3.38
29-2051.00,Dietetic Technicians,Active Listening,3.25
29-2051.00,Dietetic Technicians,Reading Comprehension,3.12
29-2051.00,Dietetic Technicians,Writing,3.12
29-2051.00,Dietetic Technicians,Critical Thinking,3.12
29-2051.00,Dietetic Technicians,Active Learning,3.12
29-2051.00,Dietetic Technicians,Learning Strategies,3.12
29-2051.00,Dietetic Technicians,Monitoring,3.12
29-2051.00,Dietetic Technicians,Mathematics,2.88
29-2051.00,Dietetic Technicians,Science,2.0
29-2052.00,Pharmacy Technicians,Active Listening,4.0
29-2052.00,Pharmacy Technicians,Reading Comprehension,3.75
29-2052.00,Pharmacy Technicians,Speaking,3.75
29-2052.00,Pharmacy Technicians,Critical Thinking,3.25
29-2052.00,Pharmacy Technicians,Active Learning,3.12
29-2052.00,Pharmacy Technicians,Monitoring,3.12
29-2052.00,Pharmacy Technicians,Writing,3.0
29-2052.00,Pharmacy Technicians,Mathematics,3.0
29-2052.00,Pharmacy Technicians,Learning Strategies,2.88
29-2052.00,Pharmacy Technicians,Science,1.88
29-2053.00,Psychiatric Technicians,Active Listening,4.0
29-2053.00,Psychiatric Technicians,Monitoring,4.0
29-2053.00,Psychiatric Technicians,Speaking,3.88
29-2053.00,Psychiatric Technicians,Reading Comprehension,3.75
29-2053.00,Psychiatric Technicians,Critical Thinking,3.62
29-2053.00,Psychiatric Technicians,Writing,3.25
29-2053.00,Psychiatric Technicians,Active Learning,3.12
29-2053.00,Psychiatric Technicians,Learning Strategies,3.0
29-2053.00,Psychiatric Technicians,Mathematics,2.0
29-2053.00,Psychiatric Technicians,Science,2.0
29-2055.00,Surgical Technologists,Monitoring,3.62
29-2055.00,Surgical Technologists,Active Listening,3.25
29-2055.00,Surgical Technologists,Reading Comprehension,3.12
29-2055.00,Surgical Technologists,Speaking,3.12
29-2055.00,Surgical Technologists,Critical Thinking,3.0
29-2055.00,Surgical Technologists,Active Learning,3.0
29-2055.00,Surgical Technologists,Learning Strategies,3.0
29-2055.00,Surgical Technologists,Writing,2.88
29-2055.00,Surgical Technologists,Mathematics,2.62
29-2055.00,Surgical Technologists,Science,2.12
29-2056.00,Veterinary Technologists and Technicians,Active Listening,3.75
29-2056.00,Veterinary Technologists and Technicians,Critical Thinking,3.75
29-2056.00,Veterinary Technologists and Technicians,Reading Comprehension,3.62
29-2056.00,Veterinary Technologists and Technicians,Speaking,3.62
29-2056.00,Veterinary Technologists and Technicians,Writing,3.25
29-2056.00,Veterinary Technologists and Technicians,Monitoring,3.25
29-2056.00,Veterinary Technologists and Technicians,Active Learning,3.12
29-2056.00,Veterinary Technologists and Technicians,Learning Strategies,3.0
29-2056.00,Veterinary Technologists and Technicians,Science,2.88
29-2056.00,Veterinary Technologists and Technicians,Mathematics,2.75
29-2057.00,Ophthalmic Medical Technicians,Active Listening,3.62
29-2057.00,Ophthalmic Medical Technicians,Speaking,3.25
29-2057.00,Ophthalmic Medical Technicians,Reading Comprehension,3.12
29-2057.00,Ophthalmic Medical Technicians,Writing,3.12
29-2057.00,Ophthalmic Medical Technicians,Critical Thinking,3.0
29-2057.00,Ophthalmic Medical Technicians,Active Learning,3.0
29-2057.00,Ophthalmic Medical Technicians,Monitoring,3.0
29-2057.00,Ophthalmic Medical Technicians,Learning Strategies,2.62
29-2057.00,Ophthalmic Medical Technicians,Mathematics,2.5
29-2057.00,Ophthalmic Medical Technicians,Science,2.0
29-2061.00,Licensed Practical and Licensed Vocational Nurses,Active Listening,3.88
29-2061.00,Licensed Practical and Licensed Vocational Nurses,Speaking,3.88
29-2061.00,Licensed Practical and Licensed Vocational Nurses,Monitoring,3.88
29-2061.00,Licensed Practical and Licensed Vocational Nurses,Reading Comprehension,3.75
29-2061.00,Licensed Practical and Licensed Vocational Nurses,Critical Thinking,3.75
29-2061.00,Licensed Practical and Licensed Vocational Nurses,Active Learning,3.38
29-2061.00,Licensed Practical and Licensed Vocational Nurses,Writing,3.25
29-2061.00,Licensed Practical and Licensed Vocational Nurses,Learning Strategies,3.12
29-2061.00,Licensed Practical and Licensed Vocational Nurses,Mathematics,2.88
29-2061.00,Licensed Practical and Licensed Vocational Nurses,Science,2.62
29-2072.00,Medical Records Specialists,Reading Comprehension,3.62
29-2072.00,Medical Records Specialists,Critical Thinking,3.38
29-2072.00,Medical Records Specialists,Active Listening,3.25
29-2072.00,Medical Records Specialists,Writing,3.12
29-2072.00,Medical Records Specialists,Speaking,3.12
29-2072.00,Medical Records Specialists,Active Learning,3.0
29-2072.00,Medical Records Specialists,Monitoring,3.0
29-2072.00,Medical Records Specialists,Learning Strategies,2.75
29-2072.00,Medical Records Specialists,Mathematics,2.25
29-2072.00,Medical Records Specialists,Science,1.0
29-2081.00,"Opticians, Dispensing",Speaking,4.0
29-2081.00,"Opticians, Dispensing",Active Listening,3.88
29-2081.00,"Opticians, Dispensing",Reading Comprehension,3.75
29-2081.00,"Opticians, Dispensing",Critical Thinking,3.5
29-2081.00,"Opticians, Dispensing",Writing,3.25
29-2081.00,"Opticians, Dispensing",Active Learning,3.0
29-2081.00,"Opticians, Dispensing",Monitoring,3.0
29-2081.00,"Opticians, Dispensing",Mathematics,2.88
29-2081.00,"Opticians, Dispensing",Learning Strategies,2.62
29-2081.00,"Opticians, Dispensing",Science,1.75
29-2091.00,Orthotists and Prosthetists,Reading Comprehension,4.0
29-2091.00,Orthotists and Prosthetists,Active Listening,4.0
29-2091.00,Orthotists and Prosthetists,Writing,4.0
29-2091.00,Orthotists and Prosthetists,Speaking,4.0
29-2091.00,Orthotists and Prosthetists,Critical Thinking,4.0
29-2091.00,Orthotists and Prosthetists,Active Learning,3.75
29-2091.00,Orthotists and Prosthetists,Monitoring,3.38
29-2091.00,Orthotists and Prosthetists,Learning Strategies,3.12
29-2091.00,Orthotists and Prosthetists,Mathematics,3.0
29-2091.00,Orthotists and Prosthetists,Science,2.88
29-2092.00,Hearing Aid Specialists,Active Listening,3.88
29-2092.00,Hearing Aid Specialists,Speaking,3.38
29-2092.00,Hearing Aid Specialists,Reading Comprehension,3.25
29-2092.00,Hearing Aid Specialists,Writing,3.12
29-2092.00,Hearing Aid Specialists,Critical Thinking,3.12
29-2092.00,Hearing Aid Specialists,Active Learning,3.12
29-2092.00,Hearing Aid Specialists,Monitoring,3.12
29-2092.00,Hearing Aid Specialists,Learning Strategies,3.0
29-2092.00,Hearing Aid Specialists,Mathematics,2.12
29-2092.00,Hearing Aid Specialists,Science,1.75
29-2099.01,Neurodiagnostic Technologists,Active Listening,4.0
29-2099.01,Neurodiagnostic Technologists,Speaking,3.88
29-2099.01,Neurodiagnostic Technologists,Reading Comprehension,3.75
29-2099.01,Neurodiagnostic Technologists,Critical Thinking,3.75
29-2099.01,Neurodiagnostic Technologists,Monitoring,3.62
29-2099.01,Neurodiagnostic Technologists,Writing,3.38
29-2099.01,Neurodiagnostic Technologists,Active Learning,3.12
29-2099.01,Neurodiagnostic Technologists,Learning Strategies,3.12
29-2099.01,Neurodiagnostic Technologists,Science,2.5
29-2099.01,Neurodiagnostic Technologists,Mathematics,2.25
29-2099.05,Ophthalmic Medical Technologists,Active Listening,3.88
29-2099.05,Ophthalmic Medical Technologists,Speaking,3.88
29-2099.05,Ophthalmic Medical Technologists,Critical Thinking,3.25
29-2099.05,Ophthalmic Medical Technologists,Reading Comprehension,3.12
29-2099.05,Ophthalmic Medical Technologists,Writing,3.12
29-2099.05,Ophthalmic Medical Technologists,Active Learning,3.0
29-2099.05,Ophthalmic Medical Technologists,Learning Strategies,3.0
29-2099.05,Ophthalmic Medical Technologists,Monitoring,3.0
29-2099.05,Ophthalmic Medical Technologists,Mathematics,2.62
29-2099.05,Ophthalmic Medical Technologists,Science,2.25
29-2099.08,Patient Representatives,Active Listening,4.25
29-2099.08,Patient Representatives,Speaking,4.0
29-2099.08,Patient Representatives,Reading Comprehension,3.88
29-2099.08,Patient Representatives,Critical Thinking,3.75
29-2099.08,Patient Representatives,Writing,3.12
29-2099.08,Patient Representatives,Active Learning,3.12
29-2099.08,Patient Representatives,Monitoring,3.12
29-2099.08,Patient Representatives,Learning Strategies,2.75
29-2099.08,Patient Representatives,Mathematics,2.12
29-2099.08,Patient Representatives,Science,1.75
29-9091.00,Athletic Trainers,Active Listening,4.0
29-9091.00,Athletic Trainers,Speaking,3.88
29-9091.00,Athletic Trainers,Critical Thinking,3.88
29-9091.00,Athletic Trainers,Monitoring,3.88
29-9091.00,Athletic Trainers,Reading Comprehension,3.75
29-9091.00,Athletic Trainers,Active Learning,3.75
29-9091.00,Athletic Trainers,Writing,3.5
29-9091.00,Athletic Trainers,Learning Strategies,3.12
29-9091.00,Athletic Trainers,Science,2.38
29-9091.00,Athletic Trainers,Mathematics,2.12
29-9092.00,Genetic Counselors,Reading Comprehension,4.12
29-9092.00,Genetic Counselors,Active Listening,4.12
29-9092.00,Genetic Counselors,Writing,4.0
29-9092.00,Genetic Counselors,Speaking,4.0
29-9092.00,Genetic Counselors,Critical Thinking,4.0
29-9092.00,Genetic Counselors,Active Learning,4.0
29-9092.00,Genetic Counselors,Learning Strategies,3.12
29-9092.00,Genetic Counselors,Science,3.0
29-9092.00,Genetic Counselors,Monitoring,3.0
29-9092.00,Genetic Counselors,Mathematics,2.88
29-9093.00,Surgical Assistants,Active Listening,4.0
29-9093.00,Surgical Assistants,Speaking,3.75
29-9093.00,Surgical Assistants,Reading Comprehension,3.62
29-9093.00,Surgical Assistants,Critical Thinking,3.62
29-9093.00,Surgical Assistants,Monitoring,3.62
29-9093.00,Surgical Assistants,Writing,3.12
29-9093.00,Surgical Assistants,Learning Strategies,3.12
29-9093.00,Surgical Assistants,Active Learning,3.0
29-9093.00,Surgical Assistants,Science,2.62
29-9093.00,Surgical Assistants,Mathematics,2.5
29-9099.01,Midwives,Critical Thinking,4.0
29-9099.01,Midwives,Monitoring,4.0
29-9099.01,Midwives,Active Listening,3.75
29-9099.01,Midwives,Speaking,3.75
29-9099.01,Midwives,Reading Comprehension,3.62
29-9099.01,Midwives,Active Learning,3.38
29-9099.01,Midwives,Learning Strategies,3.25
29-9099.01,Midwives,Writing,3.12
29-9099.01,Midwives,Science,2.88
29-9099.01,Midwives,Mathematics,2.25
31-1121.00,Home Health Aides,Active Listening,3.88
31-1121.00,Home Health Aides,Reading Comprehension,3.12
31-1121.00,Home Health Aides,Monitoring,3.12
31-1121.00,Home Health Aides,Speaking,3.0
31-1121.00,Home Health Aides,Critical Thinking,3.0
31-1121.00,Home Health Aides,Writing,2.88
31-1121.00,Home Health Aides,Active Learning,2.88
31-1121.00,Home Health Aides,Learning Strategies,2.75
31-1121.00,Home Health Aides,Mathematics,2.0
31-1121.00,Home Health Aides,Science,1.5
31-1122.00,Personal Care Aides,Active Listening,3.38
31-1122.00,Personal Care Aides,Critical Thinking,3.25
31-1122.00,Personal Care Aides,Monitoring,3.25
31-1122.00,Personal Care Aides,Speaking,3.0
31-1122.00,Personal Care Aides,Reading Comprehension,2.88
31-1122.00,Personal Care Aides,Writing,2.88
31-1122.00,Personal Care Aides,Active Learning,2.88
31-1122.00,Personal Care Aides,Learning Strategies,2.75
31-1122.00,Personal Care Aides,Mathematics,2.0
31-1122.00,Personal Care Aides,Science,1.75
31-1131.00,Nursing Assistants,Active Listening,3.62
31-1131.00,Nursing Assistants,Monitoring,3.25
31-1131.00,Nursing Assistants,Reading Comprehension,3.12
31-1131.00,Nursing Assistants,Speaking,3.12
31-1131.00,Nursing Assistants,Critical Thinking,3.12
31-1131.00,Nursing Assistants,Active Learning,2.88
31-1131.00,Nursing Assistants,Writing,2.75
31-1131.00,Nursing Assistants,Learning Strategies,2.38
31-1131.00,Nursing Assistants,Mathematics,2.12
31-1131.00,Nursing Assistants,Science,1.75
31-1132.00,Orderlies,Active Listening,3.12
31-1132.00,Orderlies,Speaking,3.0
31-1132.00,Orderlies,Critical Thinking,2.75
31-1132.00,Orderlies,Writing,2.62
31-1132.00,Orderlies,Monitoring,2.62
31-1132.00,Orderlies,Reading Comprehension,2.5
31-1132.00,Orderlies,Active Learning,2.12
31-1132.00,Orderlies,Learning Strategies,2.12
31-1132.00,Orderlies,Mathematics,1.75
31-1132.00,Orderlies,Science,1.25
31-1133.00,Psychiatric Aides,Speaking,3.88
31-1133.00,Psychiatric Aides,Active Listening,3.75
31-1133.00,Psychiatric Aides,Monitoring,3.75
31-1133.00,Psychiatric Aides,Critical Thinking,3.38
31-1133.00,Psychiatric Aides,Active Learning,3.25
31-1133.00,Psychiatric Aides,Reading Comprehension,3.12
31-1133.00,Psychiatric Aides,Writing,3.12
31-1133.00,Psychiatric Aides,Learning Strategies,2.88
31-1133.00,Psychiatric Aides,Mathematics,2.12
31-1133.00,Psychiatric Aides,Science,1.75
31-2011.00,Occupational Therapy Assistants,Active Listening,3.88
31-2011.00,Occupational Therapy Assistants,Speaking,3.88
31-2011.00,Occupational Therapy Assistants,Reading Comprehension,3.62
31-2011.00,Occupational Therapy Assistants,Critical Thinking,3.38
31-2011.00,Occupational Therapy Assistants,Monitoring,3.38
31-2011.00,Occupational Therapy Assistants,Writing,3.25
31-2011.00,Occupational Therapy Assistants,Active Learning,3.25
31-2011.00,Occupational Therapy Assistants,Learning Strategies,3.25
31-2011.00,Occupational Therapy Assistants,Mathematics,2.12
31-2011.00,Occupational Therapy Assistants,Science,1.88
31-2012.00,Occupational Therapy Aides,Speaking,3.62
31-2012.00,Occupational Therapy Aides,Active Listening,3.5
31-2012.00,Occupational Therapy Aides,Critical Thinking,3.25
31-2012.00,Occupational Therapy Aides,Monitoring,3.25
31-2012.00,Occupational Therapy Aides,Reading Comprehension,3.12
31-2012.00,Occupational Therapy Aides,Writing,3.12
31-2012.00,Occupational Therapy Aides,Active Learning,3.0
31-2012.00,Occupational Therapy Aides,Learning Strategies,3.0
31-2012.00,Occupational Therapy Aides,Mathematics,2.0
31-2012.00,Occupational Therapy Aides,Science,1.62
31-2021.00,Physical Therapist Assistants,Active Listening,4.0
31-2021.00,Physical Therapist Assistants,Speaking,3.75
31-2021.00,Physical Therapist Assistants,Monitoring,3.75
31-2021.00,Physical Therapist Assistants,Reading Comprehension,3.25
31-2021.00,Physical Therapist Assistants,Writing,3.25
31-2021.00,Physical Therapist Assistants,Critical Thinking,3.25
31-2021.00,Physical Therapist Assistants,Active Learning,3.25
31-2021.00,Physical Therapist Assistants,Learning Strategies,2.88
31-2021.00,Physical Therapist Assistants,Science,2.38
31-2021.00,Physical Therapist Assistants,Mathematics,2.25
31-2022.00,Physical Therapist Aides,Active Listening,3.62
31-2022.00,Physical Therapist Aides,Monitoring,3.25
31-2022.00,Physical Therapist Aides,Reading Comprehension,3.12
31-2022.00,Physical Therapist Aides,Writing,3.0
31-2022.00,Physical Therapist Aides,Speaking,3.0
31-2022.00,Physical Therapist Aides,Critical Thinking,3.0
31-2022.00,Physical Therapist Aides,Active Learning,3.0
31-2022.00,Physical Therapist Aides,Learning Strategies,2.62
31-2022.00,Physical Therapist Aides,Mathematics,2.0
31-2022.00,Physical Therapist Aides,Science,1.88
31-9011.00,Massage Therapists,Active Listening,3.62
31-9011.00,Massage Therapists,Speaking,3.5
31-9011.00,Massage Therapists,Reading Comprehension,3.0
31-9011.00,Massage Therapists,Critical Thinking,3.0
31-9011.00,Massage Therapists,Monitoring,2.88
31-9011.00,Massage Therapists,Writing,2.75
31-9011.00,Massage Therapists,Active Learning,2.75
31-9011.00,Massage Therapists,Learning Strategies,2.38
31-9011.00,Massage Therapists,Mathematics,1.75
31-9011.00,Massage Therapists,Science,1.5
31-9091.00,Dental Assistants,Active Listening,3.88
31-9091.00,Dental Assistants,Speaking,3.38
31-9091.00,Dental Assistants,Reading Comprehension,3.25
31-9091.00,Dental Assistants,Active Learning,3.12
31-9091.00,Dental Assistants,Monitoring,3.12
31-9091.00,Dental Assistants,Writing,3.0
31-9091.00,Dental Assistants,Critical Thinking,3.0
31-9091.00,Dental Assistants,Learning Strategies,2.5
31-9091.00,Dental Assistants,Mathematics,2.12
31-9091.00,Dental Assistants,Science,2.0
31-9092.00,Medical Assistants,Active Listening,3.88
31-9092.00,Medical Assistants,Speaking,3.88
31-9092.00,Medical Assistants,Reading Comprehension,3.75
31-9092.00,Medical Assistants,Critical Thinking,3.62
31-9092.00,Medical Assistants,Monitoring,3.5
31-9092.00,Medical Assistants,Writing,3.38
31-9092.00,Medical Assistants,Active Learning,3.25
31-9092.00,Medical Assistants,Learning Strategies,3.12
31-9092.00,Medical Assistants,Mathematics,2.62
31-9092.00,Medical Assistants,Science,2.62
31-9093.00,Medical Equipment Preparers,Critical Thinking,3.5
31-9093.00,Medical Equipment Preparers,Monitoring,3.38
31-9093.00,Medical Equipment Preparers,Active Listening,3.25
31-9093.00,Medical Equipment Preparers,Reading Comprehension,3.12
31-9093.00,Medical Equipment Preparers,Speaking,3.12
31-9093.00,Medical Equipment Preparers,Active Learning,3.0
31-9093.00,Medical Equipment Preparers,Writing,2.88
31-9093.00,Medical Equipment Preparers,Learning Strategies,2.75
31-9093.00,Medical Equipment Preparers,Mathematics,2.25
31-9093.00,Medical Equipment Preparers,Science,1.88
31-9094.00,Medical Transcriptionists,Active Listening,4.12
31-9094.00,Medical Transcriptionists,Reading Comprehension,4.0
31-9094.00,Medical Transcriptionists,Writing,3.88
31-9094.00,Medical Transcriptionists,Monitoring,3.12
31-9094.00,Medical Transcriptionists,Speaking,3.0
31-9094.00,Medical Transcriptionists,Critical Thinking,3.0
31-9094.00,Medical Transcriptionists,Active Learning,2.88
31-9094.00,Medical Transcriptionists,Learning Strategies,2.12
31-9094.00,Medical Transcriptionists,Mathematics,1.75
31-9094.00,Medical Transcriptionists,Science,1.5
31-9095.00,Pharmacy Aides,Active Listening,3.5
31-9095.00,Pharmacy Aides,Speaking,3.38
31-9095.00,Pharmacy Aides,Reading Comprehension,3.25
31-9095.00,Pharmacy Aides,Critical Thinking,3.0
31-9095.00,Pharmacy Aides,Active Learning,2.88
31-9095.00,Pharmacy Aides,Writing,2.75
31-9095.00,Pharmacy Aides,Monitoring,2.75
31-9095.00,Pharmacy Aides,Mathematics,2.5
31-9095.00,Pharmacy Aides,Learning Strategies,2.5
31-9095.00,Pharmacy Aides,Science,1.5
31-9096.00,Veterinary Assistants and Laboratory Animal Caretakers,Active Listening,3.5
31-9096.00,Veterinary Assistants and Laboratory Animal Caretakers,Critical Thinking,3.25
31-9096.00,Veterinary Assistants and Laboratory Animal Caretakers,Reading Comprehension,3.12
31-9096.00,Veterinary Assistants and Laboratory Animal Caretakers,Writing,3.12
31-9096.00,Veterinary Assistants and Laboratory Animal Caretakers,Monitoring,3.12
31-9096.00,Veterinary Assistants and Laboratory Animal Caretakers,Speaking,3.0
31-9096.00,Veterinary Assistants and Laboratory Animal Caretakers,Active Learning,2.88
31-9096.00,Veterinary Assistants and Laboratory Animal Caretakers,Mathematics,2.75
31-9096.00,Veterinary Assistants and Laboratory Animal Caretakers,Science,2.62
31-9096.00,Veterinary Assistants and Laboratory Animal Caretakers,Learning Strategies,2.12
31-9097.00,Phlebotomists,Speaking,3.5
31-9097.00,Phlebotomists,Active Listening,3.25
31-9097.00,Phlebotomists,Critical Thinking,3.25
31-9097.00,Phlebotomists,Reading Comprehension,3.12
31-9097.00,Phlebotomists,Monitoring,3.12
31-9097.00,Phlebotomists,Writing,3.0
31-9097.00,Phlebotomists,Active Learning,3.0
31-9097.00,Phlebotomists,Learning Strategies,3.0
31-9097.00,Phlebotomists,Science,2.25
31-9097.00,Phlebotomists,Mathematics,2.0
31-9099.01,Speech-Language Pathology Assistants,Active Listening,4.0
31-9099.01,Speech-Language Pathology Assistants,Reading Comprehension,3.75
31-9099.01,Speech-Language Pathology Assistants,Speaking,3.75
31-9099.01,Speech-Language Pathology Assistants,Monitoring,3.38
31-9099.01,Speech-Language Pathology Assistants,Writing,3.12
31-9099.01,Speech-Language Pathology Assistants,Critical Thinking,3.12
31-9099.01,Speech-Language Pathology Assistants,Active Learning,3.12
31-9099.01,Speech-Language Pathology Assistants,Learning Strategies,3.0
31-9099.01,Speech-Language Pathology Assistants,Mathematics,2.0
31-9099.01,Speech-Language Pathology Assistants,Science,2.0
31-9099.02,Endoscopy Technicians,Reading Comprehension,3.62
31-9099.02,Endoscopy Technicians,Active Listening,3.62
31-9099.02,Endoscopy Technicians,Critical Thinking,3.38
31-9099.02,Endoscopy Technicians,Writing,3.12
31-9099.02,Endoscopy Technicians,Speaking,3.12
31-9099.02,Endoscopy Technicians,Active Learning,3.12
31-9099.02,Endoscopy Technicians,Monitoring,3.12
31-9099.02,Endoscopy Technicians,Learning Strategies,2.75
31-9099.02,Endoscopy Technicians,Mathematics,2.0
31-9099.02,Endoscopy Technicians,Science,1.75
33-1011.00,First-Line Supervisors of Correctional Officers,Active Listening,4.0
33-1011.00,First-Line Supervisors of Correctional Officers,Critical Thinking,4.0
33-1011.00,First-Line Supervisors of Correctional Officers,Monitoring,4.0
33-1011.00,First-Line Supervisors of Correctional Officers,Speaking,3.88
33-1011.00,First-Line Supervisors of Correctional Officers,Reading Comprehension,3.75
33-1011.00,First-Line Supervisors of Correctional Officers,Writing,3.5
33-1011.00,First-Line Supervisors of Correctional Officers,Active Learning,3.25
33-1011.00,First-Line Supervisors of Correctional Officers,Learning Strategies,3.12
33-1011.00,First-Line Supervisors of Correctional Officers,Mathematics,2.12
33-1011.00,First-Line Supervisors of Correctional Officers,Science,1.5
33-1012.00,First-Line Supervisors of Police and Detectives,Reading Comprehension,4.0
33-1012.00,First-Line Supervisors of Police and Detectives,Active Listening,4.0
33-1012.00,First-Line Supervisors of Police and Detectives,Speaking,4.0
33-1012.00,First-Line Supervisors of Police and Detectives,Critical Thinking,4.0
33-1012.00,First-Line Supervisors of Police and Detectives,Monitoring,4.0
33-1012.00,First-Line Supervisors of Police and Detectives,Active Learning,3.88
33-1012.00,First-Line Supervisors of Police and Detectives,Writing,3.75
33-1012.00,First-Line Supervisors of Police and Detectives,Learning Strategies,3.75
33-1012.00,First-Line Supervisors of Police and Detectives,Mathematics,2.38
33-1012.00,First-Line Supervisors of Police and Detectives,Science,1.5
33-1021.00,First-Line Supervisors of Firefighting and Prevention Workers,Active Listening,4.0
33-1021.00,First-Line Supervisors of Firefighting and Prevention Workers,Speaking,3.88
33-1021.00,First-Line Supervisors of Firefighting and Prevention Workers,Critical Thinking,3.88
33-1021.00,First-Line Supervisors of Firefighting and Prevention Workers,Reading Comprehension,3.75
33-1021.00,First-Line Supervisors of Firefighting and Prevention Workers,Monitoring,3.75
33-1021.00,First-Line Supervisors of Firefighting and Prevention Workers,Writing,3.25
33-1021.00,First-Line Supervisors of Firefighting and Prevention Workers,Active Learning,3.25
33-1021.00,First-Line Supervisors of Firefighting and Prevention Workers,Learning Strategies,3.25
33-1021.00,First-Line Supervisors of Firefighting and Prevention Workers,Mathematics,2.5
33-1021.00,First-Line Supervisors of Firefighting and Prevention Workers,Science,1.88
33-1091.00,First-Line Supervisors of Security Workers,Active Listening,4.0
33-1091.00,First-Line Supervisors of Security Workers,Reading Comprehension,3.88
33-1091.00,First-Line Supervisors of Security Workers,Speaking,3.88
33-1091.00,First-Line Supervisors of Security Workers,Critical Thinking,3.88
33-1091.00,First-Line Supervisors of Security Workers,Monitoring,3.75
33-1091.00,First-Line Supervisors of Security Workers,Writing,3.62
33-1091.00,First-Line Supervisors of Security Workers,Active Learning,3.12
33-1091.00,First-Line Supervisors of Security Workers,Learning Strategies,3.0
33-1091.00,First-Line Supervisors of Security Workers,Mathematics,2.0
33-1091.00,First-Line Supervisors of Security Workers,Science,1.25
33-2011.00,Firefighters,Active Listening,3.62
33-2011.00,Firefighters,Critical Thinking,3.62
33-2011.00,Firefighters,Active Learning,3.62
33-2011.00,Firefighters,Speaking,3.5
33-2011.00,Firefighters,Monitoring,3.5
33-2011.00,Firefighters,Reading Comprehension,3.0
33-2011.00,Firefighters,Learning Strategies,2.88
33-2011.00,Firefighters,Writing,2.62
33-2011.00,Firefighters,Mathematics,2.38
33-2011.00,Firefighters,Science,2.0
33-2021.00,Fire Inspectors and Investigators,Active Listening,3.62
33-2021.00,Fire Inspectors and Investigators,Writing,3.5
33-2021.00,Fire Inspectors and Investigators,Speaking,3.5
33-2021.00,Fire Inspectors and Investigators,Critical Thinking,3.5
33-2021.00,Fire Inspectors and Investigators,Reading Comprehension,3.38
33-2021.00,Fire Inspectors and Investigators,Monitoring,3.25
33-2021.00,Fire Inspectors and Investigators,Active Learning,3.12
33-2021.00,Fire Inspectors and Investigators,Learning Strategies,3.0
33-2021.00,Fire Inspectors and Investigators,Mathematics,2.5
33-2021.00,Fire Inspectors and Investigators,Science,1.88
33-2022.00,Forest Fire Inspectors and Prevention Specialists,Critical Thinking,4.0
33-2022.00,Forest Fire Inspectors and Prevention Specialists,Speaking,3.75
33-2022.00,Forest Fire Inspectors and Prevention Specialists,Active Listening,3.62
33-2022.00,Forest Fire Inspectors and Prevention Specialists,Monitoring,3.38
33-2022.00,Forest Fire Inspectors and Prevention Specialists,Reading Comprehension,3.12
33-2022.00,Forest Fire Inspectors and Prevention Specialists,Writing,3.12
33-2022.00,Forest Fire Inspectors and Prevention Specialists,Learning Strategies,3.12
33-2022.00,Forest Fire Inspectors and Prevention Specialists,Active Learning,3.0
33-2022.00,Forest Fire Inspectors and Prevention Specialists,Mathematics,2.12
33-2022.00,Forest Fire Inspectors and Prevention Specialists,Science,1.88
33-3011.00,Bailiffs,Speaking,3.38
33-3011.00,Bailiffs,Monitoring,3.38
33-3011.00,Bailiffs,Active Listening,3.25
33-3011.00,Bailiffs,Critical Thinking,3.0
33-3011.00,Bailiffs,Reading Comprehension,2.88
33-3011.00,Bailiffs,Active Learning,2.75
33-3011.00,Bailiffs,Writing,2.25
33-3011.00,Bailiffs,Learning Strategies,2.12
33-3011.00,Bailiffs,Mathematics,1.5
33-3011.00,Bailiffs,Science,1.0
33-3012.00,Correctional Officers and Jailers,Active Listening,4.0
33-3012.00,Correctional Officers and Jailers,Monitoring,4.0
33-3012.00,Correctional Officers and Jailers,Speaking,3.88
33-3012.00,Correctional Officers and Jailers,Critical Thinking,3.75
33-3012.00,Correctional Officers and Jailers,Reading Comprehension,3.62
33-3012.00,Correctional Officers and Jailers,Active Learning,3.25
33-3012.00,Correctional Officers and Jailers,Writing,3.0
33-3012.00,Correctional Officers and Jailers,Learning Strategies,3.0
33-3012.00,Correctional Officers and Jailers,Mathematics,2.0
33-3012.00,Correctional Officers and Jailers,Science,1.38
33-3021.00,Detectives and Criminal Investigators,Active Listening,4.5
33-3021.00,Detectives and Criminal Investigators,Speaking,4.25
33-3021.00,Detectives and Criminal Investigators,Critical Thinking,4.12
33-3021.00,Detectives and Criminal Investigators,Reading Comprehension,4.0
33-3021.00,Detectives and Criminal Investigators,Writing,3.75
33-3021.00,Detectives and Criminal Investigators,Active Learning,3.75
33-3021.00,Detectives and Criminal Investigators,Monitoring,3.62
33-3021.00,Detectives and Criminal Investigators,Learning Strategies,2.88
33-3021.00,Detectives and Criminal Investigators,Mathematics,2.0
33-3021.00,Detectives and Criminal Investigators,Science,1.62
33-3021.02,Police Identification and Records Officers,Active Listening,3.88
33-3021.02,Police Identification and Records Officers,Speaking,3.88
33-3021.02,Police Identification and Records Officers,Reading Comprehension,3.75
33-3021.02,Police Identification and Records Officers,Critical Thinking,3.75
33-3021.02,Police Identification and Records Officers,Writing,3.25
33-3021.02,Police Identification and Records Officers,Active Learning,3.0
33-3021.02,Police Identification and Records Officers,Monitoring,3.0
33-3021.02,Police Identification and Records Officers,Learning Strategies,2.75
33-3021.02,Police Identification and Records Officers,Mathematics,2.0
33-3021.02,Police Identification and Records Officers,Science,1.75
33-3021.06,Intelligence Analysts,Reading Comprehension,4.25
33-3021.06,Intelligence Analysts,Active Listening,4.12
33-3021.06,Intelligence Analysts,Writing,4.0
33-3021.06,Intelligence Analysts,Speaking,4.0
33-3021.06,Intelligence Analysts,Critical Thinking,4.0
33-3021.06,Intelligence Analysts,Active Learning,3.62
33-3021.06,Intelligence Analysts,Monitoring,3.25
33-3021.06,Intelligence Analysts,Learning Strategies,3.0
33-3021.06,Intelligence Analysts,Mathematics,2.75
33-3021.06,Intelligence Analysts,Science,1.88
33-3031.00,Fish and Game Wardens,Speaking,3.88
33-3031.00,Fish and Game Wardens,Reading Comprehension,3.75
33-3031.00,Fish and Game Wardens,Active Listening,3.75
33-3031.00,Fish and Game Wardens,Critical Thinking,3.75
33-3031.00,Fish and Game Wardens,Writing,3.12
33-3031.00,Fish and Game Wardens,Monitoring,3.12
33-3031.00,Fish and Game Wardens,Active Learning,3.0
33-3031.00,Fish and Game Wardens,Learning Strategies,2.62
33-3031.00,Fish and Game Wardens,Mathematics,2.38
33-3031.00,Fish and Game Wardens,Science,2.38
33-3041.00,Parking Enforcement Workers,Speaking,3.12
33-3041.00,Parking Enforcement Workers,Monitoring,3.12
33-3041.00,Parking Enforcement Workers,Active Listening,3.0
33-3041.00,Parking Enforcement Workers,Critical Thinking,3.0
33-3041.00,Parking Enforcement Workers,Reading Comprehension,2.88
33-3041.00,Parking Enforcement Workers,Writing,2.75
33-3041.00,Parking Enforcement Workers,Active Learning,2.62
33-3041.00,Parking Enforcement Workers,Learning Strategies,2.12
33-3041.00,Parking Enforcement Workers,Mathematics,1.88
33-3041.00,Parking Enforcement Workers,Science,1.0
33-3051.00,Police and Sheriff's Patrol Officers,Active Listening,4.12
33-3051.00,Police and Sheriff's Patrol Officers,Speaking,3.88
33-3051.00,Police and Sheriff's Patrol Officers,Critical Thinking,3.88
33-3051.00,Police and Sheriff's Patrol Officers,Active Learning,3.88
33-3051.00,Police and Sheriff's Patrol Officers,Reading Comprehension,3.75
33-3051.00,Police and Sheriff's Patrol Officers,Monitoring,3.25
33-3051.00,Police and Sheriff's Patrol Officers,Writing,3.12
33-3051.00,Police and Sheriff's Patrol Officers,Learning Strategies,2.75
33-3051.00,Police and Sheriff's Patrol Officers,Mathematics,2.0
33-3051.00,Police and Sheriff's Patrol Officers,Science,1.38
33-3051.04,Customs and Border Protection Officers,Active Listening,4.0
33-3051.04,Customs and Border Protection Officers,Speaking,4.0
33-3051.04,Customs and Border Protection Officers,Critical Thinking,4.0
33-3051.04,Customs and Border Protection Officers,Reading Comprehension,3.88
33-3051.04,Customs and Border Protection Officers,Writing,3.62
33-3051.04,Customs and Border Protection Officers,Monitoring,3.62
33-3051.04,Customs and Border Protection Officers,Active Learning,3.38
33-3051.04,Customs and Border Protection Officers,Learning Strategies,2.62
33-3051.04,Customs and Border Protection Officers,Mathematics,2.25
33-3051.04,Customs and Border Protection Officers,Science,1.88
33-3052.00,Transit and Railroad Police,Active Listening,4.0
33-3052.00,Transit and Railroad Police,Speaking,4.0
33-3052.00,Transit and Railroad Police,Critical Thinking,3.88
33-3052.00,Transit and Railroad Police,Monitoring,3.38
33-3052.00,Transit and Railroad Police,Writing,3.25
33-3052.00,Transit and Railroad Police,Active Learning,3.25
33-3052.00,Transit and Railroad Police,Reading Comprehension,3.12
33-3052.00,Transit and Railroad Police,Learning Strategies,2.88
33-3052.00,Transit and Railroad Police,Mathematics,2.0
33-3052.00,Transit and Railroad Police,Science,1.12
33-9011.00,Animal Control Workers,Active Listening,3.75
33-9011.00,Animal Control Workers,Speaking,3.62
33-9011.00,Animal Control Workers,Critical Thinking,3.5
33-9011.00,Animal Control Workers,Reading Comprehension,3.0
33-9011.00,Animal Control Workers,Writing,3.0
33-9011.00,Animal Control Workers,Monitoring,3.0
33-9011.00,Animal Control Workers,Active Learning,2.88
33-9011.00,Animal Control Workers,Learning Strategies,2.75
33-9011.00,Animal Control Workers,Mathematics,2.0
33-9011.00,Animal Control Workers,Science,1.12
33-9021.00,Private Detectives and Investigators,Active Listening,4.12
33-9021.00,Private Detectives and Investigators,Speaking,4.0
33-9021.00,Private Detectives and Investigators,Reading Comprehension,3.88
33-9021.00,Private Detectives and Investigators,Critical Thinking,3.88
33-9021.00,Private Detectives and Investigators,Writing,3.62
33-9021.00,Private Detectives and Investigators,Active Learning,3.38
33-9021.00,Private Detectives and Investigators,Monitoring,3.38
33-9021.00,Private Detectives and Investigators,Learning Strategies,2.5
33-9021.00,Private Detectives and Investigators,Mathematics,2.25
33-9021.00,Private Detectives and Investigators,Science,1.5
33-9031.00,Gambling Surveillance Officers and Gambling Investigators,Monitoring,4.12
33-9031.00,Gambling Surveillance Officers and Gambling Investigators,Critical Thinking,3.75
33-9031.00,Gambling Surveillance Officers and Gambling Investigators,Speaking,3.62
33-9031.00,Gambling Surveillance Officers and Gambling Investigators,Reading Comprehension,3.25
33-9031.00,Gambling Surveillance Officers and Gambling Investigators,Active Listening,3.25
33-9031.00,Gambling Surveillance Officers and Gambling Investigators,Writing,3.12
33-9031.00,Gambling Surveillance Officers and Gambling Investigators,Active Learning,3.12
33-9031.00,Gambling Surveillance Officers and Gambling Investigators,Learning Strategies,2.5
33-9031.00,Gambling Surveillance Officers and Gambling Investigators,Mathematics,2.12
33-9031.00,Gambling Surveillance Officers and Gambling Investigators,Science,1.25
33-9032.00,Security Guards,Active Listening,3.75
33-9032.00,Security Guards,Monitoring,3.38
33-9032.00,Security Guards,Speaking,3.25
33-9032.00,Security Guards,Critical Thinking,3.12
33-9032.00,Security Guards,Reading Comprehension,3.0
33-9032.00,Security Guards,Active Learning,2.88
33-9032.00,Security Guards,Writing,2.75
33-9032.00,Security Guards,Learning Strategies,2.62
33-9032.00,Security Guards,Mathematics,2.0
33-9032.00,Security Guards,Science,1.5
33-9091.00,Crossing Guards and Flaggers,Speaking,3.12
33-9091.00,Crossing Guards and Flaggers,Active Listening,2.88
33-9091.00,Crossing Guards and Flaggers,Monitoring,2.88
33-9091.00,Crossing Guards and Flaggers,Critical Thinking,2.75
33-9091.00,Crossing Guards and Flaggers,Reading Comprehension,2.25
33-9091.00,Crossing Guards and Flaggers,Active Learning,2.25
33-9091.00,Crossing Guards and Flaggers,Writing,2.0
33-9091.00,Crossing Guards and Flaggers,Learning Strategies,1.88
33-9091.00,Crossing Guards and Flaggers,Mathematics,1.62
33-9091.00,Crossing Guards and Flaggers,Science,1.0
33-9092.00,"Lifeguards, Ski Patrol, and Other Recreational Protective Service Workers",Monitoring,3.75
33-9092.00,"Lifeguards, Ski Patrol, and Other Recreational Protective Service Workers",Speaking,3.5
33-9092.00,"Lifeguards, Ski Patrol, and Other Recreational Protective Service Workers",Active Listening,3.12
33-9092.00,"Lifeguards, Ski Patrol, and Other Recreational Protective Service Workers",Learning Strategies,3.12
33-9092.00,"Lifeguards, Ski Patrol, and Other Recreational Protective Service Workers",Critical Thinking,3.0
33-9092.00,"Lifeguards, Ski Patrol, and Other Recreational Protective Service Workers",Reading Comprehension,2.88
33-9092.00,"Lifeguards, Ski Patrol, and Other Recreational Protective Service Workers",Active Learning,2.75
33-9092.00,"Lifeguards, Ski Patrol, and Other Recreational Protective Service Workers",Writing,2.5
33-9092.00,"Lifeguards, Ski Patrol, and Other Recreational Protective Service Workers",Science,1.5
33-9092.00,"Lifeguards, Ski Patrol, and Other Recreational Protective Service Workers",Mathematics,1.38
33-9093.00,Transportation Security Screeners,Speaking,3.38
33-9093.00,Transportation Security Screeners,Monitoring,3.38
33-9093.00,Transportation Security Screeners,Active Listening,3.25
33-9093.00,Transportation Security Screeners,Critical Thinking,3.25
33-9093.00,Transportation Security Screeners,Reading Comprehension,3.0
33-9093.00,Transportation Security Screeners,Writing,2.88
33-9093.00,Transportation Security Screeners,Active Learning,2.88
33-9093.00,Transportation Security Screeners,Learning Strategies,2.5
33-9093.00,Transportation Security Screeners,Mathematics,1.88
33-9093.00,Transportation Security Screeners,Science,1.75
33-9094.00,School Bus Monitors,Monitoring,3.75
33-9094.00,School Bus Monitors,Speaking,3.25
33-9094.00,School Bus Monitors,Active Listening,3.0
33-9094.00,School Bus Monitors,Critical Thinking,2.88
33-9094.00,School Bus Monitors,Reading Comprehension,2.75
33-9094.00,School Bus Monitors,Writing,2.75
33-9094.00,School Bus Monitors,Active Learning,2.12
33-9094.00,School Bus Monitors,Learning Strategies,2.0
33-9094.00,School Bus Monitors,Mathematics,1.62
33-9094.00,School Bus Monitors,Science,1.0
33-9099.02,Retail Loss Prevention Specialists,Critical Thinking,3.75
33-9099.02,Retail Loss Prevention Specialists,Active Listening,3.5
33-9099.02,Retail Loss Prevention Specialists,Speaking,3.5
33-9099.02,Retail Loss Prevention Specialists,Monitoring,3.5
33-9099.02,Retail Loss Prevention Specialists,Reading Comprehension,3.25
33-9099.02,Retail Loss Prevention Specialists,Active Learning,3.25
33-9099.02,Retail Loss Prevention Specialists,Writing,3.12
33-9099.02,Retail Loss Prevention Specialists,Learning Strategies,2.88
33-9099.02,Retail Loss Prevention Specialists,Mathematics,2.62
33-9099.02,Retail Loss Prevention Specialists,Science,1.25
35-1011.00,Chefs and Head Cooks,Monitoring,4.0
35-1011.00,Chefs and Head Cooks,Speaking,3.88
35-1011.00,Chefs and Head Cooks,Critical Thinking,3.75
35-1011.00,Chefs and Head Cooks,Active Listening,3.62
35-1011.00,Chefs and Head Cooks,Reading Comprehension,3.5
35-1011.00,Chefs and Head Cooks,Active Learning,3.38
35-1011.00,Chefs and Head Cooks,Learning Strategies,3.25
35-1011.00,Chefs and Head Cooks,Writing,3.12
35-1011.00,Chefs and Head Cooks,Mathematics,3.0
35-1011.00,Chefs and Head Cooks,Science,1.75
35-1012.00,First-Line Supervisors of Food Preparation and Serving Workers,Speaking,3.88
35-1012.00,First-Line Supervisors of Food Preparation and Serving Workers,Monitoring,3.88
35-1012.00,First-Line Supervisors of Food Preparation and Serving Workers,Active Listening,3.75
35-1012.00,First-Line Supervisors of Food Preparation and Serving Workers,Reading Comprehension,3.25
35-1012.00,First-Line Supervisors of Food Preparation and Serving Workers,Critical Thinking,3.12
35-1012.00,First-Line Supervisors of Food Preparation and Serving Workers,Learning Strategies,3.12
35-1012.00,First-Line Supervisors of Food Preparation and Serving Workers,Writing,3.0
35-1012.00,First-Line Supervisors of Food Preparation and Serving Workers,Mathematics,3.0
35-1012.00,First-Line Supervisors of Food Preparation and Serving Workers,Active Learning,3.0
35-1012.00,First-Line Supervisors of Food Preparation and Serving Workers,Science,1.0
35-2011.00,"Cooks, Fast Food",Active Listening,3.0
35-2011.00,"Cooks, Fast Food",Speaking,2.88
35-2011.00,"Cooks, Fast Food",Reading Comprehension,2.75
35-2011.00,"Cooks, Fast Food",Critical Thinking,2.62
35-2011.00,"Cooks, Fast Food",Monitoring,2.62
35-2011.00,"Cooks, Fast Food",Writing,2.12
35-2011.00,"Cooks, Fast Food",Active Learning,2.0
35-2011.00,"Cooks, Fast Food",Learning Strategies,2.0
35-2011.00,"Cooks, Fast Food",Mathematics,1.88
35-2011.00,"Cooks, Fast Food",Science,1.0
35-2012.00,"Cooks, Institution and Cafeteria",Speaking,3.12
35-2012.00,"Cooks, Institution and Cafeteria",Monitoring,3.12
35-2012.00,"Cooks, Institution and Cafeteria",Active Listening,3.0
35-2012.00,"Cooks, Institution and Cafeteria",Critical Thinking,3.0
35-2012.00,"Cooks, Institution and Cafeteria",Reading Comprehension,2.88
35-2012.00,"Cooks, Institution and Cafeteria",Mathematics,2.88
35-2012.00,"Cooks, Institution and Cafeteria",Active Learning,2.88
35-2012.00,"Cooks, Institution and Cafeteria",Writing,2.75
35-2012.00,"Cooks, Institution and Cafeteria",Learning Strategies,2.75
35-2012.00,"Cooks, Institution and Cafeteria",Science,1.0
35-2013.00,"Cooks, Private Household",Critical Thinking,3.25
35-2013.00,"Cooks, Private Household",Reading Comprehension,3.0
35-2013.00,"Cooks, Private Household",Active Listening,3.0
35-2013.00,"Cooks, Private Household",Speaking,3.0
35-2013.00,"Cooks, Private Household",Monitoring,3.0
35-2013.00,"Cooks, Private Household",Writing,2.88
35-2013.00,"Cooks, Private Household",Active Learning,2.88
35-2013.00,"Cooks, Private Household",Learning Strategies,2.75
35-2013.00,"Cooks, Private Household",Mathematics,2.25
35-2013.00,"Cooks, Private Household",Science,1.38
35-2014.00,"Cooks, Restaurant",Speaking,3.0
35-2014.00,"Cooks, Restaurant",Critical Thinking,3.0
35-2014.00,"Cooks, Restaurant",Monitoring,3.0
35-2014.00,"Cooks, Restaurant",Active Listening,2.88
35-2014.00,"Cooks, Restaurant",Reading Comprehension,2.75
35-2014.00,"Cooks, Restaurant",Active Learning,2.75
35-2014.00,"Cooks, Restaurant",Writing,2.25
35-2014.00,"Cooks, Restaurant",Mathematics,2.25
35-2014.00,"Cooks, Restaurant",Learning Strategies,2.0
35-2014.00,"Cooks, Restaurant",Science,1.38
35-2015.00,"Cooks, Short Order",Reading Comprehension,3.12
35-2015.00,"Cooks, Short Order",Active Listening,3.12
35-2015.00,"Cooks, Short Order",Speaking,3.0
35-2015.00,"Cooks, Short Order",Critical Thinking,2.88
35-2015.00,"Cooks, Short Order",Monitoring,2.88
35-2015.00,"Cooks, Short Order",Active Learning,2.38
35-2015.00,"Cooks, Short Order",Writing,2.25
35-2015.00,"Cooks, Short Order",Mathematics,2.12
35-2015.00,"Cooks, Short Order",Learning Strategies,2.0
35-2015.00,"Cooks, Short Order",Science,1.0
35-2021.00,Food Preparation Workers,Active Listening,3.0
35-2021.00,Food Preparation Workers,Speaking,2.88
35-2021.00,Food Preparation Workers,Critical Thinking,2.75
35-2021.00,Food Preparation Workers,Reading Comprehension,2.62
35-2021.00,Food Preparation Workers,Monitoring,2.5
35-2021.00,Food Preparation Workers,Mathematics,2.0
35-2021.00,Food Preparation Workers,Active Learning,2.0
35-2021.00,Food Preparation Workers,Learning Strategies,2.0
35-2021.00,Food Preparation Workers,Writing,1.88
35-2021.00,Food Preparation Workers,Science,1.0
35-3011.00,Bartenders,Active Listening,3.75
35-3011.00,Bartenders,Speaking,3.12
35-3011.00,Bartenders,Critical Thinking,3.12
35-3011.00,Bartenders,Reading Comprehension,3.0
35-3011.00,Bartenders,Active Learning,3.0
35-3011.00,Bartenders,Monitoring,3.0
35-3011.00,Bartenders,Learning Strategies,2.88
35-3011.00,Bartenders,Writing,2.75
35-3011.00,Bartenders,Mathematics,2.25
35-3011.00,Bartenders,Science,1.0
35-3023.00,Fast Food and Counter Workers,Active Listening,3.0
35-3023.00,Fast Food and Counter Workers,Monitoring,2.88
35-3023.00,Fast Food and Counter Workers,Speaking,2.62
35-3023.00,Fast Food and Counter Workers,Critical Thinking,2.5
35-3023.00,Fast Food and Counter Workers,Reading Comprehension,2.38
35-3023.00,Fast Food and Counter Workers,Writing,2.0
35-3023.00,Fast Food and Counter Workers,Mathematics,2.0
35-3023.00,Fast Food and Counter Workers,Learning Strategies,2.0
35-3023.00,Fast Food and Counter Workers,Active Learning,1.88
35-3023.00,Fast Food and Counter Workers,Science,1.0
35-3023.01,Baristas,Active Listening,3.38
35-3023.01,Baristas,Speaking,3.25
35-3023.01,Baristas,Monitoring,3.0
35-3023.01,Baristas,Reading Comprehension,2.88
35-3023.01,Baristas,Critical Thinking,2.62
35-3023.01,Baristas,Writing,2.5
35-3023.01,Baristas,Active Learning,2.5
35-3023.01,Baristas,Learning Strategies,2.0
35-3023.01,Baristas,Mathematics,1.88
35-3023.01,Baristas,Science,1.0
35-3031.00,Waiters and Waitresses,Active Listening,3.5
35-3031.00,Waiters and Waitresses,Speaking,3.5
35-3031.00,Waiters and Waitresses,Monitoring,3.0
35-3031.00,Waiters and Waitresses,Critical Thinking,2.88
35-3031.00,Waiters and Waitresses,Reading Comprehension,2.75
35-3031.00,Waiters and Waitresses,Active Learning,2.5
35-3031.00,Waiters and Waitresses,Writing,2.12
35-3031.00,Waiters and Waitresses,Mathematics,2.12
35-3031.00,Waiters and Waitresses,Learning Strategies,2.0
35-3031.00,Waiters and Waitresses,Science,1.0
35-3041.00,"Food Servers, Nonrestaurant",Active Listening,3.0
35-3041.00,"Food Servers, Nonrestaurant",Speaking,3.0
35-3041.00,"Food Servers, Nonrestaurant",Reading Comprehension,2.88
35-3041.00,"Food Servers, Nonrestaurant",Critical Thinking,2.88
35-3041.00,"Food Servers, Nonrestaurant",Monitoring,2.75
35-3041.00,"Food Servers, Nonrestaurant",Writing,2.0
35-3041.00,"Food Servers, Nonrestaurant",Mathematics,2.0
35-3041.00,"Food Servers, Nonrestaurant",Active Learning,2.0
35-3041.00,"Food Servers, Nonrestaurant",Learning Strategies,2.0
35-3041.00,"Food Servers, Nonrestaurant",Science,1.0
35-9011.00,Dining Room and Cafeteria Attendants and Bartender Helpers,Active Listening,3.0
35-9011.00,Dining Room and Cafeteria Attendants and Bartender Helpers,Speaking,2.88
35-9011.00,Dining Room and Cafeteria Attendants and Bartender Helpers,Monitoring,2.88
35-9011.00,Dining Room and Cafeteria Attendants and Bartender Helpers,Critical Thinking,2.75
35-9011.00,Dining Room and Cafeteria Attendants and Bartender Helpers,Reading Comprehension,2.38
35-9011.00,Dining Room and Cafeteria Attendants and Bartender Helpers,Active Learning,2.12
35-9011.00,Dining Room and Cafeteria Attendants and Bartender Helpers,Writing,2.0
35-9011.00,Dining Room and Cafeteria Attendants and Bartender Helpers,Learning Strategies,2.0
35-9011.00,Dining Room and Cafeteria Attendants and Bartender Helpers,Mathematics,1.88
35-9011.00,Dining Room and Cafeteria Attendants and Bartender Helpers,Science,1.0
35-9021.00,Dishwashers,Active Listening,2.62
35-9021.00,Dishwashers,Speaking,2.5
35-9021.00,Dishwashers,Critical Thinking,2.5
35-9021.00,Dishwashers,Monitoring,2.5
35-9021.00,Dishwashers,Reading Comprehension,2.0
35-9021.00,Dishwashers,Learning Strategies,2.0
35-9021.00,Dishwashers,Active Learning,1.88
35-9021.00,Dishwashers,Writing,1.75
35-9021.00,Dishwashers,Mathematics,1.5
35-9021.00,Dishwashers,Science,1.0
35-9031.00,"Hosts and Hostesses, Restaurant, Lounge, and Coffee Shop",Active Listening,3.5
35-9031.00,"Hosts and Hostesses, Restaurant, Lounge, and Coffee Shop",Speaking,3.12
35-9031.00,"Hosts and Hostesses, Restaurant, Lounge, and Coffee Shop",Reading Comprehension,2.88
35-9031.00,"Hosts and Hostesses, Restaurant, Lounge, and Coffee Shop",Monitoring,2.88
35-9031.00,"Hosts and Hostesses, Restaurant, Lounge, and Coffee Shop",Critical Thinking,2.75
35-9031.00,"Hosts and Hostesses, Restaurant, Lounge, and Coffee Shop",Active Learning,2.62
35-9031.00,"Hosts and Hostesses, Restaurant, Lounge, and Coffee Shop",Writing,2.12
35-9031.00,"Hosts and Hostesses, Restaurant, Lounge, and Coffee Shop",Learning Strategies,2.0
35-9031.00,"Hosts and Hostesses, Restaurant, Lounge, and Coffee Shop",Mathematics,1.88
35-9031.00,"Hosts and Hostesses, Restaurant, Lounge, and Coffee Shop",Science,1.0
37-1011.00,First-Line Supervisors of Housekeeping and Janitorial Workers,Speaking,3.25
37-1011.00,First-Line Supervisors of Housekeeping and Janitorial Workers,Monitoring,3.25
37-1011.00,First-Line Supervisors of Housekeeping and Janitorial Workers,Active Listening,3.12
37-1011.00,First-Line Supervisors of Housekeeping and Janitorial Workers,Critical Thinking,3.12
37-1011.00,First-Line Supervisors of Housekeeping and Janitorial Workers,Learning Strategies,3.12
37-1011.00,First-Line Supervisors of Housekeeping and Janitorial Workers,Reading Comprehension,3.0
37-1011.00,First-Line Supervisors of Housekeeping and Janitorial Workers,Writing,2.88
37-1011.00,First-Line Supervisors of Housekeeping and Janitorial Workers,Active Learning,2.88
37-1011.00,First-Line Supervisors of Housekeeping and Janitorial Workers,Mathematics,2.12
37-1011.00,First-Line Supervisors of Housekeeping and Janitorial Workers,Science,1.0
37-1012.00,"First-Line Supervisors of Landscaping, Lawn Service, and Groundskeeping Workers",Monitoring,4.0
37-1012.00,"First-Line Supervisors of Landscaping, Lawn Service, and Groundskeeping Workers",Active Listening,3.88
37-1012.00,"First-Line Supervisors of Landscaping, Lawn Service, and Groundskeeping Workers",Speaking,3.75
37-1012.00,"First-Line Supervisors of Landscaping, Lawn Service, and Groundskeeping Workers",Critical Thinking,3.75
37-1012.00,"First-Line Supervisors of Landscaping, Lawn Service, and Groundskeeping Workers",Reading Comprehension,3.12
37-1012.00,"First-Line Supervisors of Landscaping, Lawn Service, and Groundskeeping Workers",Active Learning,3.12
37-1012.00,"First-Line Supervisors of Landscaping, Lawn Service, and Groundskeeping Workers",Learning Strategies,3.12
37-1012.00,"First-Line Supervisors of Landscaping, Lawn Service, and Groundskeeping Workers",Writing,3.0
37-1012.00,"First-Line Supervisors of Landscaping, Lawn Service, and Groundskeeping Workers",Mathematics,2.88
37-1012.00,"First-Line Supervisors of Landscaping, Lawn Service, and Groundskeeping Workers",Science,1.62
37-2011.00,"Janitors and Cleaners, Except Maids and Housekeeping Cleaners",Active Listening,3.0
37-2011.00,"Janitors and Cleaners, Except Maids and Housekeeping Cleaners",Speaking,3.0
37-2011.00,"Janitors and Cleaners, Except Maids and Housekeeping Cleaners",Critical Thinking,2.75
37-2011.00,"Janitors and Cleaners, Except Maids and Housekeeping Cleaners",Monitoring,2.75
37-2011.00,"Janitors and Cleaners, Except Maids and Housekeeping Cleaners",Active Learning,2.62
37-2011.00,"Janitors and Cleaners, Except Maids and Housekeeping Cleaners",Reading Comprehension,2.5
37-2011.00,"Janitors and Cleaners, Except Maids and Housekeeping Cleaners",Writing,2.38
37-2011.00,"Janitors and Cleaners, Except Maids and Housekeeping Cleaners",Learning Strategies,2.12
37-2011.00,"Janitors and Cleaners, Except Maids and Housekeeping Cleaners",Mathematics,1.38
37-2011.00,"Janitors and Cleaners, Except Maids and Housekeeping Cleaners",Science,1.0
37-2012.00,Maids and Housekeeping Cleaners,Active Listening,2.75
37-2012.00,Maids and Housekeeping Cleaners,Speaking,2.75
37-2012.00,Maids and Housekeeping Cleaners,Critical Thinking,2.75
37-2012.00,Maids and Housekeeping Cleaners,Monitoring,2.75
37-2012.00,Maids and Housekeeping Cleaners,Reading Comprehension,2.62
37-2012.00,Maids and Housekeeping Cleaners,Writing,2.12
37-2012.00,Maids and Housekeeping Cleaners,Active Learning,2.12
37-2012.00,Maids and Housekeeping Cleaners,Learning Strategies,2.12
37-2012.00,Maids and Housekeeping Cleaners,Mathematics,1.88
37-2012.00,Maids and Housekeeping Cleaners,Science,1.0
37-2021.00,Pest Control Workers,Active Listening,3.75
37-2021.00,Pest Control Workers,Critical Thinking,3.75
37-2021.00,Pest Control Workers,Writing,3.62
37-2021.00,Pest Control Workers,Speaking,3.62
37-2021.00,Pest Control Workers,Monitoring,3.62
37-2021.00,Pest Control Workers,Active Learning,3.12
37-2021.00,Pest Control Workers,Reading Comprehension,3.0
37-2021.00,Pest Control Workers,Learning Strategies,2.75
37-2021.00,Pest Control Workers,Mathematics,2.62
37-2021.00,Pest Control Workers,Science,2.0
37-3011.00,Landscaping and Groundskeeping Workers,Critical Thinking,2.62
37-3011.00,Landscaping and Groundskeeping Workers,Active Listening,2.38
37-3011.00,Landscaping and Groundskeeping Workers,Speaking,2.38
37-3011.00,Landscaping and Groundskeeping Workers,Monitoring,2.38
37-3011.00,Landscaping and Groundskeeping Workers,Reading Comprehension,2.0
37-3011.00,Landscaping and Groundskeeping Workers,Active Learning,1.88
37-3011.00,Landscaping and Groundskeeping Workers,Writing,1.75
37-3011.00,Landscaping and Groundskeeping Workers,Learning Strategies,1.75
37-3011.00,Landscaping and Groundskeeping Workers,Mathematics,1.5
37-3011.00,Landscaping and Groundskeeping Workers,Science,1.25
37-3012.00,"Pesticide Handlers, Sprayers, and Applicators, Vegetation",Reading Comprehension,2.88
37-3012.00,"Pesticide Handlers, Sprayers, and Applicators, Vegetation",Active Listening,2.88
37-3012.00,"Pesticide Handlers, Sprayers, and Applicators, Vegetation",Critical Thinking,2.88
37-3012.00,"Pesticide Handlers, Sprayers, and Applicators, Vegetation",Speaking,2.75
37-3012.00,"Pesticide Handlers, Sprayers, and Applicators, Vegetation",Monitoring,2.62
37-3012.00,"Pesticide Handlers, Sprayers, and Applicators, Vegetation",Writing,2.5
37-3012.00,"Pesticide Handlers, Sprayers, and Applicators, Vegetation",Active Learning,2.5
37-3012.00,"Pesticide Handlers, Sprayers, and Applicators, Vegetation",Mathematics,2.12
37-3012.00,"Pesticide Handlers, Sprayers, and Applicators, Vegetation",Learning Strategies,2.0
37-3012.00,"Pesticide Handlers, Sprayers, and Applicators, Vegetation",Science,1.88
37-3013.00,Tree Trimmers and Pruners,Critical Thinking,3.25
37-3013.00,Tree Trimmers and Pruners,Monitoring,3.12
37-3013.00,Tree Trimmers and Pruners,Speaking,3.0
37-3013.00,Tree Trimmers and Pruners,Active Listening,2.88
37-3013.00,Tree Trimmers and Pruners,Reading Comprehension,2.62
37-3013.00,Tree Trimmers and Pruners,Active Learning,2.62
37-3013.00,Tree Trimmers and Pruners,Writing,2.5
37-3013.00,Tree Trimmers and Pruners,Learning Strategies,2.25
37-3013.00,Tree Trimmers and Pruners,Mathematics,1.88
37-3013.00,Tree Trimmers and Pruners,Science,1.75
39-1013.00,First-Line Supervisors of Gambling Services Workers,Monitoring,3.88
39-1013.00,First-Line Supervisors of Gambling Services Workers,Active Listening,3.75
39-1013.00,First-Line Supervisors of Gambling Services Workers,Speaking,3.75
39-1013.00,First-Line Supervisors of Gambling Services Workers,Reading Comprehension,3.62
39-1013.00,First-Line Supervisors of Gambling Services Workers,Critical Thinking,3.62
39-1013.00,First-Line Supervisors of Gambling Services Workers,Writing,3.38
39-1013.00,First-Line Supervisors of Gambling Services Workers,Active Learning,3.0
39-1013.00,First-Line Supervisors of Gambling Services Workers,Learning Strategies,2.75
39-1013.00,First-Line Supervisors of Gambling Services Workers,Mathematics,2.62
39-1013.00,First-Line Supervisors of Gambling Services Workers,Science,1.25
39-1014.00,"First-Line Supervisors of Entertainment and Recreation Workers, Except Gambling Services",Speaking,3.5
39-1014.00,"First-Line Supervisors of Entertainment and Recreation Workers, Except Gambling Services",Reading Comprehension,3.38
39-1014.00,"First-Line Supervisors of Entertainment and Recreation Workers, Except Gambling Services",Active Listening,3.38
39-1014.00,"First-Line Supervisors of Entertainment and Recreation Workers, Except Gambling Services",Critical Thinking,3.38
39-1014.00,"First-Line Supervisors of Entertainment and Recreation Workers, Except Gambling Services",Monitoring,3.38
39-1014.00,"First-Line Supervisors of Entertainment and Recreation Workers, Except Gambling Services",Writing,3.25
39-1014.00,"First-Line Supervisors of Entertainment and Recreation Workers, Except Gambling Services",Active Learning,3.0
39-1014.00,"First-Line Supervisors of Entertainment and Recreation Workers, Except Gambling Services",Learning Strategies,3.0
39-1014.00,"First-Line Supervisors of Entertainment and Recreation Workers, Except Gambling Services",Mathematics,2.5
39-1014.00,"First-Line Supervisors of Entertainment and Recreation Workers, Except Gambling Services",Science,1.12
39-1022.00,First-Line Supervisors of Personal Service Workers,Active Listening,3.88
39-1022.00,First-Line Supervisors of Personal Service Workers,Critical Thinking,3.88
39-1022.00,First-Line Supervisors of Personal Service Workers,Speaking,3.75
39-1022.00,First-Line Supervisors of Personal Service Workers,Reading Comprehension,3.62
39-1022.00,First-Line Supervisors of Personal Service Workers,Writing,3.25
39-1022.00,First-Line Supervisors of Personal Service Workers,Monitoring,3.25
39-1022.00,First-Line Supervisors of Personal Service Workers,Active Learning,3.12
39-1022.00,First-Line Supervisors of Personal Service Workers,Learning Strategies,3.12
39-1022.00,First-Line Supervisors of Personal Service Workers,Mathematics,2.12
39-1022.00,First-Line Supervisors of Personal Service Workers,Science,1.38
39-2011.00,Animal Trainers,Speaking,3.5
39-2011.00,Animal Trainers,Learning Strategies,3.5
39-2011.00,Animal Trainers,Critical Thinking,3.38
39-2011.00,Animal Trainers,Active Learning,3.25
39-2011.00,Animal Trainers,Active Listening,3.12
39-2011.00,Animal Trainers,Monitoring,3.12
39-2011.00,Animal Trainers,Reading Comprehension,2.88
39-2011.00,Animal Trainers,Writing,2.88
39-2011.00,Animal Trainers,Mathematics,1.88
39-2011.00,Animal Trainers,Science,1.75
39-2021.00,Animal Caretakers,Monitoring,3.12
39-2021.00,Animal Caretakers,Reading Comprehension,3.0
39-2021.00,Animal Caretakers,Active Listening,3.0
39-2021.00,Animal Caretakers,Speaking,2.88
39-2021.00,Animal Caretakers,Writing,2.75
39-2021.00,Animal Caretakers,Critical Thinking,2.75
39-2021.00,Animal Caretakers,Active Learning,2.38
39-2021.00,Animal Caretakers,Mathematics,2.0
39-2021.00,Animal Caretakers,Learning Strategies,2.0
39-2021.00,Animal Caretakers,Science,1.5
39-3011.00,Gambling Dealers,Active Listening,3.38
39-3011.00,Gambling Dealers,Speaking,3.38
39-3011.00,Gambling Dealers,Reading Comprehension,3.0
39-3011.00,Gambling Dealers,Monitoring,3.0
39-3011.00,Gambling Dealers,Mathematics,2.75
39-3011.00,Gambling Dealers,Critical Thinking,2.75
39-3011.00,Gambling Dealers,Writing,2.25
39-3011.00,Gambling Dealers,Active Learning,2.25
39-3011.00,Gambling Dealers,Learning Strategies,2.0
39-3011.00,Gambling Dealers,Science,1.0
39-3012.00,Gambling and Sports Book Writers and Runners,Active Listening,3.5
39-3012.00,Gambling and Sports Book Writers and Runners,Speaking,3.12
39-3012.00,Gambling and Sports Book Writers and Runners,Monitoring,3.12
39-3012.00,Gambling and Sports Book Writers and Runners,Mathematics,3.0
39-3012.00,Gambling and Sports Book Writers and Runners,Writing,2.88
39-3012.00,Gambling and Sports Book Writers and Runners,Critical Thinking,2.88
39-3012.00,Gambling and Sports Book Writers and Runners,Reading Comprehension,2.75
39-3012.00,Gambling and Sports Book Writers and Runners,Active Learning,2.62
39-3012.00,Gambling and Sports Book Writers and Runners,Learning Strategies,2.25
39-3012.00,Gambling and Sports Book Writers and Runners,Science,1.25
39-3021.00,Motion Picture Projectionists,Reading Comprehension,3.0
39-3021.00,Motion Picture Projectionists,Active Listening,3.0
39-3021.00,Motion Picture Projectionists,Speaking,3.0
39-3021.00,Motion Picture Projectionists,Critical Thinking,2.88
39-3021.00,Motion Picture Projectionists,Monitoring,2.88
39-3021.00,Motion Picture Projectionists,Writing,2.12
39-3021.00,Motion Picture Projectionists,Active Learning,2.12
39-3021.00,Motion Picture Projectionists,Learning Strategies,2.0
39-3021.00,Motion Picture Projectionists,Mathematics,1.5
39-3021.00,Motion Picture Projectionists,Science,1.0
39-3031.00,"Ushers, Lobby Attendants, and Ticket Takers",Active Listening,3.12
39-3031.00,"Ushers, Lobby Attendants, and Ticket Takers",Speaking,3.12
39-3031.00,"Ushers, Lobby Attendants, and Ticket Takers",Reading Comprehension,2.75
39-3031.00,"Ushers, Lobby Attendants, and Ticket Takers",Critical Thinking,2.75
39-3031.00,"Ushers, Lobby Attendants, and Ticket Takers",Monitoring,2.75
39-3031.00,"Ushers, Lobby Attendants, and Ticket Takers",Active Learning,2.5
39-3031.00,"Ushers, Lobby Attendants, and Ticket Takers",Writing,2.0
39-3031.00,"Ushers, Lobby Attendants, and Ticket Takers",Learning Strategies,1.88
39-3031.00,"Ushers, Lobby Attendants, and Ticket Takers",Mathematics,1.75
39-3031.00,"Ushers, Lobby Attendants, and Ticket Takers",Science,1.0
39-3091.00,Amusement and Recreation Attendants,Speaking,3.25
39-3091.00,Amusement and Recreation Attendants,Active Listening,3.0
39-3091.00,Amusement and Recreation Attendants,Monitoring,2.88
39-3091.00,Amusement and Recreation Attendants,Critical Thinking,2.75
39-3091.00,Amusement and Recreation Attendants,Writing,2.5
39-3091.00,Amusement and Recreation Attendants,Reading Comprehension,2.38
39-3091.00,Amusement and Recreation Attendants,Active Learning,2.38
39-3091.00,Amusement and Recreation Attendants,Learning Strategies,2.12
39-3091.00,Amusement and Recreation Attendants,Mathematics,2.0
39-3091.00,Amusement and Recreation Attendants,Science,1.0
39-3092.00,Costume Attendants,Active Listening,3.12
39-3092.00,Costume Attendants,Speaking,3.12
39-3092.00,Costume Attendants,Monitoring,3.12
39-3092.00,Costume Attendants,Reading Comprehension,2.88
39-3092.00,Costume Attendants,Critical Thinking,2.88
39-3092.00,Costume Attendants,Writing,2.5
39-3092.00,Costume Attendants,Active Learning,2.5
39-3092.00,Costume Attendants,Learning Strategies,1.88
39-3092.00,Costume Attendants,Mathematics,1.5
39-3092.00,Costume Attendants,Science,1.0
39-3093.00,"Locker Room, Coatroom, and Dressing Room Attendants",Active Listening,3.38
39-3093.00,"Locker Room, Coatroom, and Dressing Room Attendants",Speaking,3.38
39-3093.00,"Locker Room, Coatroom, and Dressing Room Attendants",Reading Comprehension,2.75
39-3093.00,"Locker Room, Coatroom, and Dressing Room Attendants",Monitoring,2.5
39-3093.00,"Locker Room, Coatroom, and Dressing Room Attendants",Writing,2.38
39-3093.00,"Locker Room, Coatroom, and Dressing Room Attendants",Critical Thinking,2.38
39-3093.00,"Locker Room, Coatroom, and Dressing Room Attendants",Active Learning,1.88
39-3093.00,"Locker Room, Coatroom, and Dressing Room Attendants",Mathematics,1.62
39-3093.00,"Locker Room, Coatroom, and Dressing Room Attendants",Learning Strategies,1.5
39-3093.00,"Locker Room, Coatroom, and Dressing Room Attendants",Science,1.0
39-4011.00,Embalmers,Speaking,3.88
39-4011.00,Embalmers,Active Listening,3.75
39-4011.00,Embalmers,Writing,3.12
39-4011.00,Embalmers,Critical Thinking,3.12
39-4011.00,Embalmers,Reading Comprehension,3.0
39-4011.00,Embalmers,Active Learning,3.0
39-4011.00,Embalmers,Monitoring,3.0
39-4011.00,Embalmers,Science,2.62
39-4011.00,Embalmers,Learning Strategies,2.12
39-4011.00,Embalmers,Mathematics,2.0
39-4021.00,Funeral Attendants,Active Listening,3.12
39-4021.00,Funeral Attendants,Speaking,3.0
39-4021.00,Funeral Attendants,Monitoring,3.0
39-4021.00,Funeral Attendants,Reading Comprehension,2.75
39-4021.00,Funeral Attendants,Critical Thinking,2.62
39-4021.00,Funeral Attendants,Writing,2.25
39-4021.00,Funeral Attendants,Active Learning,2.0
39-4021.00,Funeral Attendants,Learning Strategies,2.0
39-4021.00,Funeral Attendants,Mathematics,1.75
39-4021.00,Funeral Attendants,Science,1.25
39-4031.00,"Morticians, Undertakers, and Funeral Arrangers",Active Listening,4.12
39-4031.00,"Morticians, Undertakers, and Funeral Arrangers",Speaking,3.75
39-4031.00,"Morticians, Undertakers, and Funeral Arrangers",Reading Comprehension,3.25
39-4031.00,"Morticians, Undertakers, and Funeral Arrangers",Writing,3.25
39-4031.00,"Morticians, Undertakers, and Funeral Arrangers",Critical Thinking,3.12
39-4031.00,"Morticians, Undertakers, and Funeral Arrangers",Active Learning,3.0
39-4031.00,"Morticians, Undertakers, and Funeral Arrangers",Monitoring,3.0
39-4031.00,"Morticians, Undertakers, and Funeral Arrangers",Mathematics,2.75
39-4031.00,"Morticians, Undertakers, and Funeral Arrangers",Learning Strategies,2.75
39-4031.00,"Morticians, Undertakers, and Funeral Arrangers",Science,1.75
39-5011.00,Barbers,Active Listening,3.25
39-5011.00,Barbers,Speaking,3.12
39-5011.00,Barbers,Reading Comprehension,2.75
39-5011.00,Barbers,Monitoring,2.75
39-5011.00,Barbers,Critical Thinking,2.62
39-5011.00,Barbers,Active Learning,2.62
39-5011.00,Barbers,Writing,2.25
39-5011.00,Barbers,Learning Strategies,2.25
39-5011.00,Barbers,Mathematics,1.88
39-5011.00,Barbers,Science,1.12
39-5012.00,"Hairdressers, Hairstylists, and Cosmetologists",Active Listening,3.88
39-5012.00,"Hairdressers, Hairstylists, and Cosmetologists",Speaking,3.75
39-5012.00,"Hairdressers, Hairstylists, and Cosmetologists",Critical Thinking,3.38
39-5012.00,"Hairdressers, Hairstylists, and Cosmetologists",Active Learning,3.25
39-5012.00,"Hairdressers, Hairstylists, and Cosmetologists",Reading Comprehension,3.0
39-5012.00,"Hairdressers, Hairstylists, and Cosmetologists",Monitoring,3.0
39-5012.00,"Hairdressers, Hairstylists, and Cosmetologists",Writing,2.88
39-5012.00,"Hairdressers, Hairstylists, and Cosmetologists",Learning Strategies,2.88
39-5012.00,"Hairdressers, Hairstylists, and Cosmetologists",Mathematics,2.38
39-5012.00,"Hairdressers, Hairstylists, and Cosmetologists",Science,1.62
39-5091.00,"Makeup Artists, Theatrical and Performance",Speaking,3.75
39-5091.00,"Makeup Artists, Theatrical and Performance",Reading Comprehension,3.62
39-5091.00,"Makeup Artists, Theatrical and Performance",Active Listening,3.5
39-5091.00,"Makeup Artists, Theatrical and Performance",Critical Thinking,3.25
39-5091.00,"Makeup Artists, Theatrical and Performance",Active Learning,3.12
39-5091.00,"Makeup Artists, Theatrical and Performance",Monitoring,3.12
39-5091.00,"Makeup Artists, Theatrical and Performance",Writing,2.88
39-5091.00,"Makeup Artists, Theatrical and Performance",Learning Strategies,2.75
39-5091.00,"Makeup Artists, Theatrical and Performance",Mathematics,2.12
39-5091.00,"Makeup Artists, Theatrical and Performance",Science,1.5
39-5092.00,Manicurists and Pedicurists,Active Listening,3.0
39-5092.00,Manicurists and Pedicurists,Speaking,3.0
39-5092.00,Manicurists and Pedicurists,Reading Comprehension,2.75
39-5092.00,Manicurists and Pedicurists,Active Learning,2.75
39-5092.00,Manicurists and Pedicurists,Monitoring,2.62
39-5092.00,Manicurists and Pedicurists,Critical Thinking,2.5
39-5092.00,Manicurists and Pedicurists,Writing,2.12
39-5092.00,Manicurists and Pedicurists,Learning Strategies,2.12
39-5092.00,Manicurists and Pedicurists,Mathematics,1.88
39-5092.00,Manicurists and Pedicurists,Science,1.0
39-5093.00,Shampooers,Speaking,3.25
39-5093.00,Shampooers,Active Listening,3.12
39-5093.00,Shampooers,Monitoring,2.75
39-5093.00,Shampooers,Reading Comprehension,2.5
39-5093.00,Shampooers,Critical Thinking,2.5
39-5093.00,Shampooers,Writing,2.38
39-5093.00,Shampooers,Active Learning,2.25
39-5093.00,Shampooers,Learning Strategies,2.0
39-5093.00,Shampooers,Mathematics,1.62
39-5093.00,Shampooers,Science,1.0
39-5094.00,Skincare Specialists,Speaking,3.75
39-5094.00,Skincare Specialists,Active Listening,3.5
39-5094.00,Skincare Specialists,Monitoring,3.25
39-5094.00,Skincare Specialists,Reading Comprehension,3.12
39-5094.00,Skincare Specialists,Critical Thinking,3.12
39-5094.00,Skincare Specialists,Active Learning,3.0
39-5094.00,Skincare Specialists,Writing,2.88
39-5094.00,Skincare Specialists,Learning Strategies,2.75
39-5094.00,Skincare Specialists,Mathematics,2.0
39-5094.00,Skincare Specialists,Science,1.38
39-6011.00,Baggage Porters and Bellhops,Active Listening,3.62
39-6011.00,Baggage Porters and Bellhops,Speaking,3.62
39-6011.00,Baggage Porters and Bellhops,Critical Thinking,3.0
39-6011.00,Baggage Porters and Bellhops,Reading Comprehension,2.88
39-6011.00,Baggage Porters and Bellhops,Monitoring,2.88
39-6011.00,Baggage Porters and Bellhops,Writing,2.75
39-6011.00,Baggage Porters and Bellhops,Active Learning,2.25
39-6011.00,Baggage Porters and Bellhops,Learning Strategies,2.25
39-6011.00,Baggage Porters and Bellhops,Mathematics,2.0
39-6011.00,Baggage Porters and Bellhops,Science,1.0
39-6012.00,Concierges,Active Listening,4.0
39-6012.00,Concierges,Speaking,4.0
39-6012.00,Concierges,Reading Comprehension,3.0
39-6012.00,Concierges,Critical Thinking,3.0
39-6012.00,Concierges,Monitoring,3.0
39-6012.00,Concierges,Active Learning,2.88
39-6012.00,Concierges,Writing,2.75
39-6012.00,Concierges,Mathematics,2.0
39-6012.00,Concierges,Learning Strategies,2.0
39-6012.00,Concierges,Science,1.0
39-7011.00,Tour Guides and Escorts,Speaking,3.88
39-7011.00,Tour Guides and Escorts,Active Listening,3.25
39-7011.00,Tour Guides and Escorts,Reading Comprehension,3.0
39-7011.00,Tour Guides and Escorts,Monitoring,3.0
39-7011.00,Tour Guides and Escorts,Critical Thinking,2.88
39-7011.00,Tour Guides and Escorts,Writing,2.25
39-7011.00,Tour Guides and Escorts,Active Learning,2.25
39-7011.00,Tour Guides and Escorts,Learning Strategies,2.25
39-7011.00,Tour Guides and Escorts,Mathematics,2.0
39-7011.00,Tour Guides and Escorts,Science,1.0
39-7012.00,Travel Guides,Speaking,4.0
39-7012.00,Travel Guides,Active Listening,3.88
39-7012.00,Travel Guides,Reading Comprehension,3.25
39-7012.00,Travel Guides,Writing,3.12
39-7012.00,Travel Guides,Critical Thinking,3.12
39-7012.00,Travel Guides,Active Learning,3.12
39-7012.00,Travel Guides,Monitoring,3.0
39-7012.00,Travel Guides,Learning Strategies,2.75
39-7012.00,Travel Guides,Mathematics,2.5
39-7012.00,Travel Guides,Science,1.0
39-9011.00,Childcare Workers,Monitoring,3.5
39-9011.00,Childcare Workers,Active Listening,3.12
39-9011.00,Childcare Workers,Speaking,3.12
39-9011.00,Childcare Workers,Critical Thinking,3.12
39-9011.00,Childcare Workers,Reading Comprehension,3.0
39-9011.00,Childcare Workers,Writing,3.0
39-9011.00,Childcare Workers,Active Learning,3.0
39-9011.00,Childcare Workers,Learning Strategies,3.0
39-9011.00,Childcare Workers,Mathematics,2.12
39-9011.00,Childcare Workers,Science,1.12
39-9011.01,Nannies,Active Listening,3.88
39-9011.01,Nannies,Monitoring,3.88
39-9011.01,Nannies,Speaking,3.75
39-9011.01,Nannies,Critical Thinking,3.62
39-9011.01,Nannies,Learning Strategies,3.25
39-9011.01,Nannies,Reading Comprehension,3.0
39-9011.01,Nannies,Writing,3.0
39-9011.01,Nannies,Active Learning,3.0
39-9011.01,Nannies,Mathematics,1.62
39-9011.01,Nannies,Science,1.62
39-9031.00,Exercise Trainers and Group Fitness Instructors,Speaking,3.62
39-9031.00,Exercise Trainers and Group Fitness Instructors,Active Listening,3.25
39-9031.00,Exercise Trainers and Group Fitness Instructors,Learning Strategies,3.12
39-9031.00,Exercise Trainers and Group Fitness Instructors,Reading Comprehension,3.0
39-9031.00,Exercise Trainers and Group Fitness Instructors,Critical Thinking,3.0
39-9031.00,Exercise Trainers and Group Fitness Instructors,Active Learning,3.0
39-9031.00,Exercise Trainers and Group Fitness Instructors,Monitoring,3.0
39-9031.00,Exercise Trainers and Group Fitness Instructors,Writing,2.62
39-9031.00,Exercise Trainers and Group Fitness Instructors,Mathematics,1.75
39-9031.00,Exercise Trainers and Group Fitness Instructors,Science,1.75
39-9032.00,Recreation Workers,Active Listening,4.0
39-9032.00,Recreation Workers,Speaking,4.0
39-9032.00,Recreation Workers,Monitoring,3.75
39-9032.00,Recreation Workers,Critical Thinking,3.25
39-9032.00,Recreation Workers,Reading Comprehension,3.12
39-9032.00,Recreation Workers,Writing,3.12
39-9032.00,Recreation Workers,Active Learning,3.12
39-9032.00,Recreation Workers,Learning Strategies,3.12
39-9032.00,Recreation Workers,Mathematics,2.12
39-9032.00,Recreation Workers,Science,1.62
39-9041.00,Residential Advisors,Active Listening,3.88
39-9041.00,Residential Advisors,Speaking,3.75
39-9041.00,Residential Advisors,Monitoring,3.75
39-9041.00,Residential Advisors,Critical Thinking,3.62
39-9041.00,Residential Advisors,Reading Comprehension,3.12
39-9041.00,Residential Advisors,Writing,3.0
39-9041.00,Residential Advisors,Active Learning,3.0
39-9041.00,Residential Advisors,Learning Strategies,2.75
39-9041.00,Residential Advisors,Mathematics,2.0
39-9041.00,Residential Advisors,Science,1.38
41-1011.00,First-Line Supervisors of Retail Sales Workers,Active Listening,3.88
41-1011.00,First-Line Supervisors of Retail Sales Workers,Speaking,3.75
41-1011.00,First-Line Supervisors of Retail Sales Workers,Critical Thinking,3.5
41-1011.00,First-Line Supervisors of Retail Sales Workers,Monitoring,3.5
41-1011.00,First-Line Supervisors of Retail Sales Workers,Reading Comprehension,3.0
41-1011.00,First-Line Supervisors of Retail Sales Workers,Writing,3.0
41-1011.00,First-Line Supervisors of Retail Sales Workers,Active Learning,3.0
41-1011.00,First-Line Supervisors of Retail Sales Workers,Learning Strategies,3.0
41-1011.00,First-Line Supervisors of Retail Sales Workers,Mathematics,2.75
41-1011.00,First-Line Supervisors of Retail Sales Workers,Science,1.0
41-1012.00,First-Line Supervisors of Non-Retail Sales Workers,Active Listening,4.0
41-1012.00,First-Line Supervisors of Non-Retail Sales Workers,Speaking,4.0
41-1012.00,First-Line Supervisors of Non-Retail Sales Workers,Monitoring,4.0
41-1012.00,First-Line Supervisors of Non-Retail Sales Workers,Reading Comprehension,3.62
41-1012.00,First-Line Supervisors of Non-Retail Sales Workers,Writing,3.62
41-1012.00,First-Line Supervisors of Non-Retail Sales Workers,Critical Thinking,3.62
41-1012.00,First-Line Supervisors of Non-Retail Sales Workers,Active Learning,3.5
41-1012.00,First-Line Supervisors of Non-Retail Sales Workers,Learning Strategies,3.25
41-1012.00,First-Line Supervisors of Non-Retail Sales Workers,Mathematics,3.0
41-1012.00,First-Line Supervisors of Non-Retail Sales Workers,Science,1.0
41-2011.00,Cashiers,Active Listening,3.0
41-2011.00,Cashiers,Speaking,3.0
41-2011.00,Cashiers,Reading Comprehension,2.75
41-2011.00,Cashiers,Critical Thinking,2.75
41-2011.00,Cashiers,Mathematics,2.62
41-2011.00,Cashiers,Monitoring,2.62
41-2011.00,Cashiers,Writing,2.12
41-2011.00,Cashiers,Active Learning,2.0
41-2011.00,Cashiers,Learning Strategies,2.0
41-2011.00,Cashiers,Science,1.25
41-2012.00,Gambling Change Persons and Booth Cashiers,Reading Comprehension,3.12
41-2012.00,Gambling Change Persons and Booth Cashiers,Active Listening,3.0
41-2012.00,Gambling Change Persons and Booth Cashiers,Speaking,3.0
41-2012.00,Gambling Change Persons and Booth Cashiers,Mathematics,2.88
41-2012.00,Gambling Change Persons and Booth Cashiers,Critical Thinking,2.88
41-2012.00,Gambling Change Persons and Booth Cashiers,Monitoring,2.88
41-2012.00,Gambling Change Persons and Booth Cashiers,Writing,2.75
41-2012.00,Gambling Change Persons and Booth Cashiers,Active Learning,2.0
41-2012.00,Gambling Change Persons and Booth Cashiers,Learning Strategies,2.0
41-2012.00,Gambling Change Persons and Booth Cashiers,Science,1.0
41-2021.00,Counter and Rental Clerks,Active Listening,3.75
41-2021.00,Counter and Rental Clerks,Speaking,3.38
41-2021.00,Counter and Rental Clerks,Reading Comprehension,3.25
41-2021.00,Counter and Rental Clerks,Critical Thinking,3.12
41-2021.00,Counter and Rental Clerks,Writing,3.0
41-2021.00,Counter and Rental Clerks,Monitoring,3.0
41-2021.00,Counter and Rental Clerks,Active Learning,2.75
41-2021.00,Counter and Rental Clerks,Mathematics,2.25
41-2021.00,Counter and Rental Clerks,Learning Strategies,2.12
41-2021.00,Counter and Rental Clerks,Science,1.0
41-2022.00,Parts Salespersons,Active Listening,4.0
41-2022.00,Parts Salespersons,Speaking,4.0
41-2022.00,Parts Salespersons,Reading Comprehension,3.62
41-2022.00,Parts Salespersons,Critical Thinking,3.25
41-2022.00,Parts Salespersons,Monitoring,3.12
41-2022.00,Parts Salespersons,Writing,3.0
41-2022.00,Parts Salespersons,Active Learning,2.88
41-2022.00,Parts Salespersons,Mathematics,2.75
41-2022.00,Parts Salespersons,Learning Strategies,2.38
41-2022.00,Parts Salespersons,Science,1.0
41-2031.00,Retail Salespersons,Active Listening,3.75
41-2031.00,Retail Salespersons,Speaking,3.75
41-2031.00,Retail Salespersons,Critical Thinking,3.12
41-2031.00,Retail Salespersons,Reading Comprehension,3.0
41-2031.00,Retail Salespersons,Writing,3.0
41-2031.00,Retail Salespersons,Active Learning,3.0
41-2031.00,Retail Salespersons,Monitoring,3.0
41-2031.00,Retail Salespersons,Mathematics,2.62
41-2031.00,Retail Salespersons,Learning Strategies,2.62
41-2031.00,Retail Salespersons,Science,1.0
41-3011.00,Advertising Sales Agents,Speaking,4.12
41-3011.00,Advertising Sales Agents,Active Listening,4.0
41-3011.00,Advertising Sales Agents,Reading Comprehension,3.62
41-3011.00,Advertising Sales Agents,Writing,3.25
41-3011.00,Advertising Sales Agents,Critical Thinking,3.25
41-3011.00,Advertising Sales Agents,Monitoring,3.12
41-3011.00,Advertising Sales Agents,Active Learning,3.0
41-3011.00,Advertising Sales Agents,Mathematics,2.88
41-3011.00,Advertising Sales Agents,Learning Strategies,2.75
41-3011.00,Advertising Sales Agents,Science,1.0
41-3021.00,Insurance Sales Agents,Reading Comprehension,4.0
41-3021.00,Insurance Sales Agents,Active Listening,3.88
41-3021.00,Insurance Sales Agents,Speaking,3.88
41-3021.00,Insurance Sales Agents,Critical Thinking,3.75
41-3021.00,Insurance Sales Agents,Writing,3.62
41-3021.00,Insurance Sales Agents,Mathematics,3.0
41-3021.00,Insurance Sales Agents,Active Learning,3.0
41-3021.00,Insurance Sales Agents,Monitoring,2.88
41-3021.00,Insurance Sales Agents,Learning Strategies,2.75
41-3021.00,Insurance Sales Agents,Science,1.12
41-3031.00,"Securities, Commodities, and Financial Services Sales Agents",Active Listening,3.75
41-3031.00,"Securities, Commodities, and Financial Services Sales Agents",Critical Thinking,3.75
41-3031.00,"Securities, Commodities, and Financial Services Sales Agents",Monitoring,3.62
41-3031.00,"Securities, Commodities, and Financial Services Sales Agents",Reading Comprehension,3.5
41-3031.00,"Securities, Commodities, and Financial Services Sales Agents",Speaking,3.5
41-3031.00,"Securities, Commodities, and Financial Services Sales Agents",Active Learning,3.5
41-3031.00,"Securities, Commodities, and Financial Services Sales Agents",Writing,3.38
41-3031.00,"Securities, Commodities, and Financial Services Sales Agents",Mathematics,3.12
41-3031.00,"Securities, Commodities, and Financial Services Sales Agents",Learning Strategies,2.62
41-3031.00,"Securities, Commodities, and Financial Services Sales Agents",Science,1.25
41-3041.00,Travel Agents,Active Listening,4.12
41-3041.00,Travel Agents,Reading Comprehension,4.0
41-3041.00,Travel Agents,Speaking,4.0
41-3041.00,Travel Agents,Writing,3.12
41-3041.00,Travel Agents,Critical Thinking,3.12
41-3041.00,Travel Agents,Active Learning,3.12
41-3041.00,Travel Agents,Monitoring,3.0
41-3041.00,Travel Agents,Mathematics,2.88
41-3041.00,Travel Agents,Learning Strategies,2.5
41-3041.00,Travel Agents,Science,1.25
41-3091.00,"Sales Representatives of Services, Except Advertising, Insurance, Financial Services, and Travel",Active Listening,3.88
41-3091.00,"Sales Representatives of Services, Except Advertising, Insurance, Financial Services, and Travel",Speaking,3.88
41-3091.00,"Sales Representatives of Services, Except Advertising, Insurance, Financial Services, and Travel",Reading Comprehension,3.62
41-3091.00,"Sales Representatives of Services, Except Advertising, Insurance, Financial Services, and Travel",Writing,3.38
41-3091.00,"Sales Representatives of Services, Except Advertising, Insurance, Financial Services, and Travel",Critical Thinking,3.38
41-3091.00,"Sales Representatives of Services, Except Advertising, Insurance, Financial Services, and Travel",Active Learning,3.38
41-3091.00,"Sales Representatives of Services, Except Advertising, Insurance, Financial Services, and Travel",Monitoring,3.12
41-3091.00,"Sales Representatives of Services, Except Advertising, Insurance, Financial Services, and Travel",Mathematics,2.62
41-3091.00,"Sales Representatives of Services, Except Advertising, Insurance, Financial Services, and Travel",Learning Strategies,2.38
41-3091.00,"Sales Representatives of Services, Except Advertising, Insurance, Financial Services, and Travel",Science,1.0
41-4011.00,"Sales Representatives, Wholesale and Manufacturing, Technical and Scientific Products",Speaking,4.25
41-4011.00,"Sales Representatives, Wholesale and Manufacturing, Technical and Scientific Products",Active Listening,4.12
41-4011.00,"Sales Representatives, Wholesale and Manufacturing, Technical and Scientific Products",Reading Comprehension,3.75
41-4011.00,"Sales Representatives, Wholesale and Manufacturing, Technical and Scientific Products",Active Learning,3.5
41-4011.00,"Sales Representatives, Wholesale and Manufacturing, Technical and Scientific Products",Writing,3.38
41-4011.00,"Sales Representatives, Wholesale and Manufacturing, Technical and Scientific Products",Critical Thinking,3.38
41-4011.00,"Sales Representatives, Wholesale and Manufacturing, Technical and Scientific Products",Monitoring,3.12
41-4011.00,"Sales Representatives, Wholesale and Manufacturing, Technical and Scientific Products",Mathematics,2.88
41-4011.00,"Sales Representatives, Wholesale and Manufacturing, Technical and Scientific Products",Learning Strategies,2.75
41-4011.00,"Sales Representatives, Wholesale and Manufacturing, Technical and Scientific Products",Science,1.5
41-4011.07,Solar Sales Representatives and Assessors,Speaking,4.0
41-4011.07,Solar Sales Representatives and Assessors,Reading Comprehension,3.62
41-4011.07,Solar Sales Representatives and Assessors,Active Listening,3.5
41-4011.07,Solar Sales Representatives and Assessors,Critical Thinking,3.5
41-4011.07,Solar Sales Representatives and Assessors,Writing,3.12
41-4011.07,Solar Sales Representatives and Assessors,Active Learning,3.12
41-4011.07,Solar Sales Representatives and Assessors,Monitoring,3.0
41-4011.07,Solar Sales Representatives and Assessors,Mathematics,2.75
41-4011.07,Solar Sales Representatives and Assessors,Learning Strategies,2.75
41-4011.07,Solar Sales Representatives and Assessors,Science,1.38
41-4012.00,"Sales Representatives, Wholesale and Manufacturing, Except Technical and Scientific Products",Active Listening,4.0
41-4012.00,"Sales Representatives, Wholesale and Manufacturing, Except Technical and Scientific Products",Speaking,4.0
41-4012.00,"Sales Representatives, Wholesale and Manufacturing, Except Technical and Scientific Products",Critical Thinking,3.5
41-4012.00,"Sales Representatives, Wholesale and Manufacturing, Except Technical and Scientific Products",Reading Comprehension,3.38
41-4012.00,"Sales Representatives, Wholesale and Manufacturing, Except Technical and Scientific Products",Writing,3.25
41-4012.00,"Sales Representatives, Wholesale and Manufacturing, Except Technical and Scientific Products",Active Learning,3.12
41-4012.00,"Sales Representatives, Wholesale and Manufacturing, Except Technical and Scientific Products",Monitoring,3.12
41-4012.00,"Sales Representatives, Wholesale and Manufacturing, Except Technical and Scientific Products",Mathematics,2.25
41-4012.00,"Sales Representatives, Wholesale and Manufacturing, Except Technical and Scientific Products",Learning Strategies,2.25
41-4012.00,"Sales Representatives, Wholesale and Manufacturing, Except Technical and Scientific Products",Science,1.0
41-9011.00,Demonstrators and Product Promoters,Active Listening,3.88
41-9011.00,Demonstrators and Product Promoters,Speaking,3.88
41-9011.00,Demonstrators and Product Promoters,Reading Comprehension,3.25
41-9011.00,Demonstrators and Product Promoters,Writing,3.0
41-9011.00,Demonstrators and Product Promoters,Critical Thinking,3.0
41-9011.00,Demonstrators and Product Promoters,Monitoring,3.0
41-9011.00,Demonstrators and Product Promoters,Active Learning,2.88
41-9011.00,Demonstrators and Product Promoters,Learning Strategies,2.75
41-9011.00,Demonstrators and Product Promoters,Mathematics,2.12
41-9011.00,Demonstrators and Product Promoters,Science,1.0
41-9012.00,Models,Active Listening,2.75
41-9012.00,Models,Speaking,2.75
41-9012.00,Models,Critical Thinking,2.62
41-9012.00,Models,Reading Comprehension,2.5
41-9012.00,Models,Writing,2.0
41-9012.00,Models,Active Learning,1.88
41-9012.00,Models,Monitoring,1.88
41-9012.00,Models,Mathematics,1.25
41-9012.00,Models,Learning Strategies,1.12
41-9012.00,Models,Science,1.0
41-9021.00,Real Estate Brokers,Reading Comprehension,4.0
41-9021.00,Real Estate Brokers,Active Listening,4.0
41-9021.00,Real Estate Brokers,Speaking,4.0
41-9021.00,Real Estate Brokers,Active Learning,4.0
41-9021.00,Real Estate Brokers,Critical Thinking,3.88
41-9021.00,Real Estate Brokers,Writing,3.38
41-9021.00,Real Estate Brokers,Mathematics,3.0
41-9021.00,Real Estate Brokers,Monitoring,3.0
41-9021.00,Real Estate Brokers,Learning Strategies,2.12
41-9021.00,Real Estate Brokers,Science,1.0
41-9022.00,Real Estate Sales Agents,Active Listening,4.0
41-9022.00,Real Estate Sales Agents,Speaking,4.0
41-9022.00,Real Estate Sales Agents,Critical Thinking,3.62
41-9022.00,Real Estate Sales Agents,Reading Comprehension,3.38
41-9022.00,Real Estate Sales Agents,Writing,3.25
41-9022.00,Real Estate Sales Agents,Active Learning,3.25
41-9022.00,Real Estate Sales Agents,Mathematics,3.0
41-9022.00,Real Estate Sales Agents,Monitoring,3.0
41-9022.00,Real Estate Sales Agents,Learning Strategies,2.5
41-9022.00,Real Estate Sales Agents,Science,1.0
41-9031.00,Sales Engineers,Speaking,4.12
41-9031.00,Sales Engineers,Reading Comprehension,4.0
41-9031.00,Sales Engineers,Active Listening,4.0
41-9031.00,Sales Engineers,Critical Thinking,4.0
41-9031.00,Sales Engineers,Writing,3.75
41-9031.00,Sales Engineers,Active Learning,3.75
41-9031.00,Sales Engineers,Mathematics,3.0
41-9031.00,Sales Engineers,Learning Strategies,3.0
41-9031.00,Sales Engineers,Monitoring,2.88
41-9031.00,Sales Engineers,Science,2.12
41-9041.00,Telemarketers,Speaking,4.12
41-9041.00,Telemarketers,Active Listening,4.0
41-9041.00,Telemarketers,Reading Comprehension,3.25
41-9041.00,Telemarketers,Critical Thinking,3.0
41-9041.00,Telemarketers,Writing,2.5
41-9041.00,Telemarketers,Monitoring,2.25
41-9041.00,Telemarketers,Active Learning,2.0
41-9041.00,Telemarketers,Learning Strategies,1.5
41-9041.00,Telemarketers,Mathematics,1.38
41-9041.00,Telemarketers,Science,1.0
41-9091.00,"Door-to-Door Sales Workers, News and Street Vendors, and Related Workers",Speaking,4.0
41-9091.00,"Door-to-Door Sales Workers, News and Street Vendors, and Related Workers",Active Listening,3.38
41-9091.00,"Door-to-Door Sales Workers, News and Street Vendors, and Related Workers",Reading Comprehension,3.0
41-9091.00,"Door-to-Door Sales Workers, News and Street Vendors, and Related Workers",Writing,2.88
41-9091.00,"Door-to-Door Sales Workers, News and Street Vendors, and Related Workers",Critical Thinking,2.88
41-9091.00,"Door-to-Door Sales Workers, News and Street Vendors, and Related Workers",Monitoring,2.75
41-9091.00,"Door-to-Door Sales Workers, News and Street Vendors, and Related Workers",Active Learning,2.62
41-9091.00,"Door-to-Door Sales Workers, News and Street Vendors, and Related Workers",Learning Strategies,2.25
41-9091.00,"Door-to-Door Sales Workers, News and Street Vendors, and Related Workers",Mathematics,1.88
41-9091.00,"Door-to-Door Sales Workers, News and Street Vendors, and Related Workers",Science,1.0
43-1011.00,First-Line Supervisors of Office and Administrative Support Workers,Reading Comprehension,4.0
43-1011.00,First-Line Supervisors of Office and Administrative Support Workers,Active Listening,4.0
43-1011.00,First-Line Supervisors of Office and Administrative Support Workers,Speaking,4.0
43-1011.00,First-Line Supervisors of Office and Administrative Support Workers,Monitoring,4.0
43-1011.00,First-Line Supervisors of Office and Administrative Support Workers,Critical Thinking,3.88
43-1011.00,First-Line Supervisors of Office and Administrative Support Workers,Writing,3.75
43-1011.00,First-Line Supervisors of Office and Administrative Support Workers,Active Learning,3.75
43-1011.00,First-Line Supervisors of Office and Administrative Support Workers,Learning Strategies,3.62
43-1011.00,First-Line Supervisors of Office and Administrative Support Workers,Mathematics,2.75
43-1011.00,First-Line Supervisors of Office and Administrative Support Workers,Science,1.0
43-2011.00,"Switchboard Operators, Including Answering Service",Active Listening,4.0
43-2011.00,"Switchboard Operators, Including Answering Service",Speaking,3.88
43-2011.00,"Switchboard Operators, Including Answering Service",Reading Comprehension,3.0
43-2011.00,"Switchboard Operators, Including Answering Service",Monitoring,2.88
43-2011.00,"Switchboard Operators, Including Answering Service",Writing,2.75
43-2011.00,"Switchboard Operators, Including Answering Service",Critical Thinking,2.75
43-2011.00,"Switchboard Operators, Including Answering Service",Active Learning,2.5
43-2011.00,"Switchboard Operators, Including Answering Service",Learning Strategies,2.0
43-2011.00,"Switchboard Operators, Including Answering Service",Mathematics,1.88
43-2011.00,"Switchboard Operators, Including Answering Service",Science,1.0
43-2021.00,Telephone Operators,Active Listening,4.0
43-2021.00,Telephone Operators,Speaking,4.0
43-2021.00,Telephone Operators,Reading Comprehension,3.0
43-2021.00,Telephone Operators,Critical Thinking,3.0
43-2021.00,Telephone Operators,Monitoring,2.75
43-2021.00,Telephone Operators,Writing,2.25
43-2021.00,Telephone Operators,Active Learning,2.25
43-2021.00,Telephone Operators,Learning Strategies,2.0
43-2021.00,Telephone Operators,Mathematics,1.88
43-2021.00,Telephone Operators,Science,1.0
43-3011.00,Bill and Account Collectors,Active Listening,3.88
43-3011.00,Bill and Account Collectors,Speaking,3.88
43-3011.00,Bill and Account Collectors,Writing,3.25
43-3011.00,Bill and Account Collectors,Reading Comprehension,3.12
43-3011.00,Bill and Account Collectors,Critical Thinking,3.12
43-3011.00,Bill and Account Collectors,Monitoring,3.0
43-3011.00,Bill and Account Collectors,Active Learning,2.88
43-3011.00,Bill and Account Collectors,Mathematics,2.62
43-3011.00,Bill and Account Collectors,Learning Strategies,2.12
43-3011.00,Bill and Account Collectors,Science,1.0
43-3021.00,Billing and Posting Clerks,Reading Comprehension,3.75
43-3021.00,Billing and Posting Clerks,Speaking,3.12
43-3021.00,Billing and Posting Clerks,Active Listening,3.0
43-3021.00,Billing and Posting Clerks,Writing,3.0
43-3021.00,Billing and Posting Clerks,Mathematics,3.0
43-3021.00,Billing and Posting Clerks,Critical Thinking,3.0
43-3021.00,Billing and Posting Clerks,Monitoring,3.0
43-3021.00,Billing and Posting Clerks,Active Learning,2.62
43-3021.00,Billing and Posting Clerks,Learning Strategies,2.12
43-3021.00,Billing and Posting Clerks,Science,1.0
43-3031.00,"Bookkeeping, Accounting, and Auditing Clerks",Mathematics,3.38
43-3031.00,"Bookkeeping, Accounting, and Auditing Clerks",Reading Comprehension,3.25
43-3031.00,"Bookkeeping, Accounting, and Auditing Clerks",Active Listening,3.25
43-3031.00,"Bookkeeping, Accounting, and Auditing Clerks",Critical Thinking,3.25
43-3031.00,"Bookkeeping, Accounting, and Auditing Clerks",Writing,3.12
43-3031.00,"Bookkeeping, Accounting, and Auditing Clerks",Speaking,3.12
43-3031.00,"Bookkeeping, Accounting, and Auditing Clerks",Monitoring,3.0
43-3031.00,"Bookkeeping, Accounting, and Auditing Clerks",Active Learning,2.75
43-3031.00,"Bookkeeping, Accounting, and Auditing Clerks",Learning Strategies,2.0
43-3031.00,"Bookkeeping, Accounting, and Auditing Clerks",Science,1.12
43-3041.00,Gambling Cage Workers,Speaking,3.5
43-3041.00,Gambling Cage Workers,Active Listening,3.25
43-3041.00,Gambling Cage Workers,Mathematics,3.25
43-3041.00,Gambling Cage Workers,Reading Comprehension,3.0
43-3041.00,Gambling Cage Workers,Writing,3.0
43-3041.00,Gambling Cage Workers,Critical Thinking,3.0
43-3041.00,Gambling Cage Workers,Monitoring,3.0
43-3041.00,Gambling Cage Workers,Active Learning,2.38
43-3041.00,Gambling Cage Workers,Learning Strategies,2.38
43-3041.00,Gambling Cage Workers,Science,1.0
43-3051.00,Payroll and Timekeeping Clerks,Reading Comprehension,3.88
43-3051.00,Payroll and Timekeeping Clerks,Active Listening,3.75
43-3051.00,Payroll and Timekeeping Clerks,Mathematics,3.25
43-3051.00,Payroll and Timekeeping Clerks,Writing,3.12
43-3051.00,Payroll and Timekeeping Clerks,Speaking,3.12
43-3051.00,Payroll and Timekeeping Clerks,Critical Thinking,3.12
43-3051.00,Payroll and Timekeeping Clerks,Monitoring,3.0
43-3051.00,Payroll and Timekeeping Clerks,Active Learning,2.75
43-3051.00,Payroll and Timekeeping Clerks,Learning Strategies,2.25
43-3051.00,Payroll and Timekeeping Clerks,Science,1.0
43-3061.00,Procurement Clerks,Reading Comprehension,4.0
43-3061.00,Procurement Clerks,Speaking,4.0
43-3061.00,Procurement Clerks,Active Listening,3.88
43-3061.00,Procurement Clerks,Critical Thinking,3.75
43-3061.00,Procurement Clerks,Writing,3.62
43-3061.00,Procurement Clerks,Monitoring,3.62
43-3061.00,Procurement Clerks,Active Learning,3.25
43-3061.00,Procurement Clerks,Mathematics,3.0
43-3061.00,Procurement Clerks,Learning Strategies,2.38
43-3061.00,Procurement Clerks,Science,1.0
43-3071.00,Tellers,Active Listening,3.5
43-3071.00,Tellers,Speaking,3.25
43-3071.00,Tellers,Reading Comprehension,3.12
43-3071.00,Tellers,Critical Thinking,3.12
43-3071.00,Tellers,Monitoring,3.12
43-3071.00,Tellers,Writing,3.0
43-3071.00,Tellers,Mathematics,3.0
43-3071.00,Tellers,Active Learning,2.88
43-3071.00,Tellers,Learning Strategies,2.25
43-3071.00,Tellers,Science,1.0
43-4011.00,Brokerage Clerks,Active Listening,3.88
43-4011.00,Brokerage Clerks,Speaking,3.88
43-4011.00,Brokerage Clerks,Reading Comprehension,3.75
43-4011.00,Brokerage Clerks,Critical Thinking,3.38
43-4011.00,Brokerage Clerks,Writing,3.12
43-4011.00,Brokerage Clerks,Monitoring,3.12
43-4011.00,Brokerage Clerks,Mathematics,3.0
43-4011.00,Brokerage Clerks,Active Learning,3.0
43-4011.00,Brokerage Clerks,Learning Strategies,2.62
43-4011.00,Brokerage Clerks,Science,1.0
43-4021.00,Correspondence Clerks,Writing,4.0
43-4021.00,Correspondence Clerks,Reading Comprehension,3.75
43-4021.00,Correspondence Clerks,Active Listening,3.75
43-4021.00,Correspondence Clerks,Speaking,3.5
43-4021.00,Correspondence Clerks,Critical Thinking,3.38
43-4021.00,Correspondence Clerks,Monitoring,2.88
43-4021.00,Correspondence Clerks,Mathematics,2.75
43-4021.00,Correspondence Clerks,Active Learning,2.75
43-4021.00,Correspondence Clerks,Learning Strategies,2.62
43-4021.00,Correspondence Clerks,Science,1.25
43-4031.00,"Court, Municipal, and License Clerks",Active Listening,3.88
43-4031.00,"Court, Municipal, and License Clerks",Speaking,3.75
43-4031.00,"Court, Municipal, and License Clerks",Reading Comprehension,3.25
43-4031.00,"Court, Municipal, and License Clerks",Writing,3.12
43-4031.00,"Court, Municipal, and License Clerks",Critical Thinking,3.12
43-4031.00,"Court, Municipal, and License Clerks",Monitoring,3.0
43-4031.00,"Court, Municipal, and License Clerks",Active Learning,2.75
43-4031.00,"Court, Municipal, and License Clerks",Learning Strategies,2.38
43-4031.00,"Court, Municipal, and License Clerks",Mathematics,2.12
43-4031.00,"Court, Municipal, and License Clerks",Science,1.0
43-4041.00,"Credit Authorizers, Checkers, and Clerks",Reading Comprehension,3.62
43-4041.00,"Credit Authorizers, Checkers, and Clerks",Active Listening,3.62
43-4041.00,"Credit Authorizers, Checkers, and Clerks",Speaking,3.62
43-4041.00,"Credit Authorizers, Checkers, and Clerks",Critical Thinking,3.25
43-4041.00,"Credit Authorizers, Checkers, and Clerks",Writing,3.12
43-4041.00,"Credit Authorizers, Checkers, and Clerks",Monitoring,3.0
43-4041.00,"Credit Authorizers, Checkers, and Clerks",Active Learning,2.62
43-4041.00,"Credit Authorizers, Checkers, and Clerks",Mathematics,2.5
43-4041.00,"Credit Authorizers, Checkers, and Clerks",Learning Strategies,2.5
43-4041.00,"Credit Authorizers, Checkers, and Clerks",Science,1.12
43-4051.00,Customer Service Representatives,Active Listening,4.0
43-4051.00,Customer Service Representatives,Speaking,3.88
43-4051.00,Customer Service Representatives,Reading Comprehension,3.38
43-4051.00,Customer Service Representatives,Critical Thinking,3.25
43-4051.00,Customer Service Representatives,Writing,3.0
43-4051.00,Customer Service Representatives,Monitoring,3.0
43-4051.00,Customer Service Representatives,Active Learning,2.88
43-4051.00,Customer Service Representatives,Learning Strategies,2.62
43-4051.00,Customer Service Representatives,Mathematics,2.25
43-4051.00,Customer Service Representatives,Science,1.0
43-4061.00,"Eligibility Interviewers, Government Programs",Speaking,4.25
43-4061.00,"Eligibility Interviewers, Government Programs",Active Listening,4.0
43-4061.00,"Eligibility Interviewers, Government Programs",Reading Comprehension,3.88
43-4061.00,"Eligibility Interviewers, Government Programs",Writing,3.75
43-4061.00,"Eligibility Interviewers, Government Programs",Critical Thinking,3.5
43-4061.00,"Eligibility Interviewers, Government Programs",Active Learning,3.12
43-4061.00,"Eligibility Interviewers, Government Programs",Monitoring,3.12
43-4061.00,"Eligibility Interviewers, Government Programs",Learning Strategies,2.5
43-4061.00,"Eligibility Interviewers, Government Programs",Mathematics,2.25
43-4061.00,"Eligibility Interviewers, Government Programs",Science,1.25
43-4071.00,File Clerks,Reading Comprehension,3.88
43-4071.00,File Clerks,Active Listening,3.38
43-4071.00,File Clerks,Speaking,3.25
43-4071.00,File Clerks,Writing,3.12
43-4071.00,File Clerks,Monitoring,3.12
43-4071.00,File Clerks,Critical Thinking,3.0
43-4071.00,File Clerks,Active Learning,2.88
43-4071.00,File Clerks,Learning Strategies,2.25
43-4071.00,File Clerks,Mathematics,2.12
43-4071.00,File Clerks,Science,1.0
43-4081.00,"Hotel, Motel, and Resort Desk Clerks",Speaking,3.75
43-4081.00,"Hotel, Motel, and Resort Desk Clerks",Active Listening,3.38
43-4081.00,"Hotel, Motel, and Resort Desk Clerks",Reading Comprehension,3.0
43-4081.00,"Hotel, Motel, and Resort Desk Clerks",Monitoring,3.0
43-4081.00,"Hotel, Motel, and Resort Desk Clerks",Writing,2.88
43-4081.00,"Hotel, Motel, and Resort Desk Clerks",Critical Thinking,2.88
43-4081.00,"Hotel, Motel, and Resort Desk Clerks",Active Learning,2.75
43-4081.00,"Hotel, Motel, and Resort Desk Clerks",Mathematics,2.62
43-4081.00,"Hotel, Motel, and Resort Desk Clerks",Learning Strategies,2.62
43-4081.00,"Hotel, Motel, and Resort Desk Clerks",Science,1.0
43-4111.00,"Interviewers, Except Eligibility and Loan",Active Listening,4.0
43-4111.00,"Interviewers, Except Eligibility and Loan",Speaking,3.88
43-4111.00,"Interviewers, Except Eligibility and Loan",Reading Comprehension,3.5
43-4111.00,"Interviewers, Except Eligibility and Loan",Writing,3.25
43-4111.00,"Interviewers, Except Eligibility and Loan",Critical Thinking,3.25
43-4111.00,"Interviewers, Except Eligibility and Loan",Monitoring,3.0
43-4111.00,"Interviewers, Except Eligibility and Loan",Active Learning,2.88
43-4111.00,"Interviewers, Except Eligibility and Loan",Learning Strategies,2.88
43-4111.00,"Interviewers, Except Eligibility and Loan",Mathematics,2.25
43-4111.00,"Interviewers, Except Eligibility and Loan",Science,1.0
43-4121.00,"Library Assistants, Clerical",Reading Comprehension,3.25
43-4121.00,"Library Assistants, Clerical",Active Listening,3.25
43-4121.00,"Library Assistants, Clerical",Writing,3.0
43-4121.00,"Library Assistants, Clerical",Speaking,3.0
43-4121.00,"Library Assistants, Clerical",Critical Thinking,3.0
43-4121.00,"Library Assistants, Clerical",Monitoring,2.88
43-4121.00,"Library Assistants, Clerical",Learning Strategies,2.5
43-4121.00,"Library Assistants, Clerical",Active Learning,2.25
43-4121.00,"Library Assistants, Clerical",Mathematics,2.12
43-4121.00,"Library Assistants, Clerical",Science,1.0
43-4131.00,Loan Interviewers and Clerks,Active Listening,4.12
43-4131.00,Loan Interviewers and Clerks,Speaking,4.0
43-4131.00,Loan Interviewers and Clerks,Reading Comprehension,3.88
43-4131.00,Loan Interviewers and Clerks,Critical Thinking,3.75
43-4131.00,Loan Interviewers and Clerks,Writing,3.62
43-4131.00,Loan Interviewers and Clerks,Active Learning,3.38
43-4131.00,Loan Interviewers and Clerks,Mathematics,3.12
43-4131.00,Loan Interviewers and Clerks,Monitoring,3.0
43-4131.00,Loan Interviewers and Clerks,Learning Strategies,2.62
43-4131.00,Loan Interviewers and Clerks,Science,1.12
43-4141.00,New Accounts Clerks,Active Listening,4.0
43-4141.00,New Accounts Clerks,Speaking,4.0
43-4141.00,New Accounts Clerks,Reading Comprehension,3.5
43-4141.00,New Accounts Clerks,Critical Thinking,3.12
43-4141.00,New Accounts Clerks,Monitoring,3.12
43-4141.00,New Accounts Clerks,Writing,3.0
43-4141.00,New Accounts Clerks,Mathematics,2.88
43-4141.00,New Accounts Clerks,Active Learning,2.75
43-4141.00,New Accounts Clerks,Learning Strategies,2.5
43-4141.00,New Accounts Clerks,Science,1.0
43-4151.00,Order Clerks,Active Listening,4.0
43-4151.00,Order Clerks,Speaking,3.88
43-4151.00,Order Clerks,Reading Comprehension,3.5
43-4151.00,Order Clerks,Writing,3.12
43-4151.00,Order Clerks,Critical Thinking,3.12
43-4151.00,Order Clerks,Monitoring,3.12
43-4151.00,Order Clerks,Mathematics,3.0
43-4151.00,Order Clerks,Active Learning,3.0
43-4151.00,Order Clerks,Learning Strategies,2.38
43-4151.00,Order Clerks,Science,1.0
43-4161.00,"Human Resources Assistants, Except Payroll and Timekeeping",Reading Comprehension,4.0
43-4161.00,"Human Resources Assistants, Except Payroll and Timekeeping",Active Listening,4.0
43-4161.00,"Human Resources Assistants, Except Payroll and Timekeeping",Speaking,3.75
43-4161.00,"Human Resources Assistants, Except Payroll and Timekeeping",Writing,3.5
43-4161.00,"Human Resources Assistants, Except Payroll and Timekeeping",Critical Thinking,3.38
43-4161.00,"Human Resources Assistants, Except Payroll and Timekeeping",Monitoring,3.38
43-4161.00,"Human Resources Assistants, Except Payroll and Timekeeping",Active Learning,3.0
43-4161.00,"Human Resources Assistants, Except Payroll and Timekeeping",Learning Strategies,2.5
43-4161.00,"Human Resources Assistants, Except Payroll and Timekeeping",Mathematics,2.0
43-4161.00,"Human Resources Assistants, Except Payroll and Timekeeping",Science,1.12
43-4171.00,Receptionists and Information Clerks,Speaking,3.88
43-4171.00,Receptionists and Information Clerks,Active Listening,3.75
43-4171.00,Receptionists and Information Clerks,Reading Comprehension,3.12
43-4171.00,Receptionists and Information Clerks,Critical Thinking,3.12
43-4171.00,Receptionists and Information Clerks,Writing,3.0
43-4171.00,Receptionists and Information Clerks,Monitoring,2.88
43-4171.00,Receptionists and Information Clerks,Active Learning,2.75
43-4171.00,Receptionists and Information Clerks,Learning Strategies,2.12
43-4171.00,Receptionists and Information Clerks,Mathematics,2.0
43-4171.00,Receptionists and Information Clerks,Science,1.0
43-4181.00,Reservation and Transportation Ticket Agents and Travel Clerks,Active Listening,4.0
43-4181.00,Reservation and Transportation Ticket Agents and Travel Clerks,Speaking,4.0
43-4181.00,Reservation and Transportation Ticket Agents and Travel Clerks,Reading Comprehension,3.5
43-4181.00,Reservation and Transportation Ticket Agents and Travel Clerks,Critical Thinking,3.38
43-4181.00,Reservation and Transportation Ticket Agents and Travel Clerks,Writing,3.12
43-4181.00,Reservation and Transportation Ticket Agents and Travel Clerks,Active Learning,3.0
43-4181.00,Reservation and Transportation Ticket Agents and Travel Clerks,Monitoring,3.0
43-4181.00,Reservation and Transportation Ticket Agents and Travel Clerks,Mathematics,2.62
43-4181.00,Reservation and Transportation Ticket Agents and Travel Clerks,Learning Strategies,2.62
43-4181.00,Reservation and Transportation Ticket Agents and Travel Clerks,Science,1.0
43-5011.00,Cargo and Freight Agents,Speaking,3.62
43-5011.00,Cargo and Freight Agents,Active Listening,3.5
43-5011.00,Cargo and Freight Agents,Reading Comprehension,3.25
43-5011.00,Cargo and Freight Agents,Critical Thinking,3.25
43-5011.00,Cargo and Freight Agents,Writing,3.0
43-5011.00,Cargo and Freight Agents,Monitoring,3.0
43-5011.00,Cargo and Freight Agents,Active Learning,2.75
43-5011.00,Cargo and Freight Agents,Mathematics,2.25
43-5011.00,Cargo and Freight Agents,Learning Strategies,2.0
43-5011.00,Cargo and Freight Agents,Science,1.0
43-5011.01,Freight Forwarders,Reading Comprehension,3.75
43-5011.01,Freight Forwarders,Monitoring,3.5
43-5011.01,Freight Forwarders,Active Listening,3.38
43-5011.01,Freight Forwarders,Critical Thinking,3.38
43-5011.01,Freight Forwarders,Writing,3.25
43-5011.01,Freight Forwarders,Speaking,3.25
43-5011.01,Freight Forwarders,Active Learning,3.12
43-5011.01,Freight Forwarders,Mathematics,3.0
43-5011.01,Freight Forwarders,Learning Strategies,2.75
43-5011.01,Freight Forwarders,Science,1.0
43-5021.00,Couriers and Messengers,Active Listening,3.25
43-5021.00,Couriers and Messengers,Speaking,3.25
43-5021.00,Couriers and Messengers,Reading Comprehension,3.0
43-5021.00,Couriers and Messengers,Writing,3.0
43-5021.00,Couriers and Messengers,Critical Thinking,3.0
43-5021.00,Couriers and Messengers,Monitoring,2.75
43-5021.00,Couriers and Messengers,Active Learning,2.62
43-5021.00,Couriers and Messengers,Mathematics,2.5
43-5021.00,Couriers and Messengers,Learning Strategies,2.12
43-5021.00,Couriers and Messengers,Science,1.12
43-5031.00,Public Safety Telecommunicators,Active Listening,4.38
43-5031.00,Public Safety Telecommunicators,Speaking,4.12
43-5031.00,Public Safety Telecommunicators,Critical Thinking,3.75
43-5031.00,Public Safety Telecommunicators,Reading Comprehension,3.62
43-5031.00,Public Safety Telecommunicators,Active Learning,3.12
43-5031.00,Public Safety Telecommunicators,Monitoring,3.12
43-5031.00,Public Safety Telecommunicators,Writing,3.0
43-5031.00,Public Safety Telecommunicators,Learning Strategies,2.75
43-5031.00,Public Safety Telecommunicators,Mathematics,2.0
43-5031.00,Public Safety Telecommunicators,Science,1.38
43-5032.00,"Dispatchers, Except Police, Fire, and Ambulance",Active Listening,4.0
43-5032.00,"Dispatchers, Except Police, Fire, and Ambulance",Speaking,4.0
43-5032.00,"Dispatchers, Except Police, Fire, and Ambulance",Monitoring,3.88
43-5032.00,"Dispatchers, Except Police, Fire, and Ambulance",Reading Comprehension,3.75
43-5032.00,"Dispatchers, Except Police, Fire, and Ambulance",Writing,3.12
43-5032.00,"Dispatchers, Except Police, Fire, and Ambulance",Critical Thinking,3.12
43-5032.00,"Dispatchers, Except Police, Fire, and Ambulance",Active Learning,3.0
43-5032.00,"Dispatchers, Except Police, Fire, and Ambulance",Learning Strategies,2.75
43-5032.00,"Dispatchers, Except Police, Fire, and Ambulance",Mathematics,2.12
43-5032.00,"Dispatchers, Except Police, Fire, and Ambulance",Science,1.12
43-5041.00,"Meter Readers, Utilities",Speaking,3.0
43-5041.00,"Meter Readers, Utilities",Critical Thinking,3.0
43-5041.00,"Meter Readers, Utilities",Reading Comprehension,2.88
43-5041.00,"Meter Readers, Utilities",Active Listening,2.88
43-5041.00,"Meter Readers, Utilities",Monitoring,2.62
43-5041.00,"Meter Readers, Utilities",Active Learning,2.5
43-5041.00,"Meter Readers, Utilities",Writing,2.38
43-5041.00,"Meter Readers, Utilities",Mathematics,2.0
43-5041.00,"Meter Readers, Utilities",Learning Strategies,2.0
43-5041.00,"Meter Readers, Utilities",Science,1.12
43-5051.00,Postal Service Clerks,Active Listening,3.38
43-5051.00,Postal Service Clerks,Speaking,3.25
43-5051.00,Postal Service Clerks,Reading Comprehension,3.12
43-5051.00,Postal Service Clerks,Critical Thinking,3.0
43-5051.00,Postal Service Clerks,Monitoring,3.0
43-5051.00,Postal Service Clerks,Writing,2.88
43-5051.00,Postal Service Clerks,Mathematics,2.75
43-5051.00,Postal Service Clerks,Active Learning,2.62
43-5051.00,Postal Service Clerks,Learning Strategies,2.12
43-5051.00,Postal Service Clerks,Science,1.0
43-5052.00,Postal Service Mail Carriers,Active Listening,3.0
43-5052.00,Postal Service Mail Carriers,Speaking,3.0
43-5052.00,Postal Service Mail Carriers,Critical Thinking,3.0
43-5052.00,Postal Service Mail Carriers,Reading Comprehension,2.62
43-5052.00,Postal Service Mail Carriers,Monitoring,2.62
43-5052.00,Postal Service Mail Carriers,Writing,2.12
43-5052.00,Postal Service Mail Carriers,Active Learning,2.0
43-5052.00,Postal Service Mail Carriers,Learning Strategies,1.75
43-5052.00,Postal Service Mail Carriers,Mathematics,1.62
43-5052.00,Postal Service Mail Carriers,Science,1.0
43-5053.00,"Postal Service Mail Sorters, Processors, and Processing Machine Operators",Monitoring,3.12
43-5053.00,"Postal Service Mail Sorters, Processors, and Processing Machine Operators",Reading Comprehension,3.0
43-5053.00,"Postal Service Mail Sorters, Processors, and Processing Machine Operators",Speaking,3.0
43-5053.00,"Postal Service Mail Sorters, Processors, and Processing Machine Operators",Critical Thinking,3.0
43-5053.00,"Postal Service Mail Sorters, Processors, and Processing Machine Operators",Active Listening,2.88
43-5053.00,"Postal Service Mail Sorters, Processors, and Processing Machine Operators",Writing,2.25
43-5053.00,"Postal Service Mail Sorters, Processors, and Processing Machine Operators",Active Learning,2.12
43-5053.00,"Postal Service Mail Sorters, Processors, and Processing Machine Operators",Learning Strategies,2.12
43-5053.00,"Postal Service Mail Sorters, Processors, and Processing Machine Operators",Mathematics,2.0
43-5053.00,"Postal Service Mail Sorters, Processors, and Processing Machine Operators",Science,1.0
43-5061.00,"Production, Planning, and Expediting Clerks",Reading Comprehension,3.62
43-5061.00,"Production, Planning, and Expediting Clerks",Speaking,3.62
43-5061.00,"Production, Planning, and Expediting Clerks",Active Listening,3.5
43-5061.00,"Production, Planning, and Expediting Clerks",Critical Thinking,3.38
43-5061.00,"Production, Planning, and Expediting Clerks",Writing,3.12
43-5061.00,"Production, Planning, and Expediting Clerks",Monitoring,3.12
43-5061.00,"Production, Planning, and Expediting Clerks",Active Learning,2.75
43-5061.00,"Production, Planning, and Expediting Clerks",Mathematics,2.62
43-5061.00,"Production, Planning, and Expediting Clerks",Learning Strategies,2.38
43-5061.00,"Production, Planning, and Expediting Clerks",Science,1.12
43-5071.00,"Shipping, Receiving, and Inventory Clerks",Speaking,3.25
43-5071.00,"Shipping, Receiving, and Inventory Clerks",Reading Comprehension,3.12
43-5071.00,"Shipping, Receiving, and Inventory Clerks",Active Listening,3.12
43-5071.00,"Shipping, Receiving, and Inventory Clerks",Critical Thinking,3.0
43-5071.00,"Shipping, Receiving, and Inventory Clerks",Monitoring,3.0
43-5071.00,"Shipping, Receiving, and Inventory Clerks",Writing,2.62
43-5071.00,"Shipping, Receiving, and Inventory Clerks",Active Learning,2.38
43-5071.00,"Shipping, Receiving, and Inventory Clerks",Mathematics,2.25
43-5071.00,"Shipping, Receiving, and Inventory Clerks",Learning Strategies,2.12
43-5071.00,"Shipping, Receiving, and Inventory Clerks",Science,1.0
43-5111.00,"Weighers, Measurers, Checkers, and Samplers, Recordkeeping",Critical Thinking,3.38
43-5111.00,"Weighers, Measurers, Checkers, and Samplers, Recordkeeping",Reading Comprehension,3.25
43-5111.00,"Weighers, Measurers, Checkers, and Samplers, Recordkeeping",Speaking,3.12
43-5111.00,"Weighers, Measurers, Checkers, and Samplers, Recordkeeping",Monitoring,3.12
43-5111.00,"Weighers, Measurers, Checkers, and Samplers, Recordkeeping",Active Listening,3.0
43-5111.00,"Weighers, Measurers, Checkers, and Samplers, Recordkeeping",Writing,2.88
43-5111.00,"Weighers, Measurers, Checkers, and Samplers, Recordkeeping",Mathematics,2.88
43-5111.00,"Weighers, Measurers, Checkers, and Samplers, Recordkeeping",Active Learning,2.75
43-5111.00,"Weighers, Measurers, Checkers, and Samplers, Recordkeeping",Learning Strategies,2.75
43-5111.00,"Weighers, Measurers, Checkers, and Samplers, Recordkeeping",Science,1.5
43-6011.00,Executive Secretaries and Executive Administrative Assistants,Reading Comprehension,4.0
43-6011.00,Executive Secretaries and Executive Administrative Assistants,Active Listening,4.0
43-6011.00,Executive Secretaries and Executive Administrative Assistants,Speaking,3.88
43-6011.00,Executive Secretaries and Executive Administrative Assistants,Writing,3.75
43-6011.00,Executive Secretaries and Executive Administrative Assistants,Critical Thinking,3.25
43-6011.00,Executive Secretaries and Executive Administrative Assistants,Active Learning,3.12
43-6011.00,Executive Secretaries and Executive Administrative Assistants,Monitoring,3.12
43-6011.00,Executive Secretaries and Executive Administrative Assistants,Learning Strategies,2.88
43-6011.00,Executive Secretaries and Executive Administrative Assistants,Mathematics,2.75
43-6011.00,Executive Secretaries and Executive Administrative Assistants,Science,1.38
43-6012.00,Legal Secretaries and Administrative Assistants,Reading Comprehension,4.0
43-6012.00,Legal Secretaries and Administrative Assistants,Active Listening,4.0
43-6012.00,Legal Secretaries and Administrative Assistants,Writing,3.88
43-6012.00,Legal Secretaries and Administrative Assistants,Speaking,3.75
43-6012.00,Legal Secretaries and Administrative Assistants,Critical Thinking,3.0
43-6012.00,Legal Secretaries and Administrative Assistants,Monitoring,3.0
43-6012.00,Legal Secretaries and Administrative Assistants,Active Learning,2.75
43-6012.00,Legal Secretaries and Administrative Assistants,Learning Strategies,2.25
43-6012.00,Legal Secretaries and Administrative Assistants,Mathematics,2.12
43-6012.00,Legal Secretaries and Administrative Assistants,Science,1.0
43-6013.00,Medical Secretaries and Administrative Assistants,Speaking,4.0
43-6013.00,Medical Secretaries and Administrative Assistants,Active Listening,3.88
43-6013.00,Medical Secretaries and Administrative Assistants,Reading Comprehension,3.5
43-6013.00,Medical Secretaries and Administrative Assistants,Writing,3.12
43-6013.00,Medical Secretaries and Administrative Assistants,Critical Thinking,3.12
43-6013.00,Medical Secretaries and Administrative Assistants,Monitoring,3.0
43-6013.00,Medical Secretaries and Administrative Assistants,Active Learning,2.25
43-6013.00,Medical Secretaries and Administrative Assistants,Mathematics,2.12
43-6013.00,Medical Secretaries and Administrative Assistants,Learning Strategies,2.12
43-6013.00,Medical Secretaries and Administrative Assistants,Science,1.12
43-6014.00,"Secretaries and Administrative Assistants, Except Legal, Medical, and Executive",Active Listening,4.0
43-6014.00,"Secretaries and Administrative Assistants, Except Legal, Medical, and Executive",Speaking,4.0
43-6014.00,"Secretaries and Administrative Assistants, Except Legal, Medical, and Executive",Reading Comprehension,3.88
43-6014.00,"Secretaries and Administrative Assistants, Except Legal, Medical, and Executive",Writing,3.75
43-6014.00,"Secretaries and Administrative Assistants, Except Legal, Medical, and Executive",Monitoring,3.12
43-6014.00,"Secretaries and Administrative Assistants, Except Legal, Medical, and Executive",Critical Thinking,3.0
43-6014.00,"Secretaries and Administrative Assistants, Except Legal, Medical, and Executive",Active Learning,2.88
43-6014.00,"Secretaries and Administrative Assistants, Except Legal, Medical, and Executive",Learning Strategies,2.12
43-6014.00,"Secretaries and Administrative Assistants, Except Legal, Medical, and Executive",Mathematics,2.0
43-6014.00,"Secretaries and Administrative Assistants, Except Legal, Medical, and Executive",Science,1.0
43-9021.00,Data Entry Keyers,Reading Comprehension,3.62
43-9021.00,Data Entry Keyers,Active Listening,3.38
43-9021.00,Data Entry Keyers,Monitoring,3.25
43-9021.00,Data Entry Keyers,Writing,3.0
43-9021.00,Data Entry Keyers,Speaking,2.88
43-9021.00,Data Entry Keyers,Critical Thinking,2.88
43-9021.00,Data Entry Keyers,Active Learning,2.75
43-9021.00,Data Entry Keyers,Learning Strategies,2.12
43-9021.00,Data Entry Keyers,Mathematics,2.0
43-9021.00,Data Entry Keyers,Science,1.0
43-9022.00,Word Processors and Typists,Reading Comprehension,3.75
43-9022.00,Word Processors and Typists,Active Listening,3.38
43-9022.00,Word Processors and Typists,Writing,3.25
43-9022.00,Word Processors and Typists,Speaking,3.0
43-9022.00,Word Processors and Typists,Monitoring,3.0
43-9022.00,Word Processors and Typists,Critical Thinking,2.88
43-9022.00,Word Processors and Typists,Mathematics,2.12
43-9022.00,Word Processors and Typists,Active Learning,2.12
43-9022.00,Word Processors and Typists,Learning Strategies,1.88
43-9022.00,Word Processors and Typists,Science,1.0
43-9031.00,Desktop Publishers,Reading Comprehension,3.75
43-9031.00,Desktop Publishers,Critical Thinking,3.75
43-9031.00,Desktop Publishers,Active Listening,3.5
43-9031.00,Desktop Publishers,Speaking,3.5
43-9031.00,Desktop Publishers,Writing,3.12
43-9031.00,Desktop Publishers,Active Learning,3.0
43-9031.00,Desktop Publishers,Monitoring,3.0
43-9031.00,Desktop Publishers,Learning Strategies,2.88
43-9031.00,Desktop Publishers,Mathematics,2.0
43-9031.00,Desktop Publishers,Science,1.0
43-9041.00,Insurance Claims and Policy Processing Clerks,Reading Comprehension,3.5
43-9041.00,Insurance Claims and Policy Processing Clerks,Speaking,3.38
43-9041.00,Insurance Claims and Policy Processing Clerks,Active Listening,3.25
43-9041.00,Insurance Claims and Policy Processing Clerks,Critical Thinking,3.25
43-9041.00,Insurance Claims and Policy Processing Clerks,Writing,3.12
43-9041.00,Insurance Claims and Policy Processing Clerks,Monitoring,3.0
43-9041.00,Insurance Claims and Policy Processing Clerks,Active Learning,2.62
43-9041.00,Insurance Claims and Policy Processing Clerks,Learning Strategies,2.62
43-9041.00,Insurance Claims and Policy Processing Clerks,Mathematics,2.38
43-9041.00,Insurance Claims and Policy Processing Clerks,Science,1.12
43-9051.00,"Mail Clerks and Mail Machine Operators, Except Postal Service",Reading Comprehension,3.0
43-9051.00,"Mail Clerks and Mail Machine Operators, Except Postal Service",Speaking,3.0
43-9051.00,"Mail Clerks and Mail Machine Operators, Except Postal Service",Critical Thinking,3.0
43-9051.00,"Mail Clerks and Mail Machine Operators, Except Postal Service",Monitoring,3.0
43-9051.00,"Mail Clerks and Mail Machine Operators, Except Postal Service",Active Listening,2.88
43-9051.00,"Mail Clerks and Mail Machine Operators, Except Postal Service",Writing,2.88
43-9051.00,"Mail Clerks and Mail Machine Operators, Except Postal Service",Mathematics,2.25
43-9051.00,"Mail Clerks and Mail Machine Operators, Except Postal Service",Active Learning,2.25
43-9051.00,"Mail Clerks and Mail Machine Operators, Except Postal Service",Learning Strategies,2.12
43-9051.00,"Mail Clerks and Mail Machine Operators, Except Postal Service",Science,1.12
43-9061.00,"Office Clerks, General",Reading Comprehension,3.75
43-9061.00,"Office Clerks, General",Active Listening,3.75
43-9061.00,"Office Clerks, General",Speaking,3.62
43-9061.00,"Office Clerks, General",Writing,3.12
43-9061.00,"Office Clerks, General",Critical Thinking,3.0
43-9061.00,"Office Clerks, General",Monitoring,2.88
43-9061.00,"Office Clerks, General",Active Learning,2.75
43-9061.00,"Office Clerks, General",Mathematics,2.12
43-9061.00,"Office Clerks, General",Learning Strategies,2.12
43-9061.00,"Office Clerks, General",Science,1.0
43-9071.00,"Office Machine Operators, Except Computer",Reading Comprehension,3.12
43-9071.00,"Office Machine Operators, Except Computer",Active Listening,3.0
43-9071.00,"Office Machine Operators, Except Computer",Speaking,3.0
43-9071.00,"Office Machine Operators, Except Computer",Critical Thinking,3.0
43-9071.00,"Office Machine Operators, Except Computer",Monitoring,3.0
43-9071.00,"Office Machine Operators, Except Computer",Writing,2.88
43-9071.00,"Office Machine Operators, Except Computer",Active Learning,2.75
43-9071.00,"Office Machine Operators, Except Computer",Mathematics,2.5
43-9071.00,"Office Machine Operators, Except Computer",Learning Strategies,2.0
43-9071.00,"Office Machine Operators, Except Computer",Science,1.0
43-9081.00,Proofreaders and Copy Markers,Reading Comprehension,4.25
43-9081.00,Proofreaders and Copy Markers,Writing,3.62
43-9081.00,Proofreaders and Copy Markers,Speaking,3.25
43-9081.00,Proofreaders and Copy Markers,Active Listening,3.12
43-9081.00,Proofreaders and Copy Markers,Critical Thinking,3.0
43-9081.00,Proofreaders and Copy Markers,Monitoring,2.88
43-9081.00,Proofreaders and Copy Markers,Active Learning,2.5
43-9081.00,Proofreaders and Copy Markers,Learning Strategies,2.0
43-9081.00,Proofreaders and Copy Markers,Mathematics,1.88
43-9081.00,Proofreaders and Copy Markers,Science,1.12
43-9111.00,Statistical Assistants,Mathematics,4.38
43-9111.00,Statistical Assistants,Reading Comprehension,3.75
43-9111.00,Statistical Assistants,Critical Thinking,3.75
43-9111.00,Statistical Assistants,Active Learning,3.62
43-9111.00,Statistical Assistants,Writing,3.5
43-9111.00,Statistical Assistants,Active Listening,3.38
43-9111.00,Statistical Assistants,Speaking,3.38
43-9111.00,Statistical Assistants,Monitoring,3.0
43-9111.00,Statistical Assistants,Learning Strategies,2.88
43-9111.00,Statistical Assistants,Science,2.12
45-1011.00,"First-Line Supervisors of Farming, Fishing, and Forestry Workers",Critical Thinking,3.75
45-1011.00,"First-Line Supervisors of Farming, Fishing, and Forestry Workers",Speaking,3.62
45-1011.00,"First-Line Supervisors of Farming, Fishing, and Forestry Workers",Monitoring,3.62
45-1011.00,"First-Line Supervisors of Farming, Fishing, and Forestry Workers",Reading Comprehension,3.5
45-1011.00,"First-Line Supervisors of Farming, Fishing, and Forestry Workers",Active Listening,3.38
45-1011.00,"First-Line Supervisors of Farming, Fishing, and Forestry Workers",Learning Strategies,3.25
45-1011.00,"First-Line Supervisors of Farming, Fishing, and Forestry Workers",Writing,3.12
45-1011.00,"First-Line Supervisors of Farming, Fishing, and Forestry Workers",Active Learning,3.0
45-1011.00,"First-Line Supervisors of Farming, Fishing, and Forestry Workers",Mathematics,2.88
45-1011.00,"First-Line Supervisors of Farming, Fishing, and Forestry Workers",Science,2.25
45-2011.00,Agricultural Inspectors,Reading Comprehension,3.75
45-2011.00,Agricultural Inspectors,Active Listening,3.75
45-2011.00,Agricultural Inspectors,Monitoring,3.75
45-2011.00,Agricultural Inspectors,Critical Thinking,3.62
45-2011.00,Agricultural Inspectors,Speaking,3.5
45-2011.00,Agricultural Inspectors,Active Learning,3.25
45-2011.00,Agricultural Inspectors,Writing,3.12
45-2011.00,Agricultural Inspectors,Learning Strategies,2.88
45-2011.00,Agricultural Inspectors,Science,2.75
45-2011.00,Agricultural Inspectors,Mathematics,2.62
45-2021.00,Animal Breeders,Critical Thinking,3.25
45-2021.00,Animal Breeders,Active Listening,3.0
45-2021.00,Animal Breeders,Speaking,3.0
45-2021.00,Animal Breeders,Science,3.0
45-2021.00,Animal Breeders,Active Learning,3.0
45-2021.00,Animal Breeders,Monitoring,3.0
45-2021.00,Animal Breeders,Reading Comprehension,2.88
45-2021.00,Animal Breeders,Writing,2.75
45-2021.00,Animal Breeders,Mathematics,2.12
45-2021.00,Animal Breeders,Learning Strategies,2.12
45-2041.00,"Graders and Sorters, Agricultural Products",Monitoring,2.88
45-2041.00,"Graders and Sorters, Agricultural Products",Active Listening,2.75
45-2041.00,"Graders and Sorters, Agricultural Products",Speaking,2.75
45-2041.00,"Graders and Sorters, Agricultural Products",Critical Thinking,2.5
45-2041.00,"Graders and Sorters, Agricultural Products",Reading Comprehension,2.25
45-2041.00,"Graders and Sorters, Agricultural Products",Writing,2.25
45-2041.00,"Graders and Sorters, Agricultural Products",Active Learning,2.12
45-2041.00,"Graders and Sorters, Agricultural Products",Mathematics,1.62
45-2041.00,"Graders and Sorters, Agricultural Products",Learning Strategies,1.62
45-2041.00,"Graders and Sorters, Agricultural Products",Science,1.25
45-2091.00,Agricultural Equipment Operators,Active Listening,3.0
45-2091.00,Agricultural Equipment Operators,Critical Thinking,2.88
45-2091.00,Agricultural Equipment Operators,Speaking,2.75
45-2091.00,Agricultural Equipment Operators,Monitoring,2.75
45-2091.00,Agricultural Equipment Operators,Reading Comprehension,2.25
45-2091.00,Agricultural Equipment Operators,Active Learning,2.25
45-2091.00,Agricultural Equipment Operators,Writing,2.12
45-2091.00,Agricultural Equipment Operators,Mathematics,1.88
45-2091.00,Agricultural Equipment Operators,Learning Strategies,1.75
45-2091.00,Agricultural Equipment Operators,Science,1.62
45-2092.00,"Farmworkers and Laborers, Crop, Nursery, and Greenhouse",Speaking,3.0
45-2092.00,"Farmworkers and Laborers, Crop, Nursery, and Greenhouse",Active Listening,2.88
45-2092.00,"Farmworkers and Laborers, Crop, Nursery, and Greenhouse",Reading Comprehension,2.75
45-2092.00,"Farmworkers and Laborers, Crop, Nursery, and Greenhouse",Writing,2.75
45-2092.00,"Farmworkers and Laborers, Crop, Nursery, and Greenhouse",Critical Thinking,2.75
45-2092.00,"Farmworkers and Laborers, Crop, Nursery, and Greenhouse",Monitoring,2.75
45-2092.00,"Farmworkers and Laborers, Crop, Nursery, and Greenhouse",Active Learning,2.62
45-2092.00,"Farmworkers and Laborers, Crop, Nursery, and Greenhouse",Learning Strategies,2.5
45-2092.00,"Farmworkers and Laborers, Crop, Nursery, and Greenhouse",Mathematics,2.12
45-2092.00,"Farmworkers and Laborers, Crop, Nursery, and Greenhouse",Science,1.25
45-2093.00,"Farmworkers, Farm, Ranch, and Aquacultural Animals",Critical Thinking,3.38
45-2093.00,"Farmworkers, Farm, Ranch, and Aquacultural Animals",Monitoring,3.25
45-2093.00,"Farmworkers, Farm, Ranch, and Aquacultural Animals",Active Listening,3.12
45-2093.00,"Farmworkers, Farm, Ranch, and Aquacultural Animals",Reading Comprehension,3.0
45-2093.00,"Farmworkers, Farm, Ranch, and Aquacultural Animals",Speaking,3.0
45-2093.00,"Farmworkers, Farm, Ranch, and Aquacultural Animals",Active Learning,2.88
45-2093.00,"Farmworkers, Farm, Ranch, and Aquacultural Animals",Writing,2.62
45-2093.00,"Farmworkers, Farm, Ranch, and Aquacultural Animals",Mathematics,2.12
45-2093.00,"Farmworkers, Farm, Ranch, and Aquacultural Animals",Learning Strategies,2.12
45-2093.00,"Farmworkers, Farm, Ranch, and Aquacultural Animals",Science,1.88
45-3031.00,Fishing and Hunting Workers,Critical Thinking,3.12
45-3031.00,Fishing and Hunting Workers,Speaking,3.0
45-3031.00,Fishing and Hunting Workers,Monitoring,2.88
45-3031.00,Fishing and Hunting Workers,Reading Comprehension,2.75
45-3031.00,Fishing and Hunting Workers,Active Listening,2.75
45-3031.00,Fishing and Hunting Workers,Learning Strategies,2.75
45-3031.00,Fishing and Hunting Workers,Active Learning,2.5
45-3031.00,Fishing and Hunting Workers,Writing,2.25
45-3031.00,Fishing and Hunting Workers,Mathematics,2.12
45-3031.00,Fishing and Hunting Workers,Science,1.62
45-4011.00,Forest and Conservation Workers,Critical Thinking,3.12
45-4011.00,Forest and Conservation Workers,Monitoring,3.12
45-4011.00,Forest and Conservation Workers,Reading Comprehension,3.0
45-4011.00,Forest and Conservation Workers,Active Listening,3.0
45-4011.00,Forest and Conservation Workers,Speaking,3.0
45-4011.00,Forest and Conservation Workers,Active Learning,3.0
45-4011.00,Forest and Conservation Workers,Writing,2.62
45-4011.00,Forest and Conservation Workers,Learning Strategies,2.62
45-4011.00,Forest and Conservation Workers,Mathematics,2.12
45-4011.00,Forest and Conservation Workers,Science,2.0
45-4021.00,Fallers,Critical Thinking,3.0
45-4021.00,Fallers,Monitoring,3.0
45-4021.00,Fallers,Active Listening,2.62
45-4021.00,Fallers,Speaking,2.62
45-4021.00,Fallers,Mathematics,2.25
45-4021.00,Fallers,Active Learning,2.25
45-4021.00,Fallers,Reading Comprehension,2.0
45-4021.00,Fallers,Writing,2.0
45-4021.00,Fallers,Learning Strategies,1.75
45-4021.00,Fallers,Science,1.62
45-4022.00,Logging Equipment Operators,Active Listening,3.0
45-4022.00,Logging Equipment Operators,Monitoring,3.0
45-4022.00,Logging Equipment Operators,Critical Thinking,2.88
45-4022.00,Logging Equipment Operators,Writing,2.75
45-4022.00,Logging Equipment Operators,Speaking,2.75
45-4022.00,Logging Equipment Operators,Reading Comprehension,2.5
45-4022.00,Logging Equipment Operators,Mathematics,2.38
45-4022.00,Logging Equipment Operators,Active Learning,2.25
45-4022.00,Logging Equipment Operators,Learning Strategies,2.25
45-4022.00,Logging Equipment Operators,Science,1.5
45-4023.00,Log Graders and Scalers,Active Listening,3.25
45-4023.00,Log Graders and Scalers,Critical Thinking,3.25
45-4023.00,Log Graders and Scalers,Speaking,3.12
45-4023.00,Log Graders and Scalers,Writing,3.0
45-4023.00,Log Graders and Scalers,Active Learning,3.0
45-4023.00,Log Graders and Scalers,Monitoring,3.0
45-4023.00,Log Graders and Scalers,Reading Comprehension,2.88
45-4023.00,Log Graders and Scalers,Mathematics,2.75
45-4023.00,Log Graders and Scalers,Learning Strategies,2.38
45-4023.00,Log Graders and Scalers,Science,1.75
47-1011.00,First-Line Supervisors of Construction Trades and Extraction Workers,Active Listening,3.75
47-1011.00,First-Line Supervisors of Construction Trades and Extraction Workers,Speaking,3.75
47-1011.00,First-Line Supervisors of Construction Trades and Extraction Workers,Critical Thinking,3.62
47-1011.00,First-Line Supervisors of Construction Trades and Extraction Workers,Reading Comprehension,3.38
47-1011.00,First-Line Supervisors of Construction Trades and Extraction Workers,Monitoring,3.38
47-1011.00,First-Line Supervisors of Construction Trades and Extraction Workers,Learning Strategies,3.12
47-1011.00,First-Line Supervisors of Construction Trades and Extraction Workers,Writing,3.0
47-1011.00,First-Line Supervisors of Construction Trades and Extraction Workers,Active Learning,3.0
47-1011.00,First-Line Supervisors of Construction Trades and Extraction Workers,Mathematics,2.75
47-1011.00,First-Line Supervisors of Construction Trades and Extraction Workers,Science,1.62
47-1011.03,Solar Energy Installation Managers,Monitoring,3.75
47-1011.03,Solar Energy Installation Managers,Reading Comprehension,3.62
47-1011.03,Solar Energy Installation Managers,Speaking,3.62
47-1011.03,Solar Energy Installation Managers,Active Listening,3.5
47-1011.03,Solar Energy Installation Managers,Critical Thinking,3.5
47-1011.03,Solar Energy Installation Managers,Writing,3.0
47-1011.03,Solar Energy Installation Managers,Active Learning,3.0
47-1011.03,Solar Energy Installation Managers,Learning Strategies,3.0
47-1011.03,Solar Energy Installation Managers,Mathematics,2.75
47-1011.03,Solar Energy Installation Managers,Science,1.88
47-2011.00,Boilermakers,Critical Thinking,3.5
47-2011.00,Boilermakers,Reading Comprehension,3.0
47-2011.00,Boilermakers,Active Listening,3.0
47-2011.00,Boilermakers,Speaking,3.0
47-2011.00,Boilermakers,Active Learning,3.0
47-2011.00,Boilermakers,Monitoring,3.0
47-2011.00,Boilermakers,Learning Strategies,2.75
47-2011.00,Boilermakers,Writing,2.62
47-2011.00,Boilermakers,Mathematics,2.12
47-2011.00,Boilermakers,Science,1.75
47-2021.00,Brickmasons and Blockmasons,Critical Thinking,3.12
47-2021.00,Brickmasons and Blockmasons,Active Listening,3.0
47-2021.00,Brickmasons and Blockmasons,Speaking,3.0
47-2021.00,Brickmasons and Blockmasons,Monitoring,3.0
47-2021.00,Brickmasons and Blockmasons,Mathematics,2.88
47-2021.00,Brickmasons and Blockmasons,Active Learning,2.88
47-2021.00,Brickmasons and Blockmasons,Reading Comprehension,2.75
47-2021.00,Brickmasons and Blockmasons,Writing,2.25
47-2021.00,Brickmasons and Blockmasons,Learning Strategies,2.12
47-2021.00,Brickmasons and Blockmasons,Science,1.75
47-2022.00,Stonemasons,Critical Thinking,3.5
47-2022.00,Stonemasons,Reading Comprehension,3.0
47-2022.00,Stonemasons,Active Listening,3.0
47-2022.00,Stonemasons,Speaking,3.0
47-2022.00,Stonemasons,Mathematics,3.0
47-2022.00,Stonemasons,Monitoring,3.0
47-2022.00,Stonemasons,Active Learning,2.75
47-2022.00,Stonemasons,Writing,2.62
47-2022.00,Stonemasons,Learning Strategies,2.62
47-2022.00,Stonemasons,Science,1.62
47-2031.00,Carpenters,Active Listening,3.38
47-2031.00,Carpenters,Critical Thinking,3.38
47-2031.00,Carpenters,Monitoring,3.38
47-2031.00,Carpenters,Reading Comprehension,3.12
47-2031.00,Carpenters,Speaking,3.12
47-2031.00,Carpenters,Mathematics,3.0
47-2031.00,Carpenters,Active Learning,3.0
47-2031.00,Carpenters,Writing,2.88
47-2031.00,Carpenters,Learning Strategies,2.75
47-2031.00,Carpenters,Science,1.38
47-2041.00,Carpet Installers,Monitoring,3.12
47-2041.00,Carpet Installers,Mathematics,3.0
47-2041.00,Carpet Installers,Critical Thinking,3.0
47-2041.00,Carpet Installers,Active Listening,2.88
47-2041.00,Carpet Installers,Speaking,2.88
47-2041.00,Carpet Installers,Reading Comprehension,2.62
47-2041.00,Carpet Installers,Active Learning,2.62
47-2041.00,Carpet Installers,Learning Strategies,2.38
47-2041.00,Carpet Installers,Writing,2.0
47-2041.00,Carpet Installers,Science,1.0
47-2042.00,"Floor Layers, Except Carpet, Wood, and Hard Tiles",Active Listening,3.12
47-2042.00,"Floor Layers, Except Carpet, Wood, and Hard Tiles",Speaking,3.12
47-2042.00,"Floor Layers, Except Carpet, Wood, and Hard Tiles",Critical Thinking,2.88
47-2042.00,"Floor Layers, Except Carpet, Wood, and Hard Tiles",Monitoring,2.88
47-2042.00,"Floor Layers, Except Carpet, Wood, and Hard Tiles",Active Learning,2.75
47-2042.00,"Floor Layers, Except Carpet, Wood, and Hard Tiles",Reading Comprehension,2.38
47-2042.00,"Floor Layers, Except Carpet, Wood, and Hard Tiles",Writing,2.38
47-2042.00,"Floor Layers, Except Carpet, Wood, and Hard Tiles",Mathematics,2.12
47-2042.00,"Floor Layers, Except Carpet, Wood, and Hard Tiles",Learning Strategies,2.12
47-2042.00,"Floor Layers, Except Carpet, Wood, and Hard Tiles",Science,1.25
47-2043.00,Floor Sanders and Finishers,Active Listening,3.0
47-2043.00,Floor Sanders and Finishers,Monitoring,2.88
47-2043.00,Floor Sanders and Finishers,Speaking,2.75
47-2043.00,Floor Sanders and Finishers,Critical Thinking,2.75
47-2043.00,Floor Sanders and Finishers,Reading Comprehension,2.62
47-2043.00,Floor Sanders and Finishers,Active Learning,2.62
47-2043.00,Floor Sanders and Finishers,Writing,2.12
47-2043.00,Floor Sanders and Finishers,Learning Strategies,2.12
47-2043.00,Floor Sanders and Finishers,Mathematics,2.0
47-2043.00,Floor Sanders and Finishers,Science,1.12
47-2044.00,Tile and Stone Setters,Active Listening,3.12
47-2044.00,Tile and Stone Setters,Speaking,3.0
47-2044.00,Tile and Stone Setters,Mathematics,3.0
47-2044.00,Tile and Stone Setters,Critical Thinking,3.0
47-2044.00,Tile and Stone Setters,Reading Comprehension,2.88
47-2044.00,Tile and Stone Setters,Monitoring,2.75
47-2044.00,Tile and Stone Setters,Active Learning,2.38
47-2044.00,Tile and Stone Setters,Learning Strategies,2.12
47-2044.00,Tile and Stone Setters,Writing,2.0
47-2044.00,Tile and Stone Setters,Science,1.12
47-2051.00,Cement Masons and Concrete Finishers,Monitoring,3.25
47-2051.00,Cement Masons and Concrete Finishers,Speaking,3.12
47-2051.00,Cement Masons and Concrete Finishers,Active Listening,3.0
47-2051.00,Cement Masons and Concrete Finishers,Critical Thinking,3.0
47-2051.00,Cement Masons and Concrete Finishers,Mathematics,2.62
47-2051.00,Cement Masons and Concrete Finishers,Reading Comprehension,2.38
47-2051.00,Cement Masons and Concrete Finishers,Learning Strategies,2.38
47-2051.00,Cement Masons and Concrete Finishers,Active Learning,2.12
47-2051.00,Cement Masons and Concrete Finishers,Writing,2.0
47-2051.00,Cement Masons and Concrete Finishers,Science,1.25
47-2053.00,Terrazzo Workers and Finishers,Speaking,2.88
47-2053.00,Terrazzo Workers and Finishers,Monitoring,2.75
47-2053.00,Terrazzo Workers and Finishers,Critical Thinking,2.62
47-2053.00,Terrazzo Workers and Finishers,Active Listening,2.5
47-2053.00,Terrazzo Workers and Finishers,Mathematics,2.38
47-2053.00,Terrazzo Workers and Finishers,Active Learning,2.38
47-2053.00,Terrazzo Workers and Finishers,Reading Comprehension,2.12
47-2053.00,Terrazzo Workers and Finishers,Learning Strategies,2.12
47-2053.00,Terrazzo Workers and Finishers,Writing,1.88
47-2053.00,Terrazzo Workers and Finishers,Science,1.62
47-2061.00,Construction Laborers,Speaking,3.25
47-2061.00,Construction Laborers,Active Listening,3.12
47-2061.00,Construction Laborers,Reading Comprehension,2.75
47-2061.00,Construction Laborers,Critical Thinking,2.75
47-2061.00,Construction Laborers,Monitoring,2.62
47-2061.00,Construction Laborers,Writing,2.25
47-2061.00,Construction Laborers,Active Learning,2.12
47-2061.00,Construction Laborers,Learning Strategies,2.12
47-2061.00,Construction Laborers,Mathematics,2.0
47-2061.00,Construction Laborers,Science,1.5
47-2071.00,"Paving, Surfacing, and Tamping Equipment Operators",Monitoring,3.25
47-2071.00,"Paving, Surfacing, and Tamping Equipment Operators",Critical Thinking,3.0
47-2071.00,"Paving, Surfacing, and Tamping Equipment Operators",Active Listening,2.88
47-2071.00,"Paving, Surfacing, and Tamping Equipment Operators",Speaking,2.88
47-2071.00,"Paving, Surfacing, and Tamping Equipment Operators",Active Learning,2.62
47-2071.00,"Paving, Surfacing, and Tamping Equipment Operators",Reading Comprehension,2.5
47-2071.00,"Paving, Surfacing, and Tamping Equipment Operators",Learning Strategies,2.25
47-2071.00,"Paving, Surfacing, and Tamping Equipment Operators",Mathematics,2.0
47-2071.00,"Paving, Surfacing, and Tamping Equipment Operators",Writing,1.88
47-2071.00,"Paving, Surfacing, and Tamping Equipment Operators",Science,1.12
47-2072.00,Pile Driver Operators,Monitoring,3.25
47-2072.00,Pile Driver Operators,Active Listening,3.0
47-2072.00,Pile Driver Operators,Critical Thinking,2.88
47-2072.00,Pile Driver Operators,Speaking,2.75
47-2072.00,Pile Driver Operators,Reading Comprehension,2.5
47-2072.00,Pile Driver Operators,Writing,2.25
47-2072.00,Pile Driver Operators,Mathematics,2.12
47-2072.00,Pile Driver Operators,Active Learning,2.0
47-2072.00,Pile Driver Operators,Learning Strategies,1.88
47-2072.00,Pile Driver Operators,Science,1.38
47-2073.00,Operating Engineers and Other Construction Equipment Operators,Monitoring,3.12
47-2073.00,Operating Engineers and Other Construction Equipment Operators,Active Listening,3.0
47-2073.00,Operating Engineers and Other Construction Equipment Operators,Reading Comprehension,2.88
47-2073.00,Operating Engineers and Other Construction Equipment Operators,Speaking,2.88
47-2073.00,Operating Engineers and Other Construction Equipment Operators,Critical Thinking,2.88
47-2073.00,Operating Engineers and Other Construction Equipment Operators,Active Learning,2.88
47-2073.00,Operating Engineers and Other Construction Equipment Operators,Learning Strategies,2.12
47-2073.00,Operating Engineers and Other Construction Equipment Operators,Writing,2.0
47-2073.00,Operating Engineers and Other Construction Equipment Operators,Mathematics,2.0
47-2073.00,Operating Engineers and Other Construction Equipment Operators,Science,1.5
47-2081.00,Drywall and Ceiling Tile Installers,Critical Thinking,3.0
47-2081.00,Drywall and Ceiling Tile Installers,Speaking,2.88
47-2081.00,Drywall and Ceiling Tile Installers,Monitoring,2.88
47-2081.00,Drywall and Ceiling Tile Installers,Reading Comprehension,2.75
47-2081.00,Drywall and Ceiling Tile Installers,Active Listening,2.75
47-2081.00,Drywall and Ceiling Tile Installers,Mathematics,2.25
47-2081.00,Drywall and Ceiling Tile Installers,Writing,2.12
47-2081.00,Drywall and Ceiling Tile Installers,Active Learning,2.12
47-2081.00,Drywall and Ceiling Tile Installers,Learning Strategies,2.0
47-2081.00,Drywall and Ceiling Tile Installers,Science,1.12
47-2082.00,Tapers,Monitoring,2.88
47-2082.00,Tapers,Active Listening,2.75
47-2082.00,Tapers,Speaking,2.62
47-2082.00,Tapers,Critical Thinking,2.5
47-2082.00,Tapers,Reading Comprehension,2.12
47-2082.00,Tapers,Learning Strategies,2.0
47-2082.00,Tapers,Writing,1.88
47-2082.00,Tapers,Active Learning,1.88
47-2082.00,Tapers,Mathematics,1.62
47-2082.00,Tapers,Science,1.0
47-2111.00,Electricians,Active Listening,3.38
47-2111.00,Electricians,Speaking,3.38
47-2111.00,Electricians,Critical Thinking,3.38
47-2111.00,Electricians,Active Learning,3.25
47-2111.00,Electricians,Reading Comprehension,3.12
47-2111.00,Electricians,Monitoring,3.12
47-2111.00,Electricians,Writing,3.0
47-2111.00,Electricians,Mathematics,3.0
47-2111.00,Electricians,Learning Strategies,3.0
47-2111.00,Electricians,Science,2.0
47-2121.00,Glaziers,Reading Comprehension,3.0
47-2121.00,Glaziers,Speaking,3.0
47-2121.00,Glaziers,Critical Thinking,3.0
47-2121.00,Glaziers,Active Listening,2.88
47-2121.00,Glaziers,Monitoring,2.75
47-2121.00,Glaziers,Writing,2.25
47-2121.00,Glaziers,Active Learning,2.25
47-2121.00,Glaziers,Learning Strategies,2.12
47-2121.00,Glaziers,Mathematics,2.0
47-2121.00,Glaziers,Science,1.5
47-2131.00,"Insulation Workers, Floor, Ceiling, and Wall",Active Listening,3.0
47-2131.00,"Insulation Workers, Floor, Ceiling, and Wall",Speaking,3.0
47-2131.00,"Insulation Workers, Floor, Ceiling, and Wall",Critical Thinking,3.0
47-2131.00,"Insulation Workers, Floor, Ceiling, and Wall",Monitoring,2.88
47-2131.00,"Insulation Workers, Floor, Ceiling, and Wall",Reading Comprehension,2.62
47-2131.00,"Insulation Workers, Floor, Ceiling, and Wall",Active Learning,2.62
47-2131.00,"Insulation Workers, Floor, Ceiling, and Wall",Mathematics,2.25
47-2131.00,"Insulation Workers, Floor, Ceiling, and Wall",Writing,2.12
47-2131.00,"Insulation Workers, Floor, Ceiling, and Wall",Learning Strategies,2.12
47-2131.00,"Insulation Workers, Floor, Ceiling, and Wall",Science,1.0
47-2132.00,"Insulation Workers, Mechanical",Active Listening,3.0
47-2132.00,"Insulation Workers, Mechanical",Critical Thinking,3.0
47-2132.00,"Insulation Workers, Mechanical",Monitoring,3.0
47-2132.00,"Insulation Workers, Mechanical",Speaking,2.88
47-2132.00,"Insulation Workers, Mechanical",Reading Comprehension,2.75
47-2132.00,"Insulation Workers, Mechanical",Active Learning,2.75
47-2132.00,"Insulation Workers, Mechanical",Mathematics,2.12
47-2132.00,"Insulation Workers, Mechanical",Learning Strategies,2.12
47-2132.00,"Insulation Workers, Mechanical",Writing,2.0
47-2132.00,"Insulation Workers, Mechanical",Science,1.38
47-2141.00,"Painters, Construction and Maintenance",Active Listening,3.0
47-2141.00,"Painters, Construction and Maintenance",Critical Thinking,3.0
47-2141.00,"Painters, Construction and Maintenance",Monitoring,2.88
47-2141.00,"Painters, Construction and Maintenance",Reading Comprehension,2.75
47-2141.00,"Painters, Construction and Maintenance",Speaking,2.38
47-2141.00,"Painters, Construction and Maintenance",Writing,2.0
47-2141.00,"Painters, Construction and Maintenance",Mathematics,2.0
47-2141.00,"Painters, Construction and Maintenance",Active Learning,2.0
47-2141.00,"Painters, Construction and Maintenance",Learning Strategies,2.0
47-2141.00,"Painters, Construction and Maintenance",Science,1.5
47-2142.00,Paperhangers,Active Listening,3.0
47-2142.00,Paperhangers,Speaking,3.0
47-2142.00,Paperhangers,Critical Thinking,2.88
47-2142.00,Paperhangers,Monitoring,2.75
47-2142.00,Paperhangers,Reading Comprehension,2.38
47-2142.00,Paperhangers,Writing,2.0
47-2142.00,Paperhangers,Mathematics,2.0
47-2142.00,Paperhangers,Active Learning,2.0
47-2142.00,Paperhangers,Learning Strategies,2.0
47-2142.00,Paperhangers,Science,1.25
47-2151.00,Pipelayers,Active Listening,3.0
47-2151.00,Pipelayers,Speaking,3.0
47-2151.00,Pipelayers,Critical Thinking,3.0
47-2151.00,Pipelayers,Reading Comprehension,2.88
47-2151.00,Pipelayers,Monitoring,2.62
47-2151.00,Pipelayers,Learning Strategies,2.12
47-2151.00,Pipelayers,Writing,2.0
47-2151.00,Pipelayers,Mathematics,2.0
47-2151.00,Pipelayers,Active Learning,2.0
47-2151.00,Pipelayers,Science,1.0
47-2152.00,"Plumbers, Pipefitters, and Steamfitters",Critical Thinking,3.5
47-2152.00,"Plumbers, Pipefitters, and Steamfitters",Monitoring,3.12
47-2152.00,"Plumbers, Pipefitters, and Steamfitters",Speaking,3.0
47-2152.00,"Plumbers, Pipefitters, and Steamfitters",Reading Comprehension,2.88
47-2152.00,"Plumbers, Pipefitters, and Steamfitters",Active Listening,2.88
47-2152.00,"Plumbers, Pipefitters, and Steamfitters",Writing,2.75
47-2152.00,"Plumbers, Pipefitters, and Steamfitters",Mathematics,2.62
47-2152.00,"Plumbers, Pipefitters, and Steamfitters",Active Learning,2.62
47-2152.00,"Plumbers, Pipefitters, and Steamfitters",Learning Strategies,2.38
47-2152.00,"Plumbers, Pipefitters, and Steamfitters",Science,1.75
47-2152.04,Solar Thermal Installers and Technicians,Reading Comprehension,3.38
47-2152.04,Solar Thermal Installers and Technicians,Active Listening,3.25
47-2152.04,Solar Thermal Installers and Technicians,Speaking,3.25
47-2152.04,Solar Thermal Installers and Technicians,Critical Thinking,3.25
47-2152.04,Solar Thermal Installers and Technicians,Monitoring,3.25
47-2152.04,Solar Thermal Installers and Technicians,Active Learning,3.0
47-2152.04,Solar Thermal Installers and Technicians,Writing,2.88
47-2152.04,Solar Thermal Installers and Technicians,Mathematics,2.5
47-2152.04,Solar Thermal Installers and Technicians,Learning Strategies,2.5
47-2152.04,Solar Thermal Installers and Technicians,Science,1.5
47-2161.00,Plasterers and Stucco Masons,Active Listening,3.0
47-2161.00,Plasterers and Stucco Masons,Speaking,2.88
47-2161.00,Plasterers and Stucco Masons,Monitoring,2.88
47-2161.00,Plasterers and Stucco Masons,Reading Comprehension,2.75
47-2161.00,Plasterers and Stucco Masons,Critical Thinking,2.75
47-2161.00,Plasterers and Stucco Masons,Active Learning,2.75
47-2161.00,Plasterers and Stucco Masons,Learning Strategies,2.62
47-2161.00,Plasterers and Stucco Masons,Writing,2.12
47-2161.00,Plasterers and Stucco Masons,Mathematics,2.0
47-2161.00,Plasterers and Stucco Masons,Science,1.12
47-2171.00,Reinforcing Iron and Rebar Workers,Critical Thinking,3.0
47-2171.00,Reinforcing Iron and Rebar Workers,Monitoring,2.88
47-2171.00,Reinforcing Iron and Rebar Workers,Reading Comprehension,2.62
47-2171.00,Reinforcing Iron and Rebar Workers,Active Listening,2.62
47-2171.00,Reinforcing Iron and Rebar Workers,Speaking,2.62
47-2171.00,Reinforcing Iron and Rebar Workers,Mathematics,2.38
47-2171.00,Reinforcing Iron and Rebar Workers,Active Learning,2.38
47-2171.00,Reinforcing Iron and Rebar Workers,Learning Strategies,2.25
47-2171.00,Reinforcing Iron and Rebar Workers,Writing,1.88
47-2171.00,Reinforcing Iron and Rebar Workers,Science,1.25
47-2181.00,Roofers,Critical Thinking,3.0
47-2181.00,Roofers,Monitoring,3.0
47-2181.00,Roofers,Active Listening,2.88
47-2181.00,Roofers,Speaking,2.88
47-2181.00,Roofers,Active Learning,2.75
47-2181.00,Roofers,Reading Comprehension,2.62
47-2181.00,Roofers,Mathematics,2.25
47-2181.00,Roofers,Learning Strategies,2.12
47-2181.00,Roofers,Writing,2.0
47-2181.00,Roofers,Science,1.12
47-2211.00,Sheet Metal Workers,Reading Comprehension,3.12
47-2211.00,Sheet Metal Workers,Critical Thinking,3.12
47-2211.00,Sheet Metal Workers,Monitoring,3.12
47-2211.00,Sheet Metal Workers,Active Listening,3.0
47-2211.00,Sheet Metal Workers,Speaking,3.0
47-2211.00,Sheet Metal Workers,Mathematics,3.0
47-2211.00,Sheet Metal Workers,Active Learning,2.88
47-2211.00,Sheet Metal Workers,Learning Strategies,2.5
47-2211.00,Sheet Metal Workers,Writing,2.25
47-2211.00,Sheet Metal Workers,Science,1.62
47-2221.00,Structural Iron and Steel Workers,Active Listening,3.0
47-2221.00,Structural Iron and Steel Workers,Critical Thinking,3.0
47-2221.00,Structural Iron and Steel Workers,Monitoring,3.0
47-2221.00,Structural Iron and Steel Workers,Reading Comprehension,2.88
47-2221.00,Structural Iron and Steel Workers,Speaking,2.88
47-2221.00,Structural Iron and Steel Workers,Active Learning,2.88
47-2221.00,Structural Iron and Steel Workers,Learning Strategies,2.75
47-2221.00,Structural Iron and Steel Workers,Mathematics,2.12
47-2221.00,Structural Iron and Steel Workers,Writing,2.0
47-2221.00,Structural Iron and Steel Workers,Science,1.0
47-2231.00,Solar Photovoltaic Installers,Critical Thinking,3.25
47-2231.00,Solar Photovoltaic Installers,Active Listening,3.12
47-2231.00,Solar Photovoltaic Installers,Monitoring,3.12
47-2231.00,Solar Photovoltaic Installers,Reading Comprehension,3.0
47-2231.00,Solar Photovoltaic Installers,Active Learning,3.0
47-2231.00,Solar Photovoltaic Installers,Speaking,2.88
47-2231.00,Solar Photovoltaic Installers,Mathematics,2.62
47-2231.00,Solar Photovoltaic Installers,Learning Strategies,2.62
47-2231.00,Solar Photovoltaic Installers,Writing,2.25
47-2231.00,Solar Photovoltaic Installers,Science,1.88
47-3011.00,"Helpers--Brickmasons, Blockmasons, Stonemasons, and Tile and Marble Setters",Critical Thinking,3.0
47-3011.00,"Helpers--Brickmasons, Blockmasons, Stonemasons, and Tile and Marble Setters",Monitoring,3.0
47-3011.00,"Helpers--Brickmasons, Blockmasons, Stonemasons, and Tile and Marble Setters",Active Listening,2.88
47-3011.00,"Helpers--Brickmasons, Blockmasons, Stonemasons, and Tile and Marble Setters",Speaking,2.75
47-3011.00,"Helpers--Brickmasons, Blockmasons, Stonemasons, and Tile and Marble Setters",Reading Comprehension,2.38
47-3011.00,"Helpers--Brickmasons, Blockmasons, Stonemasons, and Tile and Marble Setters",Active Learning,2.38
47-3011.00,"Helpers--Brickmasons, Blockmasons, Stonemasons, and Tile and Marble Setters",Mathematics,2.25
47-3011.00,"Helpers--Brickmasons, Blockmasons, Stonemasons, and Tile and Marble Setters",Learning Strategies,2.25
47-3011.00,"Helpers--Brickmasons, Blockmasons, Stonemasons, and Tile and Marble Setters",Writing,2.0
47-3011.00,"Helpers--Brickmasons, Blockmasons, Stonemasons, and Tile and Marble Setters",Science,1.25
47-3012.00,Helpers--Carpenters,Active Listening,3.0
47-3012.00,Helpers--Carpenters,Speaking,3.0
47-3012.00,Helpers--Carpenters,Critical Thinking,3.0
47-3012.00,Helpers--Carpenters,Monitoring,3.0
47-3012.00,Helpers--Carpenters,Reading Comprehension,2.88
47-3012.00,Helpers--Carpenters,Active Learning,2.88
47-3012.00,Helpers--Carpenters,Mathematics,2.38
47-3012.00,Helpers--Carpenters,Writing,2.25
47-3012.00,Helpers--Carpenters,Learning Strategies,2.12
47-3012.00,Helpers--Carpenters,Science,1.0
47-3013.00,Helpers--Electricians,Active Listening,3.25
47-3013.00,Helpers--Electricians,Speaking,3.12
47-3013.00,Helpers--Electricians,Critical Thinking,3.12
47-3013.00,Helpers--Electricians,Active Learning,2.88
47-3013.00,Helpers--Electricians,Monitoring,2.75
47-3013.00,Helpers--Electricians,Reading Comprehension,2.5
47-3013.00,Helpers--Electricians,Writing,2.38
47-3013.00,Helpers--Electricians,Learning Strategies,2.25
47-3013.00,Helpers--Electricians,Mathematics,2.12
47-3013.00,Helpers--Electricians,Science,1.88
47-3014.00,"Helpers--Painters, Paperhangers, Plasterers, and Stucco Masons",Speaking,3.0
47-3014.00,"Helpers--Painters, Paperhangers, Plasterers, and Stucco Masons",Active Listening,2.88
47-3014.00,"Helpers--Painters, Paperhangers, Plasterers, and Stucco Masons",Critical Thinking,2.75
47-3014.00,"Helpers--Painters, Paperhangers, Plasterers, and Stucco Masons",Monitoring,2.75
47-3014.00,"Helpers--Painters, Paperhangers, Plasterers, and Stucco Masons",Active Learning,2.38
47-3014.00,"Helpers--Painters, Paperhangers, Plasterers, and Stucco Masons",Learning Strategies,2.25
47-3014.00,"Helpers--Painters, Paperhangers, Plasterers, and Stucco Masons",Reading Comprehension,2.12
47-3014.00,"Helpers--Painters, Paperhangers, Plasterers, and Stucco Masons",Writing,2.0
47-3014.00,"Helpers--Painters, Paperhangers, Plasterers, and Stucco Masons",Mathematics,1.12
47-3014.00,"Helpers--Painters, Paperhangers, Plasterers, and Stucco Masons",Science,1.12
47-3015.00,"Helpers--Pipelayers, Plumbers, Pipefitters, and Steamfitters",Active Listening,2.88
47-3015.00,"Helpers--Pipelayers, Plumbers, Pipefitters, and Steamfitters",Critical Thinking,2.88
47-3015.00,"Helpers--Pipelayers, Plumbers, Pipefitters, and Steamfitters",Monitoring,2.88
47-3015.00,"Helpers--Pipelayers, Plumbers, Pipefitters, and Steamfitters",Active Learning,2.62
47-3015.00,"Helpers--Pipelayers, Plumbers, Pipefitters, and Steamfitters",Speaking,2.5
47-3015.00,"Helpers--Pipelayers, Plumbers, Pipefitters, and Steamfitters",Reading Comprehension,2.38
47-3015.00,"Helpers--Pipelayers, Plumbers, Pipefitters, and Steamfitters",Mathematics,2.25
47-3015.00,"Helpers--Pipelayers, Plumbers, Pipefitters, and Steamfitters",Writing,2.0
47-3015.00,"Helpers--Pipelayers, Plumbers, Pipefitters, and Steamfitters",Learning Strategies,2.0
47-3015.00,"Helpers--Pipelayers, Plumbers, Pipefitters, and Steamfitters",Science,1.12
47-3016.00,Helpers--Roofers,Active Listening,3.0
47-3016.00,Helpers--Roofers,Monitoring,2.75
47-3016.00,Helpers--Roofers,Speaking,2.62
47-3016.00,Helpers--Roofers,Critical Thinking,2.62
47-3016.00,Helpers--Roofers,Active Learning,2.5
47-3016.00,Helpers--Roofers,Reading Comprehension,2.12
47-3016.00,Helpers--Roofers,Writing,2.0
47-3016.00,Helpers--Roofers,Mathematics,2.0
47-3016.00,Helpers--Roofers,Learning Strategies,2.0
47-3016.00,Helpers--Roofers,Science,1.0
47-4011.00,Construction and Building Inspectors,Reading Comprehension,4.0
47-4011.00,Construction and Building Inspectors,Critical Thinking,3.88
47-4011.00,Construction and Building Inspectors,Active Listening,3.75
47-4011.00,Construction and Building Inspectors,Speaking,3.75
47-4011.00,Construction and Building Inspectors,Writing,3.12
47-4011.00,Construction and Building Inspectors,Active Learning,3.12
47-4011.00,Construction and Building Inspectors,Mathematics,3.0
47-4011.00,Construction and Building Inspectors,Learning Strategies,3.0
47-4011.00,Construction and Building Inspectors,Monitoring,3.0
47-4011.00,Construction and Building Inspectors,Science,2.5
47-4011.01,Energy Auditors,Reading Comprehension,3.88
47-4011.01,Energy Auditors,Speaking,3.88
47-4011.01,Energy Auditors,Active Listening,3.75
47-4011.01,Energy Auditors,Critical Thinking,3.75
47-4011.01,Energy Auditors,Writing,3.62
47-4011.01,Energy Auditors,Mathematics,3.38
47-4011.01,Energy Auditors,Monitoring,3.38
47-4011.01,Energy Auditors,Active Learning,3.12
47-4011.01,Energy Auditors,Learning Strategies,3.0
47-4011.01,Energy Auditors,Science,2.75
47-4021.00,Elevator and Escalator Installers and Repairers,Critical Thinking,3.62
47-4021.00,Elevator and Escalator Installers and Repairers,Active Listening,3.38
47-4021.00,Elevator and Escalator Installers and Repairers,Reading Comprehension,3.12
47-4021.00,Elevator and Escalator Installers and Repairers,Active Learning,3.12
47-4021.00,Elevator and Escalator Installers and Repairers,Monitoring,3.12
47-4021.00,Elevator and Escalator Installers and Repairers,Speaking,3.0
47-4021.00,Elevator and Escalator Installers and Repairers,Writing,2.75
47-4021.00,Elevator and Escalator Installers and Repairers,Learning Strategies,2.38
47-4021.00,Elevator and Escalator Installers and Repairers,Mathematics,2.25
47-4021.00,Elevator and Escalator Installers and Repairers,Science,1.88
47-4031.00,Fence Erectors,Active Listening,3.0
47-4031.00,Fence Erectors,Speaking,3.0
47-4031.00,Fence Erectors,Critical Thinking,3.0
47-4031.00,Fence Erectors,Monitoring,3.0
47-4031.00,Fence Erectors,Reading Comprehension,2.5
47-4031.00,Fence Erectors,Mathematics,2.25
47-4031.00,Fence Erectors,Active Learning,2.25
47-4031.00,Fence Erectors,Learning Strategies,2.25
47-4031.00,Fence Erectors,Writing,2.0
47-4031.00,Fence Erectors,Science,1.12
47-4041.00,Hazardous Materials Removal Workers,Monitoring,3.5
47-4041.00,Hazardous Materials Removal Workers,Critical Thinking,3.25
47-4041.00,Hazardous Materials Removal Workers,Active Listening,3.12
47-4041.00,Hazardous Materials Removal Workers,Reading Comprehension,3.0
47-4041.00,Hazardous Materials Removal Workers,Speaking,3.0
47-4041.00,Hazardous Materials Removal Workers,Active Learning,2.88
47-4041.00,Hazardous Materials Removal Workers,Writing,2.62
47-4041.00,Hazardous Materials Removal Workers,Learning Strategies,2.12
47-4041.00,Hazardous Materials Removal Workers,Mathematics,2.0
47-4041.00,Hazardous Materials Removal Workers,Science,1.75
47-4051.00,Highway Maintenance Workers,Monitoring,3.12
47-4051.00,Highway Maintenance Workers,Active Listening,3.0
47-4051.00,Highway Maintenance Workers,Speaking,3.0
47-4051.00,Highway Maintenance Workers,Critical Thinking,2.88
47-4051.00,Highway Maintenance Workers,Reading Comprehension,2.75
47-4051.00,Highway Maintenance Workers,Active Learning,2.38
47-4051.00,Highway Maintenance Workers,Writing,2.12
47-4051.00,Highway Maintenance Workers,Mathematics,2.12
47-4051.00,Highway Maintenance Workers,Learning Strategies,2.0
47-4051.00,Highway Maintenance Workers,Science,1.0
47-4061.00,Rail-Track Laying and Maintenance Equipment Operators,Active Listening,3.0
47-4061.00,Rail-Track Laying and Maintenance Equipment Operators,Monitoring,3.0
47-4061.00,Rail-Track Laying and Maintenance Equipment Operators,Critical Thinking,2.75
47-4061.00,Rail-Track Laying and Maintenance Equipment Operators,Speaking,2.62
47-4061.00,Rail-Track Laying and Maintenance Equipment Operators,Active Learning,2.5
47-4061.00,Rail-Track Laying and Maintenance Equipment Operators,Learning Strategies,2.5
47-4061.00,Rail-Track Laying and Maintenance Equipment Operators,Reading Comprehension,2.25
47-4061.00,Rail-Track Laying and Maintenance Equipment Operators,Writing,2.12
47-4061.00,Rail-Track Laying and Maintenance Equipment Operators,Mathematics,2.0
47-4061.00,Rail-Track Laying and Maintenance Equipment Operators,Science,1.12
47-4071.00,Septic Tank Servicers and Sewer Pipe Cleaners,Critical Thinking,3.12
47-4071.00,Septic Tank Servicers and Sewer Pipe Cleaners,Active Listening,3.0
47-4071.00,Septic Tank Servicers and Sewer Pipe Cleaners,Monitoring,2.88
47-4071.00,Septic Tank Servicers and Sewer Pipe Cleaners,Reading Comprehension,2.75
47-4071.00,Septic Tank Servicers and Sewer Pipe Cleaners,Speaking,2.75
47-4071.00,Septic Tank Servicers and Sewer Pipe Cleaners,Active Learning,2.75
47-4071.00,Septic Tank Servicers and Sewer Pipe Cleaners,Learning Strategies,2.62
47-4071.00,Septic Tank Servicers and Sewer Pipe Cleaners,Writing,2.5
47-4071.00,Septic Tank Servicers and Sewer Pipe Cleaners,Mathematics,2.38
47-4071.00,Septic Tank Servicers and Sewer Pipe Cleaners,Science,1.25
47-4091.00,Segmental Pavers,Active Listening,3.5
47-4091.00,Segmental Pavers,Speaking,3.5
47-4091.00,Segmental Pavers,Critical Thinking,3.25
47-4091.00,Segmental Pavers,Monitoring,2.88
47-4091.00,Segmental Pavers,Reading Comprehension,2.75
47-4091.00,Segmental Pavers,Writing,2.62
47-4091.00,Segmental Pavers,Active Learning,2.62
47-4091.00,Segmental Pavers,Learning Strategies,2.38
47-4091.00,Segmental Pavers,Mathematics,2.0
47-4091.00,Segmental Pavers,Science,1.12
47-4099.03,Weatherization Installers and Technicians,Monitoring,3.38
47-4099.03,Weatherization Installers and Technicians,Critical Thinking,3.25
47-4099.03,Weatherization Installers and Technicians,Active Listening,3.12
47-4099.03,Weatherization Installers and Technicians,Speaking,3.12
47-4099.03,Weatherization Installers and Technicians,Reading Comprehension,3.0
47-4099.03,Weatherization Installers and Technicians,Writing,2.88
47-4099.03,Weatherization Installers and Technicians,Active Learning,2.88
47-4099.03,Weatherization Installers and Technicians,Mathematics,2.75
47-4099.03,Weatherization Installers and Technicians,Learning Strategies,2.75
47-4099.03,Weatherization Installers and Technicians,Science,2.0
47-5011.00,"Derrick Operators, Oil and Gas",Critical Thinking,3.5
47-5011.00,"Derrick Operators, Oil and Gas",Speaking,3.38
47-5011.00,"Derrick Operators, Oil and Gas",Monitoring,3.38
47-5011.00,"Derrick Operators, Oil and Gas",Active Listening,3.25
47-5011.00,"Derrick Operators, Oil and Gas",Reading Comprehension,2.88
47-5011.00,"Derrick Operators, Oil and Gas",Writing,2.75
47-5011.00,"Derrick Operators, Oil and Gas",Active Learning,2.75
47-5011.00,"Derrick Operators, Oil and Gas",Learning Strategies,2.75
47-5011.00,"Derrick Operators, Oil and Gas",Mathematics,2.38
47-5011.00,"Derrick Operators, Oil and Gas",Science,1.25
47-5012.00,"Rotary Drill Operators, Oil and Gas",Critical Thinking,3.62
47-5012.00,"Rotary Drill Operators, Oil and Gas",Monitoring,3.5
47-5012.00,"Rotary Drill Operators, Oil and Gas",Active Listening,3.38
47-5012.00,"Rotary Drill Operators, Oil and Gas",Speaking,3.25
47-5012.00,"Rotary Drill Operators, Oil and Gas",Reading Comprehension,3.12
47-5012.00,"Rotary Drill Operators, Oil and Gas",Writing,3.0
47-5012.00,"Rotary Drill Operators, Oil and Gas",Learning Strategies,3.0
47-5012.00,"Rotary Drill Operators, Oil and Gas",Active Learning,2.88
47-5012.00,"Rotary Drill Operators, Oil and Gas",Mathematics,2.38
47-5012.00,"Rotary Drill Operators, Oil and Gas",Science,1.25
47-5013.00,"Service Unit Operators, Oil and Gas",Critical Thinking,3.75
47-5013.00,"Service Unit Operators, Oil and Gas",Monitoring,3.62
47-5013.00,"Service Unit Operators, Oil and Gas",Active Listening,3.38
47-5013.00,"Service Unit Operators, Oil and Gas",Reading Comprehension,3.0
47-5013.00,"Service Unit Operators, Oil and Gas",Writing,3.0
47-5013.00,"Service Unit Operators, Oil and Gas",Speaking,3.0
47-5013.00,"Service Unit Operators, Oil and Gas",Active Learning,3.0
47-5013.00,"Service Unit Operators, Oil and Gas",Learning Strategies,2.88
47-5013.00,"Service Unit Operators, Oil and Gas",Mathematics,2.75
47-5013.00,"Service Unit Operators, Oil and Gas",Science,1.38
47-5022.00,"Excavating and Loading Machine and Dragline Operators, Surface Mining",Monitoring,3.12
47-5022.00,"Excavating and Loading Machine and Dragline Operators, Surface Mining",Reading Comprehension,3.0
47-5022.00,"Excavating and Loading Machine and Dragline Operators, Surface Mining",Active Listening,3.0
47-5022.00,"Excavating and Loading Machine and Dragline Operators, Surface Mining",Speaking,3.0
47-5022.00,"Excavating and Loading Machine and Dragline Operators, Surface Mining",Critical Thinking,3.0
47-5022.00,"Excavating and Loading Machine and Dragline Operators, Surface Mining",Active Learning,3.0
47-5022.00,"Excavating and Loading Machine and Dragline Operators, Surface Mining",Writing,2.5
47-5022.00,"Excavating and Loading Machine and Dragline Operators, Surface Mining",Learning Strategies,2.38
47-5022.00,"Excavating and Loading Machine and Dragline Operators, Surface Mining",Mathematics,2.25
47-5022.00,"Excavating and Loading Machine and Dragline Operators, Surface Mining",Science,1.0
47-5023.00,"Earth Drillers, Except Oil and Gas",Critical Thinking,3.25
47-5023.00,"Earth Drillers, Except Oil and Gas",Monitoring,3.12
47-5023.00,"Earth Drillers, Except Oil and Gas",Active Listening,3.0
47-5023.00,"Earth Drillers, Except Oil and Gas",Speaking,3.0
47-5023.00,"Earth Drillers, Except Oil and Gas",Reading Comprehension,2.75
47-5023.00,"Earth Drillers, Except Oil and Gas",Active Learning,2.75
47-5023.00,"Earth Drillers, Except Oil and Gas",Writing,2.38
47-5023.00,"Earth Drillers, Except Oil and Gas",Mathematics,2.25
47-5023.00,"Earth Drillers, Except Oil and Gas",Learning Strategies,2.25
47-5023.00,"Earth Drillers, Except Oil and Gas",Science,1.62
47-5032.00,"Explosives Workers, Ordnance Handling Experts, and Blasters",Active Listening,3.88
47-5032.00,"Explosives Workers, Ordnance Handling Experts, and Blasters",Monitoring,3.75
47-5032.00,"Explosives Workers, Ordnance Handling Experts, and Blasters",Critical Thinking,3.62
47-5032.00,"Explosives Workers, Ordnance Handling Experts, and Blasters",Speaking,3.38
47-5032.00,"Explosives Workers, Ordnance Handling Experts, and Blasters",Reading Comprehension,3.12
47-5032.00,"Explosives Workers, Ordnance Handling Experts, and Blasters",Active Learning,3.12
47-5032.00,"Explosives Workers, Ordnance Handling Experts, and Blasters",Learning Strategies,3.0
47-5032.00,"Explosives Workers, Ordnance Handling Experts, and Blasters",Writing,2.88
47-5032.00,"Explosives Workers, Ordnance Handling Experts, and Blasters",Mathematics,2.5
47-5032.00,"Explosives Workers, Ordnance Handling Experts, and Blasters",Science,1.88
47-5041.00,Continuous Mining Machine Operators,Critical Thinking,3.25
47-5041.00,Continuous Mining Machine Operators,Active Listening,3.0
47-5041.00,Continuous Mining Machine Operators,Speaking,3.0
47-5041.00,Continuous Mining Machine Operators,Monitoring,3.0
47-5041.00,Continuous Mining Machine Operators,Reading Comprehension,2.75
47-5041.00,Continuous Mining Machine Operators,Active Learning,2.75
47-5041.00,Continuous Mining Machine Operators,Learning Strategies,2.38
47-5041.00,Continuous Mining Machine Operators,Writing,2.12
47-5041.00,Continuous Mining Machine Operators,Mathematics,2.0
47-5041.00,Continuous Mining Machine Operators,Science,1.38
47-5043.00,"Roof Bolters, Mining",Critical Thinking,3.38
47-5043.00,"Roof Bolters, Mining",Monitoring,3.25
47-5043.00,"Roof Bolters, Mining",Active Listening,3.12
47-5043.00,"Roof Bolters, Mining",Speaking,3.0
47-5043.00,"Roof Bolters, Mining",Active Learning,2.88
47-5043.00,"Roof Bolters, Mining",Reading Comprehension,2.38
47-5043.00,"Roof Bolters, Mining",Learning Strategies,2.25
47-5043.00,"Roof Bolters, Mining",Writing,2.12
47-5043.00,"Roof Bolters, Mining",Mathematics,2.12
47-5043.00,"Roof Bolters, Mining",Science,1.5
47-5044.00,"Loading and Moving Machine Operators, Underground Mining",Active Listening,3.0
47-5044.00,"Loading and Moving Machine Operators, Underground Mining",Speaking,3.0
47-5044.00,"Loading and Moving Machine Operators, Underground Mining",Critical Thinking,3.0
47-5044.00,"Loading and Moving Machine Operators, Underground Mining",Reading Comprehension,2.88
47-5044.00,"Loading and Moving Machine Operators, Underground Mining",Monitoring,2.88
47-5044.00,"Loading and Moving Machine Operators, Underground Mining",Active Learning,2.12
47-5044.00,"Loading and Moving Machine Operators, Underground Mining",Learning Strategies,2.12
47-5044.00,"Loading and Moving Machine Operators, Underground Mining",Writing,2.0
47-5044.00,"Loading and Moving Machine Operators, Underground Mining",Mathematics,2.0
47-5044.00,"Loading and Moving Machine Operators, Underground Mining",Science,1.0
47-5051.00,"Rock Splitters, Quarry",Active Listening,3.0
47-5051.00,"Rock Splitters, Quarry",Monitoring,2.88
47-5051.00,"Rock Splitters, Quarry",Reading Comprehension,2.75
47-5051.00,"Rock Splitters, Quarry",Critical Thinking,2.75
47-5051.00,"Rock Splitters, Quarry",Speaking,2.62
47-5051.00,"Rock Splitters, Quarry",Writing,2.12
47-5051.00,"Rock Splitters, Quarry",Active Learning,2.12
47-5051.00,"Rock Splitters, Quarry",Learning Strategies,2.0
47-5051.00,"Rock Splitters, Quarry",Mathematics,1.88
47-5051.00,"Rock Splitters, Quarry",Science,1.12
47-5071.00,"Roustabouts, Oil and Gas",Critical Thinking,3.12
47-5071.00,"Roustabouts, Oil and Gas",Monitoring,3.0
47-5071.00,"Roustabouts, Oil and Gas",Active Listening,2.88
47-5071.00,"Roustabouts, Oil and Gas",Speaking,2.75
47-5071.00,"Roustabouts, Oil and Gas",Active Learning,2.5
47-5071.00,"Roustabouts, Oil and Gas",Learning Strategies,2.25
47-5071.00,"Roustabouts, Oil and Gas",Reading Comprehension,2.12
47-5071.00,"Roustabouts, Oil and Gas",Writing,2.12
47-5071.00,"Roustabouts, Oil and Gas",Mathematics,2.0
47-5071.00,"Roustabouts, Oil and Gas",Science,1.0
47-5081.00,Helpers--Extraction Workers,Monitoring,3.75
47-5081.00,Helpers--Extraction Workers,Critical Thinking,3.12
47-5081.00,Helpers--Extraction Workers,Active Listening,3.0
47-5081.00,Helpers--Extraction Workers,Speaking,2.88
47-5081.00,Helpers--Extraction Workers,Active Learning,2.88
47-5081.00,Helpers--Extraction Workers,Reading Comprehension,2.75
47-5081.00,Helpers--Extraction Workers,Learning Strategies,2.62
47-5081.00,Helpers--Extraction Workers,Mathematics,2.5
47-5081.00,Helpers--Extraction Workers,Writing,2.38
47-5081.00,Helpers--Extraction Workers,Science,1.38
49-1011.00,"First-Line Supervisors of Mechanics, Installers, and Repairers",Monitoring,4.0
49-1011.00,"First-Line Supervisors of Mechanics, Installers, and Repairers",Speaking,3.75
49-1011.00,"First-Line Supervisors of Mechanics, Installers, and Repairers",Critical Thinking,3.75
49-1011.00,"First-Line Supervisors of Mechanics, Installers, and Repairers",Reading Comprehension,3.62
49-1011.00,"First-Line Supervisors of Mechanics, Installers, and Repairers",Active Listening,3.62
49-1011.00,"First-Line Supervisors of Mechanics, Installers, and Repairers",Active Learning,3.25
49-1011.00,"First-Line Supervisors of Mechanics, Installers, and Repairers",Learning Strategies,3.12
49-1011.00,"First-Line Supervisors of Mechanics, Installers, and Repairers",Writing,3.0
49-1011.00,"First-Line Supervisors of Mechanics, Installers, and Repairers",Mathematics,2.88
49-1011.00,"First-Line Supervisors of Mechanics, Installers, and Repairers",Science,1.75
49-2011.00,"Computer, Automated Teller, and Office Machine Repairers",Active Listening,3.62
49-2011.00,"Computer, Automated Teller, and Office Machine Repairers",Critical Thinking,3.5
49-2011.00,"Computer, Automated Teller, and Office Machine Repairers",Speaking,3.25
49-2011.00,"Computer, Automated Teller, and Office Machine Repairers",Reading Comprehension,3.12
49-2011.00,"Computer, Automated Teller, and Office Machine Repairers",Writing,3.0
49-2011.00,"Computer, Automated Teller, and Office Machine Repairers",Active Learning,3.0
49-2011.00,"Computer, Automated Teller, and Office Machine Repairers",Monitoring,3.0
49-2011.00,"Computer, Automated Teller, and Office Machine Repairers",Learning Strategies,2.62
49-2011.00,"Computer, Automated Teller, and Office Machine Repairers",Mathematics,1.88
49-2011.00,"Computer, Automated Teller, and Office Machine Repairers",Science,1.88
49-2021.00,"Radio, Cellular, and Tower Equipment Installers and Repairers",Reading Comprehension,3.25
49-2021.00,"Radio, Cellular, and Tower Equipment Installers and Repairers",Active Listening,3.25
49-2021.00,"Radio, Cellular, and Tower Equipment Installers and Repairers",Speaking,3.25
49-2021.00,"Radio, Cellular, and Tower Equipment Installers and Repairers",Critical Thinking,3.25
49-2021.00,"Radio, Cellular, and Tower Equipment Installers and Repairers",Monitoring,3.12
49-2021.00,"Radio, Cellular, and Tower Equipment Installers and Repairers",Writing,3.0
49-2021.00,"Radio, Cellular, and Tower Equipment Installers and Repairers",Active Learning,3.0
49-2021.00,"Radio, Cellular, and Tower Equipment Installers and Repairers",Mathematics,2.75
49-2021.00,"Radio, Cellular, and Tower Equipment Installers and Repairers",Learning Strategies,2.62
49-2021.00,"Radio, Cellular, and Tower Equipment Installers and Repairers",Science,1.75
49-2022.00,"Telecommunications Equipment Installers and Repairers, Except Line Installers",Critical Thinking,3.75
49-2022.00,"Telecommunications Equipment Installers and Repairers, Except Line Installers",Reading Comprehension,3.5
49-2022.00,"Telecommunications Equipment Installers and Repairers, Except Line Installers",Active Listening,3.5
49-2022.00,"Telecommunications Equipment Installers and Repairers, Except Line Installers",Monitoring,3.5
49-2022.00,"Telecommunications Equipment Installers and Repairers, Except Line Installers",Speaking,3.0
49-2022.00,"Telecommunications Equipment Installers and Repairers, Except Line Installers",Active Learning,3.0
49-2022.00,"Telecommunications Equipment Installers and Repairers, Except Line Installers",Writing,2.88
49-2022.00,"Telecommunications Equipment Installers and Repairers, Except Line Installers",Learning Strategies,2.75
49-2022.00,"Telecommunications Equipment Installers and Repairers, Except Line Installers",Mathematics,2.12
49-2022.00,"Telecommunications Equipment Installers and Repairers, Except Line Installers",Science,1.88
49-2091.00,Avionics Technicians,Critical Thinking,3.75
49-2091.00,Avionics Technicians,Active Listening,3.38
49-2091.00,Avionics Technicians,Speaking,3.38
49-2091.00,Avionics Technicians,Reading Comprehension,3.25
49-2091.00,Avionics Technicians,Writing,3.25
49-2091.00,Avionics Technicians,Monitoring,3.12
49-2091.00,Avionics Technicians,Active Learning,3.0
49-2091.00,Avionics Technicians,Science,2.88
49-2091.00,Avionics Technicians,Learning Strategies,2.62
49-2091.00,Avionics Technicians,Mathematics,2.12
49-2092.00,"Electric Motor, Power Tool, and Related Repairers",Critical Thinking,3.75
49-2092.00,"Electric Motor, Power Tool, and Related Repairers",Active Listening,3.12
49-2092.00,"Electric Motor, Power Tool, and Related Repairers",Reading Comprehension,3.0
49-2092.00,"Electric Motor, Power Tool, and Related Repairers",Speaking,3.0
49-2092.00,"Electric Motor, Power Tool, and Related Repairers",Writing,2.88
49-2092.00,"Electric Motor, Power Tool, and Related Repairers",Active Learning,2.88
49-2092.00,"Electric Motor, Power Tool, and Related Repairers",Monitoring,2.88
49-2092.00,"Electric Motor, Power Tool, and Related Repairers",Learning Strategies,2.75
49-2092.00,"Electric Motor, Power Tool, and Related Repairers",Mathematics,2.62
49-2092.00,"Electric Motor, Power Tool, and Related Repairers",Science,2.12
49-2093.00,"Electrical and Electronics Installers and Repairers, Transportation Equipment",Critical Thinking,3.62
49-2093.00,"Electrical and Electronics Installers and Repairers, Transportation Equipment",Active Listening,3.38
49-2093.00,"Electrical and Electronics Installers and Repairers, Transportation Equipment",Reading Comprehension,3.12
49-2093.00,"Electrical and Electronics Installers and Repairers, Transportation Equipment",Monitoring,3.12
49-2093.00,"Electrical and Electronics Installers and Repairers, Transportation Equipment",Writing,3.0
49-2093.00,"Electrical and Electronics Installers and Repairers, Transportation Equipment",Speaking,3.0
49-2093.00,"Electrical and Electronics Installers and Repairers, Transportation Equipment",Active Learning,2.25
49-2093.00,"Electrical and Electronics Installers and Repairers, Transportation Equipment",Mathematics,2.12
49-2093.00,"Electrical and Electronics Installers and Repairers, Transportation Equipment",Science,2.12
49-2093.00,"Electrical and Electronics Installers and Repairers, Transportation Equipment",Learning Strategies,2.12
49-2094.00,"Electrical and Electronics Repairers, Commercial and Industrial Equipment",Critical Thinking,3.75
49-2094.00,"Electrical and Electronics Repairers, Commercial and Industrial Equipment",Reading Comprehension,3.12
49-2094.00,"Electrical and Electronics Repairers, Commercial and Industrial Equipment",Active Listening,3.12
49-2094.00,"Electrical and Electronics Repairers, Commercial and Industrial Equipment",Speaking,3.12
49-2094.00,"Electrical and Electronics Repairers, Commercial and Industrial Equipment",Monitoring,3.12
49-2094.00,"Electrical and Electronics Repairers, Commercial and Industrial Equipment",Writing,3.0
49-2094.00,"Electrical and Electronics Repairers, Commercial and Industrial Equipment",Active Learning,3.0
49-2094.00,"Electrical and Electronics Repairers, Commercial and Industrial Equipment",Learning Strategies,2.88
49-2094.00,"Electrical and Electronics Repairers, Commercial and Industrial Equipment",Mathematics,2.75
49-2094.00,"Electrical and Electronics Repairers, Commercial and Industrial Equipment",Science,2.75
49-2095.00,"Electrical and Electronics Repairers, Powerhouse, Substation, and Relay",Critical Thinking,3.75
49-2095.00,"Electrical and Electronics Repairers, Powerhouse, Substation, and Relay",Reading Comprehension,3.38
49-2095.00,"Electrical and Electronics Repairers, Powerhouse, Substation, and Relay",Active Listening,3.12
49-2095.00,"Electrical and Electronics Repairers, Powerhouse, Substation, and Relay",Speaking,3.12
49-2095.00,"Electrical and Electronics Repairers, Powerhouse, Substation, and Relay",Monitoring,3.0
49-2095.00,"Electrical and Electronics Repairers, Powerhouse, Substation, and Relay",Writing,2.88
49-2095.00,"Electrical and Electronics Repairers, Powerhouse, Substation, and Relay",Active Learning,2.88
49-2095.00,"Electrical and Electronics Repairers, Powerhouse, Substation, and Relay",Science,2.62
49-2095.00,"Electrical and Electronics Repairers, Powerhouse, Substation, and Relay",Mathematics,2.25
49-2095.00,"Electrical and Electronics Repairers, Powerhouse, Substation, and Relay",Learning Strategies,2.25
49-2096.00,"Electronic Equipment Installers and Repairers, Motor Vehicles",Critical Thinking,3.5
49-2096.00,"Electronic Equipment Installers and Repairers, Motor Vehicles",Active Listening,3.38
49-2096.00,"Electronic Equipment Installers and Repairers, Motor Vehicles",Reading Comprehension,3.12
49-2096.00,"Electronic Equipment Installers and Repairers, Motor Vehicles",Speaking,3.0
49-2096.00,"Electronic Equipment Installers and Repairers, Motor Vehicles",Writing,2.88
49-2096.00,"Electronic Equipment Installers and Repairers, Motor Vehicles",Monitoring,2.88
49-2096.00,"Electronic Equipment Installers and Repairers, Motor Vehicles",Active Learning,2.75
49-2096.00,"Electronic Equipment Installers and Repairers, Motor Vehicles",Learning Strategies,2.5
49-2096.00,"Electronic Equipment Installers and Repairers, Motor Vehicles",Mathematics,2.25
49-2096.00,"Electronic Equipment Installers and Repairers, Motor Vehicles",Science,1.88
49-2097.00,Audiovisual Equipment Installers and Repairers,Speaking,3.38
49-2097.00,Audiovisual Equipment Installers and Repairers,Reading Comprehension,3.12
49-2097.00,Audiovisual Equipment Installers and Repairers,Active Listening,3.12
49-2097.00,Audiovisual Equipment Installers and Repairers,Critical Thinking,3.12
49-2097.00,Audiovisual Equipment Installers and Repairers,Active Learning,2.88
49-2097.00,Audiovisual Equipment Installers and Repairers,Monitoring,2.88
49-2097.00,Audiovisual Equipment Installers and Repairers,Writing,2.75
49-2097.00,Audiovisual Equipment Installers and Repairers,Learning Strategies,2.62
49-2097.00,Audiovisual Equipment Installers and Repairers,Mathematics,2.25
49-2097.00,Audiovisual Equipment Installers and Repairers,Science,1.75
49-2098.00,Security and Fire Alarm Systems Installers,Speaking,3.38
49-2098.00,Security and Fire Alarm Systems Installers,Critical Thinking,3.38
49-2098.00,Security and Fire Alarm Systems Installers,Active Listening,3.25
49-2098.00,Security and Fire Alarm Systems Installers,Reading Comprehension,3.12
49-2098.00,Security and Fire Alarm Systems Installers,Monitoring,3.0
49-2098.00,Security and Fire Alarm Systems Installers,Writing,2.88
49-2098.00,Security and Fire Alarm Systems Installers,Active Learning,2.88
49-2098.00,Security and Fire Alarm Systems Installers,Learning Strategies,2.38
49-2098.00,Security and Fire Alarm Systems Installers,Mathematics,2.12
49-2098.00,Security and Fire Alarm Systems Installers,Science,1.75
49-3011.00,Aircraft Mechanics and Service Technicians,Reading Comprehension,4.12
49-3011.00,Aircraft Mechanics and Service Technicians,Critical Thinking,4.0
49-3011.00,Aircraft Mechanics and Service Technicians,Monitoring,3.62
49-3011.00,Aircraft Mechanics and Service Technicians,Active Listening,3.5
49-3011.00,Aircraft Mechanics and Service Technicians,Speaking,3.25
49-3011.00,Aircraft Mechanics and Service Technicians,Active Learning,3.12
49-3011.00,Aircraft Mechanics and Service Technicians,Writing,3.0
49-3011.00,Aircraft Mechanics and Service Technicians,Mathematics,2.88
49-3011.00,Aircraft Mechanics and Service Technicians,Learning Strategies,2.75
49-3011.00,Aircraft Mechanics and Service Technicians,Science,2.38
49-3021.00,Automotive Body and Related Repairers,Active Listening,3.0
49-3021.00,Automotive Body and Related Repairers,Speaking,3.0
49-3021.00,Automotive Body and Related Repairers,Critical Thinking,3.0
49-3021.00,Automotive Body and Related Repairers,Monitoring,3.0
49-3021.00,Automotive Body and Related Repairers,Reading Comprehension,2.88
49-3021.00,Automotive Body and Related Repairers,Active Learning,2.88
49-3021.00,Automotive Body and Related Repairers,Writing,2.38
49-3021.00,Automotive Body and Related Repairers,Learning Strategies,2.25
49-3021.00,Automotive Body and Related Repairers,Mathematics,2.12
49-3021.00,Automotive Body and Related Repairers,Science,1.25
49-3022.00,Automotive Glass Installers and Repairers,Speaking,3.0
49-3022.00,Automotive Glass Installers and Repairers,Active Listening,2.88
49-3022.00,Automotive Glass Installers and Repairers,Critical Thinking,2.88
49-3022.00,Automotive Glass Installers and Repairers,Monitoring,2.88
49-3022.00,Automotive Glass Installers and Repairers,Active Learning,2.62
49-3022.00,Automotive Glass Installers and Repairers,Reading Comprehension,2.5
49-3022.00,Automotive Glass Installers and Repairers,Writing,2.38
49-3022.00,Automotive Glass Installers and Repairers,Learning Strategies,2.38
49-3022.00,Automotive Glass Installers and Repairers,Mathematics,2.0
49-3022.00,Automotive Glass Installers and Repairers,Science,1.5
49-3023.00,Automotive Service Technicians and Mechanics,Critical Thinking,3.5
49-3023.00,Automotive Service Technicians and Mechanics,Active Listening,3.25
49-3023.00,Automotive Service Technicians and Mechanics,Monitoring,3.12
49-3023.00,Automotive Service Technicians and Mechanics,Speaking,3.0
49-3023.00,Automotive Service Technicians and Mechanics,Active Learning,3.0
49-3023.00,Automotive Service Technicians and Mechanics,Reading Comprehension,2.88
49-3023.00,Automotive Service Technicians and Mechanics,Writing,2.62
49-3023.00,Automotive Service Technicians and Mechanics,Learning Strategies,2.62
49-3023.00,Automotive Service Technicians and Mechanics,Mathematics,2.25
49-3023.00,Automotive Service Technicians and Mechanics,Science,1.5
49-3031.00,Bus and Truck Mechanics and Diesel Engine Specialists,Critical Thinking,3.25
49-3031.00,Bus and Truck Mechanics and Diesel Engine Specialists,Speaking,3.12
49-3031.00,Bus and Truck Mechanics and Diesel Engine Specialists,Active Listening,3.0
49-3031.00,Bus and Truck Mechanics and Diesel Engine Specialists,Monitoring,3.0
49-3031.00,Bus and Truck Mechanics and Diesel Engine Specialists,Reading Comprehension,2.88
49-3031.00,Bus and Truck Mechanics and Diesel Engine Specialists,Active Learning,2.75
49-3031.00,Bus and Truck Mechanics and Diesel Engine Specialists,Learning Strategies,2.75
49-3031.00,Bus and Truck Mechanics and Diesel Engine Specialists,Writing,2.62
49-3031.00,Bus and Truck Mechanics and Diesel Engine Specialists,Mathematics,2.0
49-3031.00,Bus and Truck Mechanics and Diesel Engine Specialists,Science,1.75
49-3041.00,Farm Equipment Mechanics and Service Technicians,Critical Thinking,3.5
49-3041.00,Farm Equipment Mechanics and Service Technicians,Active Listening,3.12
49-3041.00,Farm Equipment Mechanics and Service Technicians,Speaking,3.12
49-3041.00,Farm Equipment Mechanics and Service Technicians,Monitoring,3.12
49-3041.00,Farm Equipment Mechanics and Service Technicians,Reading Comprehension,3.0
49-3041.00,Farm Equipment Mechanics and Service Technicians,Active Learning,3.0
49-3041.00,Farm Equipment Mechanics and Service Technicians,Writing,2.88
49-3041.00,Farm Equipment Mechanics and Service Technicians,Learning Strategies,2.75
49-3041.00,Farm Equipment Mechanics and Service Technicians,Mathematics,2.62
49-3041.00,Farm Equipment Mechanics and Service Technicians,Science,2.0
49-3042.00,"Mobile Heavy Equipment Mechanics, Except Engines",Critical Thinking,3.25
49-3042.00,"Mobile Heavy Equipment Mechanics, Except Engines",Reading Comprehension,3.12
49-3042.00,"Mobile Heavy Equipment Mechanics, Except Engines",Active Listening,3.0
49-3042.00,"Mobile Heavy Equipment Mechanics, Except Engines",Writing,3.0
49-3042.00,"Mobile Heavy Equipment Mechanics, Except Engines",Speaking,3.0
49-3042.00,"Mobile Heavy Equipment Mechanics, Except Engines",Active Learning,3.0
49-3042.00,"Mobile Heavy Equipment Mechanics, Except Engines",Monitoring,3.0
49-3042.00,"Mobile Heavy Equipment Mechanics, Except Engines",Mathematics,2.88
49-3042.00,"Mobile Heavy Equipment Mechanics, Except Engines",Learning Strategies,2.62
49-3042.00,"Mobile Heavy Equipment Mechanics, Except Engines",Science,1.88
49-3043.00,Rail Car Repairers,Critical Thinking,3.25
49-3043.00,Rail Car Repairers,Active Listening,3.0
49-3043.00,Rail Car Repairers,Speaking,3.0
49-3043.00,Rail Car Repairers,Reading Comprehension,2.88
49-3043.00,Rail Car Repairers,Writing,2.88
49-3043.00,Rail Car Repairers,Monitoring,2.88
49-3043.00,Rail Car Repairers,Active Learning,2.75
49-3043.00,Rail Car Repairers,Learning Strategies,2.62
49-3043.00,Rail Car Repairers,Mathematics,2.12
49-3043.00,Rail Car Repairers,Science,1.75
49-3051.00,Motorboat Mechanics and Service Technicians,Critical Thinking,3.38
49-3051.00,Motorboat Mechanics and Service Technicians,Active Listening,3.12
49-3051.00,Motorboat Mechanics and Service Technicians,Speaking,3.0
49-3051.00,Motorboat Mechanics and Service Technicians,Monitoring,2.88
49-3051.00,Motorboat Mechanics and Service Technicians,Reading Comprehension,2.75
49-3051.00,Motorboat Mechanics and Service Technicians,Writing,2.5
49-3051.00,Motorboat Mechanics and Service Technicians,Active Learning,2.38
49-3051.00,Motorboat Mechanics and Service Technicians,Mathematics,2.25
49-3051.00,Motorboat Mechanics and Service Technicians,Science,2.0
49-3051.00,Motorboat Mechanics and Service Technicians,Learning Strategies,2.0
49-3052.00,Motorcycle Mechanics,Active Listening,3.12
49-3052.00,Motorcycle Mechanics,Speaking,3.12
49-3052.00,Motorcycle Mechanics,Critical Thinking,3.12
49-3052.00,Motorcycle Mechanics,Active Learning,3.12
49-3052.00,Motorcycle Mechanics,Monitoring,3.12
49-3052.00,Motorcycle Mechanics,Reading Comprehension,3.0
49-3052.00,Motorcycle Mechanics,Writing,2.75
49-3052.00,Motorcycle Mechanics,Learning Strategies,2.62
49-3052.00,Motorcycle Mechanics,Mathematics,2.25
49-3052.00,Motorcycle Mechanics,Science,1.88
49-3053.00,Outdoor Power Equipment and Other Small Engine Mechanics,Critical Thinking,3.25
49-3053.00,Outdoor Power Equipment and Other Small Engine Mechanics,Active Listening,3.12
49-3053.00,Outdoor Power Equipment and Other Small Engine Mechanics,Reading Comprehension,2.88
49-3053.00,Outdoor Power Equipment and Other Small Engine Mechanics,Speaking,2.88
49-3053.00,Outdoor Power Equipment and Other Small Engine Mechanics,Monitoring,2.88
49-3053.00,Outdoor Power Equipment and Other Small Engine Mechanics,Active Learning,2.75
49-3053.00,Outdoor Power Equipment and Other Small Engine Mechanics,Writing,2.62
49-3053.00,Outdoor Power Equipment and Other Small Engine Mechanics,Learning Strategies,2.5
49-3053.00,Outdoor Power Equipment and Other Small Engine Mechanics,Mathematics,2.0
49-3053.00,Outdoor Power Equipment and Other Small Engine Mechanics,Science,1.75
49-3091.00,Bicycle Repairers,Active Listening,3.62
49-3091.00,Bicycle Repairers,Critical Thinking,3.5
49-3091.00,Bicycle Repairers,Reading Comprehension,3.0
49-3091.00,Bicycle Repairers,Speaking,3.0
49-3091.00,Bicycle Repairers,Writing,2.75
49-3091.00,Bicycle Repairers,Monitoring,2.75
49-3091.00,Bicycle Repairers,Active Learning,2.62
49-3091.00,Bicycle Repairers,Learning Strategies,2.62
49-3091.00,Bicycle Repairers,Mathematics,2.0
49-3091.00,Bicycle Repairers,Science,1.0
49-3092.00,Recreational Vehicle Service Technicians,Reading Comprehension,3.0
49-3092.00,Recreational Vehicle Service Technicians,Active Listening,3.0
49-3092.00,Recreational Vehicle Service Technicians,Speaking,3.0
49-3092.00,Recreational Vehicle Service Technicians,Critical Thinking,3.0
49-3092.00,Recreational Vehicle Service Technicians,Active Learning,3.0
49-3092.00,Recreational Vehicle Service Technicians,Monitoring,2.88
49-3092.00,Recreational Vehicle Service Technicians,Writing,2.62
49-3092.00,Recreational Vehicle Service Technicians,Mathematics,2.0
49-3092.00,Recreational Vehicle Service Technicians,Learning Strategies,2.0
49-3092.00,Recreational Vehicle Service Technicians,Science,1.62
49-3093.00,Tire Repairers and Changers,Active Listening,2.88
49-3093.00,Tire Repairers and Changers,Speaking,2.75
49-3093.00,Tire Repairers and Changers,Critical Thinking,2.62
49-3093.00,Tire Repairers and Changers,Reading Comprehension,2.5
49-3093.00,Tire Repairers and Changers,Monitoring,2.5
49-3093.00,Tire Repairers and Changers,Active Learning,2.12
49-3093.00,Tire Repairers and Changers,Writing,2.0
49-3093.00,Tire Repairers and Changers,Mathematics,2.0
49-3093.00,Tire Repairers and Changers,Learning Strategies,2.0
49-3093.00,Tire Repairers and Changers,Science,1.0
49-9011.00,Mechanical Door Repairers,Critical Thinking,3.25
49-9011.00,Mechanical Door Repairers,Active Listening,3.12
49-9011.00,Mechanical Door Repairers,Reading Comprehension,3.0
49-9011.00,Mechanical Door Repairers,Speaking,3.0
49-9011.00,Mechanical Door Repairers,Active Learning,3.0
49-9011.00,Mechanical Door Repairers,Monitoring,3.0
49-9011.00,Mechanical Door Repairers,Writing,2.62
49-9011.00,Mechanical Door Repairers,Mathematics,2.5
49-9011.00,Mechanical Door Repairers,Learning Strategies,2.25
49-9011.00,Mechanical Door Repairers,Science,1.0
49-9012.00,"Control and Valve Installers and Repairers, Except Mechanical Door",Critical Thinking,3.38
49-9012.00,"Control and Valve Installers and Repairers, Except Mechanical Door",Active Listening,3.12
49-9012.00,"Control and Valve Installers and Repairers, Except Mechanical Door",Speaking,3.12
49-9012.00,"Control and Valve Installers and Repairers, Except Mechanical Door",Monitoring,3.12
49-9012.00,"Control and Valve Installers and Repairers, Except Mechanical Door",Reading Comprehension,3.0
49-9012.00,"Control and Valve Installers and Repairers, Except Mechanical Door",Writing,3.0
49-9012.00,"Control and Valve Installers and Repairers, Except Mechanical Door",Active Learning,2.88
49-9012.00,"Control and Valve Installers and Repairers, Except Mechanical Door",Learning Strategies,2.5
49-9012.00,"Control and Valve Installers and Repairers, Except Mechanical Door",Mathematics,2.12
49-9012.00,"Control and Valve Installers and Repairers, Except Mechanical Door",Science,1.75
49-9021.00,"Heating, Air Conditioning, and Refrigeration Mechanics and Installers",Critical Thinking,3.62
49-9021.00,"Heating, Air Conditioning, and Refrigeration Mechanics and Installers",Reading Comprehension,3.25
49-9021.00,"Heating, Air Conditioning, and Refrigeration Mechanics and Installers",Active Listening,3.0
49-9021.00,"Heating, Air Conditioning, and Refrigeration Mechanics and Installers",Speaking,3.0
49-9021.00,"Heating, Air Conditioning, and Refrigeration Mechanics and Installers",Active Learning,3.0
49-9021.00,"Heating, Air Conditioning, and Refrigeration Mechanics and Installers",Monitoring,3.0
49-9021.00,"Heating, Air Conditioning, and Refrigeration Mechanics and Installers",Writing,2.88
49-9021.00,"Heating, Air Conditioning, and Refrigeration Mechanics and Installers",Mathematics,2.62
49-9021.00,"Heating, Air Conditioning, and Refrigeration Mechanics and Installers",Learning Strategies,2.38
49-9021.00,"Heating, Air Conditioning, and Refrigeration Mechanics and Installers",Science,1.88
49-9031.00,Home Appliance Repairers,Critical Thinking,3.75
49-9031.00,Home Appliance Repairers,Speaking,3.5
49-9031.00,Home Appliance Repairers,Active Listening,3.38
49-9031.00,Home Appliance Repairers,Reading Comprehension,3.12
49-9031.00,Home Appliance Repairers,Active Learning,2.88
49-9031.00,Home Appliance Repairers,Monitoring,2.88
49-9031.00,Home Appliance Repairers,Writing,2.75
49-9031.00,Home Appliance Repairers,Mathematics,2.12
49-9031.00,Home Appliance Repairers,Learning Strategies,2.12
49-9031.00,Home Appliance Repairers,Science,1.75
49-9041.00,Industrial Machinery Mechanics,Critical Thinking,3.62
49-9041.00,Industrial Machinery Mechanics,Active Listening,3.12
49-9041.00,Industrial Machinery Mechanics,Active Learning,3.12
49-9041.00,Industrial Machinery Mechanics,Monitoring,3.12
49-9041.00,Industrial Machinery Mechanics,Speaking,3.0
49-9041.00,Industrial Machinery Mechanics,Reading Comprehension,2.88
49-9041.00,Industrial Machinery Mechanics,Writing,2.75
49-9041.00,Industrial Machinery Mechanics,Learning Strategies,2.62
49-9041.00,Industrial Machinery Mechanics,Mathematics,2.38
49-9041.00,Industrial Machinery Mechanics,Science,1.75
49-9043.00,"Maintenance Workers, Machinery",Reading Comprehension,3.0
49-9043.00,"Maintenance Workers, Machinery",Active Listening,3.0
49-9043.00,"Maintenance Workers, Machinery",Critical Thinking,3.0
49-9043.00,"Maintenance Workers, Machinery",Speaking,2.88
49-9043.00,"Maintenance Workers, Machinery",Active Learning,2.75
49-9043.00,"Maintenance Workers, Machinery",Monitoring,2.75
49-9043.00,"Maintenance Workers, Machinery",Writing,2.38
49-9043.00,"Maintenance Workers, Machinery",Learning Strategies,2.12
49-9043.00,"Maintenance Workers, Machinery",Mathematics,2.0
49-9043.00,"Maintenance Workers, Machinery",Science,1.75
49-9044.00,Millwrights,Critical Thinking,3.62
49-9044.00,Millwrights,Active Listening,3.12
49-9044.00,Millwrights,Monitoring,3.12
49-9044.00,Millwrights,Reading Comprehension,3.0
49-9044.00,Millwrights,Speaking,3.0
49-9044.00,Millwrights,Learning Strategies,2.88
49-9044.00,Millwrights,Writing,2.75
49-9044.00,Millwrights,Active Learning,2.75
49-9044.00,Millwrights,Mathematics,2.62
49-9044.00,Millwrights,Science,1.75
49-9045.00,"Refractory Materials Repairers, Except Brickmasons",Active Listening,3.0
49-9045.00,"Refractory Materials Repairers, Except Brickmasons",Reading Comprehension,2.88
49-9045.00,"Refractory Materials Repairers, Except Brickmasons",Critical Thinking,2.88
49-9045.00,"Refractory Materials Repairers, Except Brickmasons",Speaking,2.75
49-9045.00,"Refractory Materials Repairers, Except Brickmasons",Monitoring,2.75
49-9045.00,"Refractory Materials Repairers, Except Brickmasons",Writing,2.5
49-9045.00,"Refractory Materials Repairers, Except Brickmasons",Active Learning,2.38
49-9045.00,"Refractory Materials Repairers, Except Brickmasons",Learning Strategies,2.25
49-9045.00,"Refractory Materials Repairers, Except Brickmasons",Mathematics,2.0
49-9045.00,"Refractory Materials Repairers, Except Brickmasons",Science,1.0
49-9051.00,Electrical Power-Line Installers and Repairers,Active Listening,3.38
49-9051.00,Electrical Power-Line Installers and Repairers,Monitoring,3.25
49-9051.00,Electrical Power-Line Installers and Repairers,Critical Thinking,3.12
49-9051.00,Electrical Power-Line Installers and Repairers,Reading Comprehension,3.0
49-9051.00,Electrical Power-Line Installers and Repairers,Active Learning,3.0
49-9051.00,Electrical Power-Line Installers and Repairers,Speaking,2.88
49-9051.00,Electrical Power-Line Installers and Repairers,Learning Strategies,2.75
49-9051.00,Electrical Power-Line Installers and Repairers,Writing,2.5
49-9051.00,Electrical Power-Line Installers and Repairers,Mathematics,2.0
49-9051.00,Electrical Power-Line Installers and Repairers,Science,1.75
49-9052.00,Telecommunications Line Installers and Repairers,Speaking,3.12
49-9052.00,Telecommunications Line Installers and Repairers,Critical Thinking,3.12
49-9052.00,Telecommunications Line Installers and Repairers,Monitoring,3.12
49-9052.00,Telecommunications Line Installers and Repairers,Reading Comprehension,3.0
49-9052.00,Telecommunications Line Installers and Repairers,Active Listening,3.0
49-9052.00,Telecommunications Line Installers and Repairers,Active Learning,2.62
49-9052.00,Telecommunications Line Installers and Repairers,Writing,2.5
49-9052.00,Telecommunications Line Installers and Repairers,Mathematics,2.12
49-9052.00,Telecommunications Line Installers and Repairers,Learning Strategies,2.0
49-9052.00,Telecommunications Line Installers and Repairers,Science,1.38
49-9061.00,Camera and Photographic Equipment Repairers,Critical Thinking,3.5
49-9061.00,Camera and Photographic Equipment Repairers,Reading Comprehension,3.12
49-9061.00,Camera and Photographic Equipment Repairers,Active Listening,3.12
49-9061.00,Camera and Photographic Equipment Repairers,Speaking,3.0
49-9061.00,Camera and Photographic Equipment Repairers,Active Learning,3.0
49-9061.00,Camera and Photographic Equipment Repairers,Monitoring,2.88
49-9061.00,Camera and Photographic Equipment Repairers,Writing,2.62
49-9061.00,Camera and Photographic Equipment Repairers,Learning Strategies,2.62
49-9061.00,Camera and Photographic Equipment Repairers,Mathematics,2.38
49-9061.00,Camera and Photographic Equipment Repairers,Science,2.12
49-9062.00,Medical Equipment Repairers,Reading Comprehension,3.12
49-9062.00,Medical Equipment Repairers,Critical Thinking,3.12
49-9062.00,Medical Equipment Repairers,Active Listening,3.0
49-9062.00,Medical Equipment Repairers,Active Learning,3.0
49-9062.00,Medical Equipment Repairers,Speaking,2.88
49-9062.00,Medical Equipment Repairers,Mathematics,2.88
49-9062.00,Medical Equipment Repairers,Monitoring,2.88
49-9062.00,Medical Equipment Repairers,Writing,2.75
49-9062.00,Medical Equipment Repairers,Learning Strategies,2.62
49-9062.00,Medical Equipment Repairers,Science,2.12
49-9063.00,Musical Instrument Repairers and Tuners,Critical Thinking,3.62
49-9063.00,Musical Instrument Repairers and Tuners,Reading Comprehension,3.0
49-9063.00,Musical Instrument Repairers and Tuners,Active Listening,3.0
49-9063.00,Musical Instrument Repairers and Tuners,Speaking,3.0
49-9063.00,Musical Instrument Repairers and Tuners,Monitoring,2.88
49-9063.00,Musical Instrument Repairers and Tuners,Writing,2.75
49-9063.00,Musical Instrument Repairers and Tuners,Active Learning,2.75
49-9063.00,Musical Instrument Repairers and Tuners,Learning Strategies,2.38
49-9063.00,Musical Instrument Repairers and Tuners,Mathematics,2.0
49-9063.00,Musical Instrument Repairers and Tuners,Science,1.62
49-9064.00,Watch and Clock Repairers,Critical Thinking,3.12
49-9064.00,Watch and Clock Repairers,Active Listening,3.0
49-9064.00,Watch and Clock Repairers,Speaking,3.0
49-9064.00,Watch and Clock Repairers,Reading Comprehension,2.88
49-9064.00,Watch and Clock Repairers,Monitoring,2.62
49-9064.00,Watch and Clock Repairers,Writing,2.25
49-9064.00,Watch and Clock Repairers,Active Learning,2.25
49-9064.00,Watch and Clock Repairers,Mathematics,2.0
49-9064.00,Watch and Clock Repairers,Learning Strategies,2.0
49-9064.00,Watch and Clock Repairers,Science,1.75
49-9071.00,"Maintenance and Repair Workers, General",Critical Thinking,3.25
49-9071.00,"Maintenance and Repair Workers, General",Active Learning,3.12
49-9071.00,"Maintenance and Repair Workers, General",Monitoring,3.12
49-9071.00,"Maintenance and Repair Workers, General",Reading Comprehension,3.0
49-9071.00,"Maintenance and Repair Workers, General",Active Listening,3.0
49-9071.00,"Maintenance and Repair Workers, General",Speaking,3.0
49-9071.00,"Maintenance and Repair Workers, General",Writing,2.88
49-9071.00,"Maintenance and Repair Workers, General",Mathematics,2.38
49-9071.00,"Maintenance and Repair Workers, General",Learning Strategies,2.25
49-9071.00,"Maintenance and Repair Workers, General",Science,1.88
49-9081.00,Wind Turbine Service Technicians,Critical Thinking,3.5
49-9081.00,Wind Turbine Service Technicians,Reading Comprehension,3.25
49-9081.00,Wind Turbine Service Technicians,Monitoring,3.25
49-9081.00,Wind Turbine Service Technicians,Active Listening,3.12
49-9081.00,Wind Turbine Service Technicians,Speaking,3.12
49-9081.00,Wind Turbine Service Technicians,Active Learning,3.12
49-9081.00,Wind Turbine Service Technicians,Learning Strategies,3.0
49-9081.00,Wind Turbine Service Technicians,Writing,2.88
49-9081.00,Wind Turbine Service Technicians,Mathematics,2.12
49-9081.00,Wind Turbine Service Technicians,Science,2.0
49-9091.00,"Coin, Vending, and Amusement Machine Servicers and Repairers",Reading Comprehension,2.88
49-9091.00,"Coin, Vending, and Amusement Machine Servicers and Repairers",Active Listening,2.88
49-9091.00,"Coin, Vending, and Amusement Machine Servicers and Repairers",Speaking,2.88
49-9091.00,"Coin, Vending, and Amusement Machine Servicers and Repairers",Critical Thinking,2.88
49-9091.00,"Coin, Vending, and Amusement Machine Servicers and Repairers",Monitoring,2.88
49-9091.00,"Coin, Vending, and Amusement Machine Servicers and Repairers",Writing,2.62
49-9091.00,"Coin, Vending, and Amusement Machine Servicers and Repairers",Active Learning,2.62
49-9091.00,"Coin, Vending, and Amusement Machine Servicers and Repairers",Mathematics,2.0
49-9091.00,"Coin, Vending, and Amusement Machine Servicers and Repairers",Learning Strategies,1.88
49-9091.00,"Coin, Vending, and Amusement Machine Servicers and Repairers",Science,1.62
49-9092.00,Commercial Divers,Active Listening,3.62
49-9092.00,Commercial Divers,Critical Thinking,3.62
49-9092.00,Commercial Divers,Speaking,3.5
49-9092.00,Commercial Divers,Reading Comprehension,3.12
49-9092.00,Commercial Divers,Writing,3.0
49-9092.00,Commercial Divers,Active Learning,3.0
49-9092.00,Commercial Divers,Monitoring,3.0
49-9092.00,Commercial Divers,Learning Strategies,2.88
49-9092.00,Commercial Divers,Science,2.5
49-9092.00,Commercial Divers,Mathematics,2.0
49-9094.00,Locksmiths and Safe Repairers,Critical Thinking,3.38
49-9094.00,Locksmiths and Safe Repairers,Active Listening,3.12
49-9094.00,Locksmiths and Safe Repairers,Speaking,3.12
49-9094.00,Locksmiths and Safe Repairers,Reading Comprehension,3.0
49-9094.00,Locksmiths and Safe Repairers,Writing,2.75
49-9094.00,Locksmiths and Safe Repairers,Mathematics,2.62
49-9094.00,Locksmiths and Safe Repairers,Active Learning,2.62
49-9094.00,Locksmiths and Safe Repairers,Monitoring,2.62
49-9094.00,Locksmiths and Safe Repairers,Learning Strategies,2.38
49-9094.00,Locksmiths and Safe Repairers,Science,1.0
49-9095.00,Manufactured Building and Mobile Home Installers,Critical Thinking,3.75
49-9095.00,Manufactured Building and Mobile Home Installers,Monitoring,3.5
49-9095.00,Manufactured Building and Mobile Home Installers,Active Listening,3.38
49-9095.00,Manufactured Building and Mobile Home Installers,Speaking,3.38
49-9095.00,Manufactured Building and Mobile Home Installers,Active Learning,3.38
49-9095.00,Manufactured Building and Mobile Home Installers,Learning Strategies,3.38
49-9095.00,Manufactured Building and Mobile Home Installers,Reading Comprehension,3.12
49-9095.00,Manufactured Building and Mobile Home Installers,Writing,2.62
49-9095.00,Manufactured Building and Mobile Home Installers,Mathematics,2.62
49-9095.00,Manufactured Building and Mobile Home Installers,Science,1.62
49-9096.00,Riggers,Reading Comprehension,3.12
49-9096.00,Riggers,Active Listening,3.12
49-9096.00,Riggers,Critical Thinking,3.12
49-9096.00,Riggers,Monitoring,3.12
49-9096.00,Riggers,Speaking,3.0
49-9096.00,Riggers,Active Learning,2.62
49-9096.00,Riggers,Writing,2.38
49-9096.00,Riggers,Mathematics,1.62
49-9096.00,Riggers,Learning Strategies,1.62
49-9096.00,Riggers,Science,1.38
49-9097.00,Signal and Track Switch Repairers,Critical Thinking,3.75
49-9097.00,Signal and Track Switch Repairers,Active Listening,3.0
49-9097.00,Signal and Track Switch Repairers,Reading Comprehension,2.88
49-9097.00,Signal and Track Switch Repairers,Writing,2.88
49-9097.00,Signal and Track Switch Repairers,Speaking,2.88
49-9097.00,Signal and Track Switch Repairers,Active Learning,2.88
49-9097.00,Signal and Track Switch Repairers,Monitoring,2.88
49-9097.00,Signal and Track Switch Repairers,Learning Strategies,2.62
49-9097.00,Signal and Track Switch Repairers,Mathematics,2.5
49-9097.00,Signal and Track Switch Repairers,Science,1.75
49-9098.00,"Helpers--Installation, Maintenance, and Repair Workers",Active Listening,3.12
49-9098.00,"Helpers--Installation, Maintenance, and Repair Workers",Critical Thinking,3.12
49-9098.00,"Helpers--Installation, Maintenance, and Repair Workers",Monitoring,3.12
49-9098.00,"Helpers--Installation, Maintenance, and Repair Workers",Speaking,3.0
49-9098.00,"Helpers--Installation, Maintenance, and Repair Workers",Reading Comprehension,2.62
49-9098.00,"Helpers--Installation, Maintenance, and Repair Workers",Active Learning,2.62
49-9098.00,"Helpers--Installation, Maintenance, and Repair Workers",Learning Strategies,2.5
49-9098.00,"Helpers--Installation, Maintenance, and Repair Workers",Writing,2.12
49-9098.00,"Helpers--Installation, Maintenance, and Repair Workers",Mathematics,2.0
49-9098.00,"Helpers--Installation, Maintenance, and Repair Workers",Science,1.12
49-9099.01,Geothermal Technicians,Monitoring,3.75
49-9099.01,Geothermal Technicians,Reading Comprehension,3.25
49-9099.01,Geothermal Technicians,Critical Thinking,3.25
49-9099.01,Geothermal Technicians,Active Learning,3.12
49-9099.01,Geothermal Technicians,Active Listening,3.0
49-9099.01,Geothermal Technicians,Writing,3.0
49-9099.01,Geothermal Technicians,Speaking,3.0
49-9099.01,Geothermal Technicians,Mathematics,2.75
49-9099.01,Geothermal Technicians,Science,2.12
49-9099.01,Geothermal Technicians,Learning Strategies,2.12
51-1011.00,First-Line Supervisors of Production and Operating Workers,Active Listening,3.88
51-1011.00,First-Line Supervisors of Production and Operating Workers,Speaking,3.88
51-1011.00,First-Line Supervisors of Production and Operating Workers,Critical Thinking,3.75
51-1011.00,First-Line Supervisors of Production and Operating Workers,Monitoring,3.75
51-1011.00,First-Line Supervisors of Production and Operating Workers,Reading Comprehension,3.5
51-1011.00,First-Line Supervisors of Production and Operating Workers,Writing,3.12
51-1011.00,First-Line Supervisors of Production and Operating Workers,Active Learning,3.12
51-1011.00,First-Line Supervisors of Production and Operating Workers,Learning Strategies,3.12
51-1011.00,First-Line Supervisors of Production and Operating Workers,Mathematics,2.38
51-1011.00,First-Line Supervisors of Production and Operating Workers,Science,1.5
51-2011.00,"Aircraft Structure, Surfaces, Rigging, and Systems Assemblers",Active Listening,3.12
51-2011.00,"Aircraft Structure, Surfaces, Rigging, and Systems Assemblers",Critical Thinking,3.12
51-2011.00,"Aircraft Structure, Surfaces, Rigging, and Systems Assemblers",Monitoring,3.12
51-2011.00,"Aircraft Structure, Surfaces, Rigging, and Systems Assemblers",Reading Comprehension,3.0
51-2011.00,"Aircraft Structure, Surfaces, Rigging, and Systems Assemblers",Speaking,3.0
51-2011.00,"Aircraft Structure, Surfaces, Rigging, and Systems Assemblers",Active Learning,2.88
51-2011.00,"Aircraft Structure, Surfaces, Rigging, and Systems Assemblers",Writing,2.75
51-2011.00,"Aircraft Structure, Surfaces, Rigging, and Systems Assemblers",Learning Strategies,2.62
51-2011.00,"Aircraft Structure, Surfaces, Rigging, and Systems Assemblers",Mathematics,2.5
51-2011.00,"Aircraft Structure, Surfaces, Rigging, and Systems Assemblers",Science,1.75
51-2021.00,"Coil Winders, Tapers, and Finishers",Monitoring,3.12
51-2021.00,"Coil Winders, Tapers, and Finishers",Active Listening,3.0
51-2021.00,"Coil Winders, Tapers, and Finishers",Reading Comprehension,2.88
51-2021.00,"Coil Winders, Tapers, and Finishers",Speaking,2.88
51-2021.00,"Coil Winders, Tapers, and Finishers",Critical Thinking,2.88
51-2021.00,"Coil Winders, Tapers, and Finishers",Active Learning,2.25
51-2021.00,"Coil Winders, Tapers, and Finishers",Writing,2.12
51-2021.00,"Coil Winders, Tapers, and Finishers",Learning Strategies,2.0
51-2021.00,"Coil Winders, Tapers, and Finishers",Mathematics,1.75
51-2021.00,"Coil Winders, Tapers, and Finishers",Science,1.0
51-2022.00,Electrical and Electronic Equipment Assemblers,Reading Comprehension,3.12
51-2022.00,Electrical and Electronic Equipment Assemblers,Critical Thinking,3.0
51-2022.00,Electrical and Electronic Equipment Assemblers,Active Listening,2.88
51-2022.00,Electrical and Electronic Equipment Assemblers,Monitoring,2.88
51-2022.00,Electrical and Electronic Equipment Assemblers,Speaking,2.62
51-2022.00,Electrical and Electronic Equipment Assemblers,Active Learning,2.62
51-2022.00,Electrical and Electronic Equipment Assemblers,Writing,2.38
51-2022.00,Electrical and Electronic Equipment Assemblers,Mathematics,2.0
51-2022.00,Electrical and Electronic Equipment Assemblers,Learning Strategies,2.0
51-2022.00,Electrical and Electronic Equipment Assemblers,Science,1.62
51-2023.00,Electromechanical Equipment Assemblers,Reading Comprehension,3.0
51-2023.00,Electromechanical Equipment Assemblers,Speaking,3.0
51-2023.00,Electromechanical Equipment Assemblers,Critical Thinking,3.0
51-2023.00,Electromechanical Equipment Assemblers,Active Listening,2.88
51-2023.00,Electromechanical Equipment Assemblers,Monitoring,2.88
51-2023.00,Electromechanical Equipment Assemblers,Writing,2.5
51-2023.00,Electromechanical Equipment Assemblers,Active Learning,2.38
51-2023.00,Electromechanical Equipment Assemblers,Mathematics,2.0
51-2023.00,Electromechanical Equipment Assemblers,Science,2.0
51-2023.00,Electromechanical Equipment Assemblers,Learning Strategies,1.88
51-2031.00,Engine and Other Machine Assemblers,Reading Comprehension,3.12
51-2031.00,Engine and Other Machine Assemblers,Active Listening,3.0
51-2031.00,Engine and Other Machine Assemblers,Speaking,3.0
51-2031.00,Engine and Other Machine Assemblers,Critical Thinking,3.0
51-2031.00,Engine and Other Machine Assemblers,Monitoring,3.0
51-2031.00,Engine and Other Machine Assemblers,Active Learning,2.38
51-2031.00,Engine and Other Machine Assemblers,Writing,2.25
51-2031.00,Engine and Other Machine Assemblers,Mathematics,2.0
51-2031.00,Engine and Other Machine Assemblers,Learning Strategies,2.0
51-2031.00,Engine and Other Machine Assemblers,Science,1.88
51-2041.00,Structural Metal Fabricators and Fitters,Reading Comprehension,3.0
51-2041.00,Structural Metal Fabricators and Fitters,Active Listening,3.0
51-2041.00,Structural Metal Fabricators and Fitters,Speaking,3.0
51-2041.00,Structural Metal Fabricators and Fitters,Critical Thinking,3.0
51-2041.00,Structural Metal Fabricators and Fitters,Monitoring,2.88
51-2041.00,Structural Metal Fabricators and Fitters,Writing,2.25
51-2041.00,Structural Metal Fabricators and Fitters,Active Learning,2.25
51-2041.00,Structural Metal Fabricators and Fitters,Mathematics,2.12
51-2041.00,Structural Metal Fabricators and Fitters,Science,1.75
51-2041.00,Structural Metal Fabricators and Fitters,Learning Strategies,1.75
51-2051.00,Fiberglass Laminators and Fabricators,Monitoring,3.12
51-2051.00,Fiberglass Laminators and Fabricators,Reading Comprehension,3.0
51-2051.00,Fiberglass Laminators and Fabricators,Active Listening,3.0
51-2051.00,Fiberglass Laminators and Fabricators,Speaking,3.0
51-2051.00,Fiberglass Laminators and Fabricators,Writing,2.88
51-2051.00,Fiberglass Laminators and Fabricators,Critical Thinking,2.88
51-2051.00,Fiberglass Laminators and Fabricators,Active Learning,2.88
51-2051.00,Fiberglass Laminators and Fabricators,Learning Strategies,2.62
51-2051.00,Fiberglass Laminators and Fabricators,Mathematics,2.38
51-2051.00,Fiberglass Laminators and Fabricators,Science,1.75
51-2061.00,Timing Device Assemblers and Adjusters,Active Listening,2.88
51-2061.00,Timing Device Assemblers and Adjusters,Critical Thinking,2.88
51-2061.00,Timing Device Assemblers and Adjusters,Monitoring,2.88
51-2061.00,Timing Device Assemblers and Adjusters,Reading Comprehension,2.75
51-2061.00,Timing Device Assemblers and Adjusters,Speaking,2.75
51-2061.00,Timing Device Assemblers and Adjusters,Writing,2.5
51-2061.00,Timing Device Assemblers and Adjusters,Active Learning,2.12
51-2061.00,Timing Device Assemblers and Adjusters,Learning Strategies,2.12
51-2061.00,Timing Device Assemblers and Adjusters,Mathematics,2.0
51-2061.00,Timing Device Assemblers and Adjusters,Science,2.0
51-2092.00,Team Assemblers,Active Listening,3.12
51-2092.00,Team Assemblers,Monitoring,3.12
51-2092.00,Team Assemblers,Reading Comprehension,3.0
51-2092.00,Team Assemblers,Speaking,3.0
51-2092.00,Team Assemblers,Critical Thinking,3.0
51-2092.00,Team Assemblers,Writing,2.75
51-2092.00,Team Assemblers,Learning Strategies,2.38
51-2092.00,Team Assemblers,Active Learning,2.25
51-2092.00,Team Assemblers,Mathematics,2.0
51-2092.00,Team Assemblers,Science,1.0
51-3011.00,Bakers,Active Listening,3.0
51-3011.00,Bakers,Reading Comprehension,2.88
51-3011.00,Bakers,Speaking,2.88
51-3011.00,Bakers,Critical Thinking,2.88
51-3011.00,Bakers,Monitoring,2.88
51-3011.00,Bakers,Active Learning,2.62
51-3011.00,Bakers,Mathematics,2.12
51-3011.00,Bakers,Writing,2.0
51-3011.00,Bakers,Learning Strategies,2.0
51-3011.00,Bakers,Science,1.62
51-3021.00,Butchers and Meat Cutters,Active Listening,3.12
51-3021.00,Butchers and Meat Cutters,Reading Comprehension,3.0
51-3021.00,Butchers and Meat Cutters,Speaking,3.0
51-3021.00,Butchers and Meat Cutters,Critical Thinking,3.0
51-3021.00,Butchers and Meat Cutters,Monitoring,3.0
51-3021.00,Butchers and Meat Cutters,Active Learning,2.5
51-3021.00,Butchers and Meat Cutters,Mathematics,2.38
51-3021.00,Butchers and Meat Cutters,Writing,2.25
51-3021.00,Butchers and Meat Cutters,Learning Strategies,2.25
51-3021.00,Butchers and Meat Cutters,Science,1.25
51-3022.00,"Meat, Poultry, and Fish Cutters and Trimmers",Active Listening,3.12
51-3022.00,"Meat, Poultry, and Fish Cutters and Trimmers",Speaking,3.0
51-3022.00,"Meat, Poultry, and Fish Cutters and Trimmers",Critical Thinking,3.0
51-3022.00,"Meat, Poultry, and Fish Cutters and Trimmers",Monitoring,3.0
51-3022.00,"Meat, Poultry, and Fish Cutters and Trimmers",Reading Comprehension,2.38
51-3022.00,"Meat, Poultry, and Fish Cutters and Trimmers",Active Learning,2.38
51-3022.00,"Meat, Poultry, and Fish Cutters and Trimmers",Mathematics,2.25
51-3022.00,"Meat, Poultry, and Fish Cutters and Trimmers",Learning Strategies,2.25
51-3022.00,"Meat, Poultry, and Fish Cutters and Trimmers",Writing,2.12
51-3022.00,"Meat, Poultry, and Fish Cutters and Trimmers",Science,1.0
51-3023.00,Slaughterers and Meat Packers,Speaking,2.75
51-3023.00,Slaughterers and Meat Packers,Active Listening,2.62
51-3023.00,Slaughterers and Meat Packers,Critical Thinking,2.38
51-3023.00,Slaughterers and Meat Packers,Monitoring,2.25
51-3023.00,Slaughterers and Meat Packers,Active Learning,2.0
51-3023.00,Slaughterers and Meat Packers,Learning Strategies,2.0
51-3023.00,Slaughterers and Meat Packers,Reading Comprehension,1.88
51-3023.00,Slaughterers and Meat Packers,Writing,1.75
51-3023.00,Slaughterers and Meat Packers,Mathematics,1.75
51-3023.00,Slaughterers and Meat Packers,Science,1.0
51-3091.00,"Food and Tobacco Roasting, Baking, and Drying Machine Operators and Tenders",Monitoring,3.5
51-3091.00,"Food and Tobacco Roasting, Baking, and Drying Machine Operators and Tenders",Reading Comprehension,3.12
51-3091.00,"Food and Tobacco Roasting, Baking, and Drying Machine Operators and Tenders",Active Listening,3.12
51-3091.00,"Food and Tobacco Roasting, Baking, and Drying Machine Operators and Tenders",Critical Thinking,3.12
51-3091.00,"Food and Tobacco Roasting, Baking, and Drying Machine Operators and Tenders",Speaking,3.0
51-3091.00,"Food and Tobacco Roasting, Baking, and Drying Machine Operators and Tenders",Writing,2.88
51-3091.00,"Food and Tobacco Roasting, Baking, and Drying Machine Operators and Tenders",Active Learning,2.5
51-3091.00,"Food and Tobacco Roasting, Baking, and Drying Machine Operators and Tenders",Learning Strategies,2.5
51-3091.00,"Food and Tobacco Roasting, Baking, and Drying Machine Operators and Tenders",Science,1.75
51-3091.00,"Food and Tobacco Roasting, Baking, and Drying Machine Operators and Tenders",Mathematics,1.5
51-3092.00,Food Batchmakers,Reading Comprehension,3.12
51-3092.00,Food Batchmakers,Critical Thinking,3.12
51-3092.00,Food Batchmakers,Active Listening,3.0
51-3092.00,Food Batchmakers,Speaking,3.0
51-3092.00,Food Batchmakers,Writing,2.88
51-3092.00,Food Batchmakers,Monitoring,2.88
51-3092.00,Food Batchmakers,Mathematics,2.75
51-3092.00,Food Batchmakers,Active Learning,2.75
51-3092.00,Food Batchmakers,Learning Strategies,2.12
51-3092.00,Food Batchmakers,Science,2.0
51-3093.00,Food Cooking Machine Operators and Tenders,Reading Comprehension,3.12
51-3093.00,Food Cooking Machine Operators and Tenders,Monitoring,3.12
51-3093.00,Food Cooking Machine Operators and Tenders,Active Listening,3.0
51-3093.00,Food Cooking Machine Operators and Tenders,Critical Thinking,3.0
51-3093.00,Food Cooking Machine Operators and Tenders,Writing,2.75
51-3093.00,Food Cooking Machine Operators and Tenders,Speaking,2.62
51-3093.00,Food Cooking Machine Operators and Tenders,Active Learning,2.62
51-3093.00,Food Cooking Machine Operators and Tenders,Learning Strategies,2.12
51-3093.00,Food Cooking Machine Operators and Tenders,Mathematics,2.0
51-3093.00,Food Cooking Machine Operators and Tenders,Science,1.88
51-4021.00,"Extruding and Drawing Machine Setters, Operators, and Tenders, Metal and Plastic",Monitoring,3.25
51-4021.00,"Extruding and Drawing Machine Setters, Operators, and Tenders, Metal and Plastic",Speaking,3.0
51-4021.00,"Extruding and Drawing Machine Setters, Operators, and Tenders, Metal and Plastic",Critical Thinking,3.0
51-4021.00,"Extruding and Drawing Machine Setters, Operators, and Tenders, Metal and Plastic",Active Listening,2.88
51-4021.00,"Extruding and Drawing Machine Setters, Operators, and Tenders, Metal and Plastic",Reading Comprehension,2.75
51-4021.00,"Extruding and Drawing Machine Setters, Operators, and Tenders, Metal and Plastic",Active Learning,2.62
51-4021.00,"Extruding and Drawing Machine Setters, Operators, and Tenders, Metal and Plastic",Writing,2.25
51-4021.00,"Extruding and Drawing Machine Setters, Operators, and Tenders, Metal and Plastic",Mathematics,2.25
51-4021.00,"Extruding and Drawing Machine Setters, Operators, and Tenders, Metal and Plastic",Learning Strategies,2.12
51-4021.00,"Extruding and Drawing Machine Setters, Operators, and Tenders, Metal and Plastic",Science,1.38
51-4022.00,"Forging Machine Setters, Operators, and Tenders, Metal and Plastic",Monitoring,3.12
51-4022.00,"Forging Machine Setters, Operators, and Tenders, Metal and Plastic",Reading Comprehension,2.88
51-4022.00,"Forging Machine Setters, Operators, and Tenders, Metal and Plastic",Active Listening,2.88
51-4022.00,"Forging Machine Setters, Operators, and Tenders, Metal and Plastic",Speaking,2.88
51-4022.00,"Forging Machine Setters, Operators, and Tenders, Metal and Plastic",Critical Thinking,2.88
51-4022.00,"Forging Machine Setters, Operators, and Tenders, Metal and Plastic",Writing,2.38
51-4022.00,"Forging Machine Setters, Operators, and Tenders, Metal and Plastic",Mathematics,2.12
51-4022.00,"Forging Machine Setters, Operators, and Tenders, Metal and Plastic",Active Learning,2.0
51-4022.00,"Forging Machine Setters, Operators, and Tenders, Metal and Plastic",Learning Strategies,1.88
51-4022.00,"Forging Machine Setters, Operators, and Tenders, Metal and Plastic",Science,1.25
51-4023.00,"Rolling Machine Setters, Operators, and Tenders, Metal and Plastic",Monitoring,3.5
51-4023.00,"Rolling Machine Setters, Operators, and Tenders, Metal and Plastic",Speaking,3.25
51-4023.00,"Rolling Machine Setters, Operators, and Tenders, Metal and Plastic",Active Listening,3.12
51-4023.00,"Rolling Machine Setters, Operators, and Tenders, Metal and Plastic",Critical Thinking,3.12
51-4023.00,"Rolling Machine Setters, Operators, and Tenders, Metal and Plastic",Reading Comprehension,3.0
51-4023.00,"Rolling Machine Setters, Operators, and Tenders, Metal and Plastic",Active Learning,3.0
51-4023.00,"Rolling Machine Setters, Operators, and Tenders, Metal and Plastic",Learning Strategies,2.88
51-4023.00,"Rolling Machine Setters, Operators, and Tenders, Metal and Plastic",Writing,2.62
51-4023.00,"Rolling Machine Setters, Operators, and Tenders, Metal and Plastic",Mathematics,2.38
51-4023.00,"Rolling Machine Setters, Operators, and Tenders, Metal and Plastic",Science,1.38
51-4031.00,"Cutting, Punching, and Press Machine Setters, Operators, and Tenders, Metal and Plastic",Active Listening,3.0
51-4031.00,"Cutting, Punching, and Press Machine Setters, Operators, and Tenders, Metal and Plastic",Speaking,3.0
51-4031.00,"Cutting, Punching, and Press Machine Setters, Operators, and Tenders, Metal and Plastic",Critical Thinking,3.0
51-4031.00,"Cutting, Punching, and Press Machine Setters, Operators, and Tenders, Metal and Plastic",Monitoring,3.0
51-4031.00,"Cutting, Punching, and Press Machine Setters, Operators, and Tenders, Metal and Plastic",Reading Comprehension,2.75
51-4031.00,"Cutting, Punching, and Press Machine Setters, Operators, and Tenders, Metal and Plastic",Active Learning,2.75
51-4031.00,"Cutting, Punching, and Press Machine Setters, Operators, and Tenders, Metal and Plastic",Writing,2.5
51-4031.00,"Cutting, Punching, and Press Machine Setters, Operators, and Tenders, Metal and Plastic",Mathematics,2.0
51-4031.00,"Cutting, Punching, and Press Machine Setters, Operators, and Tenders, Metal and Plastic",Learning Strategies,2.0
51-4031.00,"Cutting, Punching, and Press Machine Setters, Operators, and Tenders, Metal and Plastic",Science,1.5
51-4032.00,"Drilling and Boring Machine Tool Setters, Operators, and Tenders, Metal and Plastic",Reading Comprehension,3.12
51-4032.00,"Drilling and Boring Machine Tool Setters, Operators, and Tenders, Metal and Plastic",Monitoring,3.12
51-4032.00,"Drilling and Boring Machine Tool Setters, Operators, and Tenders, Metal and Plastic",Active Listening,3.0
51-4032.00,"Drilling and Boring Machine Tool Setters, Operators, and Tenders, Metal and Plastic",Speaking,3.0
51-4032.00,"Drilling and Boring Machine Tool Setters, Operators, and Tenders, Metal and Plastic",Critical Thinking,3.0
51-4032.00,"Drilling and Boring Machine Tool Setters, Operators, and Tenders, Metal and Plastic",Active Learning,2.75
51-4032.00,"Drilling and Boring Machine Tool Setters, Operators, and Tenders, Metal and Plastic",Mathematics,2.5
51-4032.00,"Drilling and Boring Machine Tool Setters, Operators, and Tenders, Metal and Plastic",Writing,2.25
51-4032.00,"Drilling and Boring Machine Tool Setters, Operators, and Tenders, Metal and Plastic",Learning Strategies,2.12
51-4032.00,"Drilling and Boring Machine Tool Setters, Operators, and Tenders, Metal and Plastic",Science,1.75
51-4033.00,"Grinding, Lapping, Polishing, and Buffing Machine Tool Setters, Operators, and Tenders, Metal and Plastic",Reading Comprehension,3.0
51-4033.00,"Grinding, Lapping, Polishing, and Buffing Machine Tool Setters, Operators, and Tenders, Metal and Plastic",Critical Thinking,2.88
51-4033.00,"Grinding, Lapping, Polishing, and Buffing Machine Tool Setters, Operators, and Tenders, Metal and Plastic",Monitoring,2.88
51-4033.00,"Grinding, Lapping, Polishing, and Buffing Machine Tool Setters, Operators, and Tenders, Metal and Plastic",Active Listening,2.75
51-4033.00,"Grinding, Lapping, Polishing, and Buffing Machine Tool Setters, Operators, and Tenders, Metal and Plastic",Speaking,2.75
51-4033.00,"Grinding, Lapping, Polishing, and Buffing Machine Tool Setters, Operators, and Tenders, Metal and Plastic",Active Learning,2.5
51-4033.00,"Grinding, Lapping, Polishing, and Buffing Machine Tool Setters, Operators, and Tenders, Metal and Plastic",Mathematics,2.38
51-4033.00,"Grinding, Lapping, Polishing, and Buffing Machine Tool Setters, Operators, and Tenders, Metal and Plastic",Writing,2.25
51-4033.00,"Grinding, Lapping, Polishing, and Buffing Machine Tool Setters, Operators, and Tenders, Metal and Plastic",Learning Strategies,2.0
51-4033.00,"Grinding, Lapping, Polishing, and Buffing Machine Tool Setters, Operators, and Tenders, Metal and Plastic",Science,1.5
51-4034.00,"Lathe and Turning Machine Tool Setters, Operators, and Tenders, Metal and Plastic",Reading Comprehension,3.0
51-4034.00,"Lathe and Turning Machine Tool Setters, Operators, and Tenders, Metal and Plastic",Active Listening,3.0
51-4034.00,"Lathe and Turning Machine Tool Setters, Operators, and Tenders, Metal and Plastic",Monitoring,3.0
51-4034.00,"Lathe and Turning Machine Tool Setters, Operators, and Tenders, Metal and Plastic",Speaking,2.75
51-4034.00,"Lathe and Turning Machine Tool Setters, Operators, and Tenders, Metal and Plastic",Critical Thinking,2.62
51-4034.00,"Lathe and Turning Machine Tool Setters, Operators, and Tenders, Metal and Plastic",Writing,2.25
51-4034.00,"Lathe and Turning Machine Tool Setters, Operators, and Tenders, Metal and Plastic",Mathematics,2.12
51-4034.00,"Lathe and Turning Machine Tool Setters, Operators, and Tenders, Metal and Plastic",Active Learning,2.0
51-4034.00,"Lathe and Turning Machine Tool Setters, Operators, and Tenders, Metal and Plastic",Learning Strategies,2.0
51-4034.00,"Lathe and Turning Machine Tool Setters, Operators, and Tenders, Metal and Plastic",Science,1.75
51-4035.00,"Milling and Planing Machine Setters, Operators, and Tenders, Metal and Plastic",Critical Thinking,3.12
51-4035.00,"Milling and Planing Machine Setters, Operators, and Tenders, Metal and Plastic",Monitoring,3.12
51-4035.00,"Milling and Planing Machine Setters, Operators, and Tenders, Metal and Plastic",Active Listening,3.0
51-4035.00,"Milling and Planing Machine Setters, Operators, and Tenders, Metal and Plastic",Reading Comprehension,2.88
51-4035.00,"Milling and Planing Machine Setters, Operators, and Tenders, Metal and Plastic",Speaking,2.88
51-4035.00,"Milling and Planing Machine Setters, Operators, and Tenders, Metal and Plastic",Writing,2.62
51-4035.00,"Milling and Planing Machine Setters, Operators, and Tenders, Metal and Plastic",Mathematics,2.62
51-4035.00,"Milling and Planing Machine Setters, Operators, and Tenders, Metal and Plastic",Active Learning,2.62
51-4035.00,"Milling and Planing Machine Setters, Operators, and Tenders, Metal and Plastic",Learning Strategies,2.12
51-4035.00,"Milling and Planing Machine Setters, Operators, and Tenders, Metal and Plastic",Science,1.38
51-4041.00,Machinists,Critical Thinking,3.12
51-4041.00,Machinists,Monitoring,3.12
51-4041.00,Machinists,Active Listening,3.0
51-4041.00,Machinists,Speaking,3.0
51-4041.00,Machinists,Reading Comprehension,2.88
51-4041.00,Machinists,Mathematics,2.88
51-4041.00,Machinists,Active Learning,2.75
51-4041.00,Machinists,Writing,2.5
51-4041.00,Machinists,Learning Strategies,2.12
51-4041.00,Machinists,Science,1.5
51-4051.00,Metal-Refining Furnace Operators and Tenders,Monitoring,3.62
51-4051.00,Metal-Refining Furnace Operators and Tenders,Reading Comprehension,3.0
51-4051.00,Metal-Refining Furnace Operators and Tenders,Active Listening,3.0
51-4051.00,Metal-Refining Furnace Operators and Tenders,Speaking,3.0
51-4051.00,Metal-Refining Furnace Operators and Tenders,Critical Thinking,3.0
51-4051.00,Metal-Refining Furnace Operators and Tenders,Active Learning,2.88
51-4051.00,Metal-Refining Furnace Operators and Tenders,Writing,2.75
51-4051.00,Metal-Refining Furnace Operators and Tenders,Mathematics,2.5
51-4051.00,Metal-Refining Furnace Operators and Tenders,Learning Strategies,2.25
51-4051.00,Metal-Refining Furnace Operators and Tenders,Science,2.0
51-4052.00,"Pourers and Casters, Metal",Active Listening,3.0
51-4052.00,"Pourers and Casters, Metal",Critical Thinking,3.0
51-4052.00,"Pourers and Casters, Metal",Monitoring,3.0
51-4052.00,"Pourers and Casters, Metal",Reading Comprehension,2.75
51-4052.00,"Pourers and Casters, Metal",Speaking,2.75
51-4052.00,"Pourers and Casters, Metal",Active Learning,2.25
51-4052.00,"Pourers and Casters, Metal",Learning Strategies,2.25
51-4052.00,"Pourers and Casters, Metal",Writing,2.0
51-4052.00,"Pourers and Casters, Metal",Mathematics,2.0
51-4052.00,"Pourers and Casters, Metal",Science,1.88
51-4061.00,"Model Makers, Metal and Plastic",Critical Thinking,3.25
51-4061.00,"Model Makers, Metal and Plastic",Monitoring,3.12
51-4061.00,"Model Makers, Metal and Plastic",Reading Comprehension,2.88
51-4061.00,"Model Makers, Metal and Plastic",Active Listening,2.75
51-4061.00,"Model Makers, Metal and Plastic",Speaking,2.62
51-4061.00,"Model Makers, Metal and Plastic",Mathematics,2.62
51-4061.00,"Model Makers, Metal and Plastic",Active Learning,2.5
51-4061.00,"Model Makers, Metal and Plastic",Writing,2.38
51-4061.00,"Model Makers, Metal and Plastic",Learning Strategies,2.0
51-4061.00,"Model Makers, Metal and Plastic",Science,1.62
51-4062.00,"Patternmakers, Metal and Plastic",Reading Comprehension,3.12
51-4062.00,"Patternmakers, Metal and Plastic",Critical Thinking,3.12
51-4062.00,"Patternmakers, Metal and Plastic",Active Listening,3.0
51-4062.00,"Patternmakers, Metal and Plastic",Speaking,3.0
51-4062.00,"Patternmakers, Metal and Plastic",Monitoring,3.0
51-4062.00,"Patternmakers, Metal and Plastic",Active Learning,2.62
51-4062.00,"Patternmakers, Metal and Plastic",Mathematics,2.25
51-4062.00,"Patternmakers, Metal and Plastic",Writing,2.12
51-4062.00,"Patternmakers, Metal and Plastic",Learning Strategies,2.0
51-4062.00,"Patternmakers, Metal and Plastic",Science,1.62
51-4071.00,Foundry Mold and Coremakers,Monitoring,3.0
51-4071.00,Foundry Mold and Coremakers,Active Listening,2.88
51-4071.00,Foundry Mold and Coremakers,Critical Thinking,2.88
51-4071.00,Foundry Mold and Coremakers,Speaking,2.62
51-4071.00,Foundry Mold and Coremakers,Active Learning,2.38
51-4071.00,Foundry Mold and Coremakers,Reading Comprehension,2.25
51-4071.00,Foundry Mold and Coremakers,Writing,2.0
51-4071.00,Foundry Mold and Coremakers,Mathematics,2.0
51-4071.00,Foundry Mold and Coremakers,Learning Strategies,2.0
51-4071.00,Foundry Mold and Coremakers,Science,1.25
51-4072.00,"Molding, Coremaking, and Casting Machine Setters, Operators, and Tenders, Metal and Plastic",Active Listening,3.25
51-4072.00,"Molding, Coremaking, and Casting Machine Setters, Operators, and Tenders, Metal and Plastic",Reading Comprehension,3.12
51-4072.00,"Molding, Coremaking, and Casting Machine Setters, Operators, and Tenders, Metal and Plastic",Monitoring,3.12
51-4072.00,"Molding, Coremaking, and Casting Machine Setters, Operators, and Tenders, Metal and Plastic",Speaking,3.0
51-4072.00,"Molding, Coremaking, and Casting Machine Setters, Operators, and Tenders, Metal and Plastic",Critical Thinking,3.0
51-4072.00,"Molding, Coremaking, and Casting Machine Setters, Operators, and Tenders, Metal and Plastic",Active Learning,2.88
51-4072.00,"Molding, Coremaking, and Casting Machine Setters, Operators, and Tenders, Metal and Plastic",Writing,2.62
51-4072.00,"Molding, Coremaking, and Casting Machine Setters, Operators, and Tenders, Metal and Plastic",Mathematics,2.25
51-4072.00,"Molding, Coremaking, and Casting Machine Setters, Operators, and Tenders, Metal and Plastic",Learning Strategies,2.25
51-4072.00,"Molding, Coremaking, and Casting Machine Setters, Operators, and Tenders, Metal and Plastic",Science,1.12
51-4081.00,"Multiple Machine Tool Setters, Operators, and Tenders, Metal and Plastic",Monitoring,3.12
51-4081.00,"Multiple Machine Tool Setters, Operators, and Tenders, Metal and Plastic",Reading Comprehension,3.0
51-4081.00,"Multiple Machine Tool Setters, Operators, and Tenders, Metal and Plastic",Active Listening,3.0
51-4081.00,"Multiple Machine Tool Setters, Operators, and Tenders, Metal and Plastic",Speaking,3.0
51-4081.00,"Multiple Machine Tool Setters, Operators, and Tenders, Metal and Plastic",Critical Thinking,3.0
51-4081.00,"Multiple Machine Tool Setters, Operators, and Tenders, Metal and Plastic",Active Learning,2.88
51-4081.00,"Multiple Machine Tool Setters, Operators, and Tenders, Metal and Plastic",Writing,2.75
51-4081.00,"Multiple Machine Tool Setters, Operators, and Tenders, Metal and Plastic",Learning Strategies,2.38
51-4081.00,"Multiple Machine Tool Setters, Operators, and Tenders, Metal and Plastic",Mathematics,2.25
51-4081.00,"Multiple Machine Tool Setters, Operators, and Tenders, Metal and Plastic",Science,1.25
51-4111.00,Tool and Die Makers,Critical Thinking,3.12
51-4111.00,Tool and Die Makers,Monitoring,3.12
51-4111.00,Tool and Die Makers,Active Listening,3.0
51-4111.00,Tool and Die Makers,Active Learning,3.0
51-4111.00,Tool and Die Makers,Reading Comprehension,2.88
51-4111.00,Tool and Die Makers,Speaking,2.88
51-4111.00,Tool and Die Makers,Mathematics,2.75
51-4111.00,Tool and Die Makers,Writing,2.25
51-4111.00,Tool and Die Makers,Learning Strategies,2.12
51-4111.00,Tool and Die Makers,Science,1.75
51-4121.00,"Welders, Cutters, Solderers, and Brazers",Monitoring,3.0
51-4121.00,"Welders, Cutters, Solderers, and Brazers",Critical Thinking,2.88
51-4121.00,"Welders, Cutters, Solderers, and Brazers",Active Listening,2.62
51-4121.00,"Welders, Cutters, Solderers, and Brazers",Speaking,2.62
51-4121.00,"Welders, Cutters, Solderers, and Brazers",Reading Comprehension,2.5
51-4121.00,"Welders, Cutters, Solderers, and Brazers",Active Learning,2.25
51-4121.00,"Welders, Cutters, Solderers, and Brazers",Mathematics,2.12
51-4121.00,"Welders, Cutters, Solderers, and Brazers",Learning Strategies,2.0
51-4121.00,"Welders, Cutters, Solderers, and Brazers",Writing,1.75
51-4121.00,"Welders, Cutters, Solderers, and Brazers",Science,1.62
51-4122.00,"Welding, Soldering, and Brazing Machine Setters, Operators, and Tenders",Reading Comprehension,3.0
51-4122.00,"Welding, Soldering, and Brazing Machine Setters, Operators, and Tenders",Active Listening,3.0
51-4122.00,"Welding, Soldering, and Brazing Machine Setters, Operators, and Tenders",Speaking,3.0
51-4122.00,"Welding, Soldering, and Brazing Machine Setters, Operators, and Tenders",Critical Thinking,3.0
51-4122.00,"Welding, Soldering, and Brazing Machine Setters, Operators, and Tenders",Monitoring,3.0
51-4122.00,"Welding, Soldering, and Brazing Machine Setters, Operators, and Tenders",Active Learning,2.62
51-4122.00,"Welding, Soldering, and Brazing Machine Setters, Operators, and Tenders",Writing,2.25
51-4122.00,"Welding, Soldering, and Brazing Machine Setters, Operators, and Tenders",Mathematics,2.12
51-4122.00,"Welding, Soldering, and Brazing Machine Setters, Operators, and Tenders",Learning Strategies,2.0
51-4122.00,"Welding, Soldering, and Brazing Machine Setters, Operators, and Tenders",Science,1.75
51-4191.00,"Heat Treating Equipment Setters, Operators, and Tenders, Metal and Plastic",Active Listening,3.12
51-4191.00,"Heat Treating Equipment Setters, Operators, and Tenders, Metal and Plastic",Speaking,3.12
51-4191.00,"Heat Treating Equipment Setters, Operators, and Tenders, Metal and Plastic",Monitoring,3.12
51-4191.00,"Heat Treating Equipment Setters, Operators, and Tenders, Metal and Plastic",Critical Thinking,3.0
51-4191.00,"Heat Treating Equipment Setters, Operators, and Tenders, Metal and Plastic",Reading Comprehension,2.88
51-4191.00,"Heat Treating Equipment Setters, Operators, and Tenders, Metal and Plastic",Writing,2.88
51-4191.00,"Heat Treating Equipment Setters, Operators, and Tenders, Metal and Plastic",Mathematics,2.88
51-4191.00,"Heat Treating Equipment Setters, Operators, and Tenders, Metal and Plastic",Active Learning,2.75
51-4191.00,"Heat Treating Equipment Setters, Operators, and Tenders, Metal and Plastic",Learning Strategies,2.62
51-4191.00,"Heat Treating Equipment Setters, Operators, and Tenders, Metal and Plastic",Science,2.0
51-4192.00,"Layout Workers, Metal and Plastic",Mathematics,3.12
51-4192.00,"Layout Workers, Metal and Plastic",Reading Comprehension,3.0
51-4192.00,"Layout Workers, Metal and Plastic",Critical Thinking,3.0
51-4192.00,"Layout Workers, Metal and Plastic",Monitoring,3.0
51-4192.00,"Layout Workers, Metal and Plastic",Active Listening,2.88
51-4192.00,"Layout Workers, Metal and Plastic",Speaking,2.88
51-4192.00,"Layout Workers, Metal and Plastic",Active Learning,2.75
51-4192.00,"Layout Workers, Metal and Plastic",Writing,2.5
51-4192.00,"Layout Workers, Metal and Plastic",Learning Strategies,2.12
51-4192.00,"Layout Workers, Metal and Plastic",Science,1.25
51-4193.00,"Plating Machine Setters, Operators, and Tenders, Metal and Plastic",Reading Comprehension,3.12
51-4193.00,"Plating Machine Setters, Operators, and Tenders, Metal and Plastic",Active Listening,3.12
51-4193.00,"Plating Machine Setters, Operators, and Tenders, Metal and Plastic",Monitoring,3.12
51-4193.00,"Plating Machine Setters, Operators, and Tenders, Metal and Plastic",Speaking,3.0
51-4193.00,"Plating Machine Setters, Operators, and Tenders, Metal and Plastic",Critical Thinking,3.0
51-4193.00,"Plating Machine Setters, Operators, and Tenders, Metal and Plastic",Writing,2.75
51-4193.00,"Plating Machine Setters, Operators, and Tenders, Metal and Plastic",Learning Strategies,2.25
51-4193.00,"Plating Machine Setters, Operators, and Tenders, Metal and Plastic",Active Learning,2.12
51-4193.00,"Plating Machine Setters, Operators, and Tenders, Metal and Plastic",Mathematics,2.0
51-4193.00,"Plating Machine Setters, Operators, and Tenders, Metal and Plastic",Science,2.0
51-4194.00,"Tool Grinders, Filers, and Sharpeners",Monitoring,3.12
51-4194.00,"Tool Grinders, Filers, and Sharpeners",Critical Thinking,3.0
51-4194.00,"Tool Grinders, Filers, and Sharpeners",Active Listening,2.88
51-4194.00,"Tool Grinders, Filers, and Sharpeners",Speaking,2.88
51-4194.00,"Tool Grinders, Filers, and Sharpeners",Reading Comprehension,2.75
51-4194.00,"Tool Grinders, Filers, and Sharpeners",Mathematics,2.75
51-4194.00,"Tool Grinders, Filers, and Sharpeners",Active Learning,2.5
51-4194.00,"Tool Grinders, Filers, and Sharpeners",Writing,2.38
51-4194.00,"Tool Grinders, Filers, and Sharpeners",Learning Strategies,2.12
51-4194.00,"Tool Grinders, Filers, and Sharpeners",Science,1.38
51-5111.00,Prepress Technicians and Workers,Active Listening,3.12
51-5111.00,Prepress Technicians and Workers,Speaking,3.12
51-5111.00,Prepress Technicians and Workers,Critical Thinking,3.12
51-5111.00,Prepress Technicians and Workers,Monitoring,3.12
51-5111.00,Prepress Technicians and Workers,Reading Comprehension,3.0
51-5111.00,Prepress Technicians and Workers,Writing,2.88
51-5111.00,Prepress Technicians and Workers,Active Learning,2.88
51-5111.00,Prepress Technicians and Workers,Learning Strategies,2.38
51-5111.00,Prepress Technicians and Workers,Mathematics,2.0
51-5111.00,Prepress Technicians and Workers,Science,1.62
51-5112.00,Printing Press Operators,Monitoring,3.25
51-5112.00,Printing Press Operators,Reading Comprehension,3.12
51-5112.00,Printing Press Operators,Active Listening,3.12
51-5112.00,Printing Press Operators,Speaking,3.12
51-5112.00,Printing Press Operators,Critical Thinking,3.12
51-5112.00,Printing Press Operators,Active Learning,2.88
51-5112.00,Printing Press Operators,Writing,2.38
51-5112.00,Printing Press Operators,Mathematics,2.12
51-5112.00,Printing Press Operators,Learning Strategies,2.12
51-5112.00,Printing Press Operators,Science,1.0
51-5113.00,Print Binding and Finishing Workers,Critical Thinking,3.25
51-5113.00,Print Binding and Finishing Workers,Reading Comprehension,3.12
51-5113.00,Print Binding and Finishing Workers,Monitoring,3.12
51-5113.00,Print Binding and Finishing Workers,Speaking,3.0
51-5113.00,Print Binding and Finishing Workers,Active Listening,2.88
51-5113.00,Print Binding and Finishing Workers,Writing,2.75
51-5113.00,Print Binding and Finishing Workers,Active Learning,2.5
51-5113.00,Print Binding and Finishing Workers,Learning Strategies,2.5
51-5113.00,Print Binding and Finishing Workers,Mathematics,2.12
51-5113.00,Print Binding and Finishing Workers,Science,1.12
51-6011.00,Laundry and Dry-Cleaning Workers,Active Listening,2.88
51-6011.00,Laundry and Dry-Cleaning Workers,Monitoring,2.88
51-6011.00,Laundry and Dry-Cleaning Workers,Critical Thinking,2.75
51-6011.00,Laundry and Dry-Cleaning Workers,Speaking,2.62
51-6011.00,Laundry and Dry-Cleaning Workers,Reading Comprehension,2.5
51-6011.00,Laundry and Dry-Cleaning Workers,Active Learning,2.25
51-6011.00,Laundry and Dry-Cleaning Workers,Writing,2.0
51-6011.00,Laundry and Dry-Cleaning Workers,Learning Strategies,1.88
51-6011.00,Laundry and Dry-Cleaning Workers,Mathematics,1.62
51-6011.00,Laundry and Dry-Cleaning Workers,Science,1.0
51-6021.00,"Pressers, Textile, Garment, and Related Materials",Critical Thinking,2.5
51-6021.00,"Pressers, Textile, Garment, and Related Materials",Monitoring,2.38
51-6021.00,"Pressers, Textile, Garment, and Related Materials",Speaking,2.12
51-6021.00,"Pressers, Textile, Garment, and Related Materials",Active Learning,2.12
51-6021.00,"Pressers, Textile, Garment, and Related Materials",Reading Comprehension,2.0
51-6021.00,"Pressers, Textile, Garment, and Related Materials",Active Listening,2.0
51-6021.00,"Pressers, Textile, Garment, and Related Materials",Writing,1.75
51-6021.00,"Pressers, Textile, Garment, and Related Materials",Learning Strategies,1.75
51-6021.00,"Pressers, Textile, Garment, and Related Materials",Mathematics,1.62
51-6021.00,"Pressers, Textile, Garment, and Related Materials",Science,1.0
51-6031.00,Sewing Machine Operators,Monitoring,3.12
51-6031.00,Sewing Machine Operators,Active Listening,2.75
51-6031.00,Sewing Machine Operators,Critical Thinking,2.75
51-6031.00,Sewing Machine Operators,Reading Comprehension,2.62
51-6031.00,Sewing Machine Operators,Speaking,2.12
51-6031.00,Sewing Machine Operators,Active Learning,2.12
51-6031.00,Sewing Machine Operators,Learning Strategies,2.12
51-6031.00,Sewing Machine Operators,Writing,2.0
51-6031.00,Sewing Machine Operators,Mathematics,2.0
51-6031.00,Sewing Machine Operators,Science,1.0
51-6041.00,Shoe and Leather Workers and Repairers,Active Listening,3.0
51-6041.00,Shoe and Leather Workers and Repairers,Speaking,3.0
51-6041.00,Shoe and Leather Workers and Repairers,Critical Thinking,3.0
51-6041.00,Shoe and Leather Workers and Repairers,Monitoring,3.0
51-6041.00,Shoe and Leather Workers and Repairers,Reading Comprehension,2.88
51-6041.00,Shoe and Leather Workers and Repairers,Active Learning,2.38
51-6041.00,Shoe and Leather Workers and Repairers,Writing,2.12
51-6041.00,Shoe and Leather Workers and Repairers,Mathematics,1.88
51-6041.00,Shoe and Leather Workers and Repairers,Learning Strategies,1.62
51-6041.00,Shoe and Leather Workers and Repairers,Science,1.0
51-6042.00,Shoe Machine Operators and Tenders,Reading Comprehension,3.12
51-6042.00,Shoe Machine Operators and Tenders,Active Listening,3.0
51-6042.00,Shoe Machine Operators and Tenders,Critical Thinking,3.0
51-6042.00,Shoe Machine Operators and Tenders,Monitoring,3.0
51-6042.00,Shoe Machine Operators and Tenders,Speaking,2.75
51-6042.00,Shoe Machine Operators and Tenders,Writing,2.12
51-6042.00,Shoe Machine Operators and Tenders,Active Learning,2.12
51-6042.00,Shoe Machine Operators and Tenders,Learning Strategies,2.12
51-6042.00,Shoe Machine Operators and Tenders,Mathematics,2.0
51-6042.00,Shoe Machine Operators and Tenders,Science,1.12
51-6051.00,"Sewers, Hand",Active Listening,2.62
51-6051.00,"Sewers, Hand",Speaking,2.62
51-6051.00,"Sewers, Hand",Monitoring,2.62
51-6051.00,"Sewers, Hand",Reading Comprehension,2.5
51-6051.00,"Sewers, Hand",Critical Thinking,2.5
51-6051.00,"Sewers, Hand",Active Learning,2.38
51-6051.00,"Sewers, Hand",Mathematics,2.0
51-6051.00,"Sewers, Hand",Learning Strategies,2.0
51-6051.00,"Sewers, Hand",Writing,1.88
51-6051.00,"Sewers, Hand",Science,1.0
51-6052.00,"Tailors, Dressmakers, and Custom Sewers",Active Listening,3.0
51-6052.00,"Tailors, Dressmakers, and Custom Sewers",Speaking,3.0
51-6052.00,"Tailors, Dressmakers, and Custom Sewers",Critical Thinking,3.0
51-6052.00,"Tailors, Dressmakers, and Custom Sewers",Monitoring,2.75
51-6052.00,"Tailors, Dressmakers, and Custom Sewers",Reading Comprehension,2.62
51-6052.00,"Tailors, Dressmakers, and Custom Sewers",Active Learning,2.62
51-6052.00,"Tailors, Dressmakers, and Custom Sewers",Writing,2.5
51-6052.00,"Tailors, Dressmakers, and Custom Sewers",Learning Strategies,2.0
51-6052.00,"Tailors, Dressmakers, and Custom Sewers",Mathematics,1.88
51-6052.00,"Tailors, Dressmakers, and Custom Sewers",Science,1.0
51-6061.00,Textile Bleaching and Dyeing Machine Operators and Tenders,Active Listening,3.0
51-6061.00,Textile Bleaching and Dyeing Machine Operators and Tenders,Monitoring,3.0
51-6061.00,Textile Bleaching and Dyeing Machine Operators and Tenders,Reading Comprehension,2.88
51-6061.00,Textile Bleaching and Dyeing Machine Operators and Tenders,Speaking,2.88
51-6061.00,Textile Bleaching and Dyeing Machine Operators and Tenders,Critical Thinking,2.88
51-6061.00,Textile Bleaching and Dyeing Machine Operators and Tenders,Writing,2.5
51-6061.00,Textile Bleaching and Dyeing Machine Operators and Tenders,Mathematics,2.5
51-6061.00,Textile Bleaching and Dyeing Machine Operators and Tenders,Active Learning,2.12
51-6061.00,Textile Bleaching and Dyeing Machine Operators and Tenders,Learning Strategies,2.0
51-6061.00,Textile Bleaching and Dyeing Machine Operators and Tenders,Science,1.62
51-6062.00,"Textile Cutting Machine Setters, Operators, and Tenders",Monitoring,3.12
51-6062.00,"Textile Cutting Machine Setters, Operators, and Tenders",Active Listening,3.0
51-6062.00,"Textile Cutting Machine Setters, Operators, and Tenders",Speaking,3.0
51-6062.00,"Textile Cutting Machine Setters, Operators, and Tenders",Critical Thinking,2.88
51-6062.00,"Textile Cutting Machine Setters, Operators, and Tenders",Reading Comprehension,2.75
51-6062.00,"Textile Cutting Machine Setters, Operators, and Tenders",Writing,2.62
51-6062.00,"Textile Cutting Machine Setters, Operators, and Tenders",Active Learning,2.5
51-6062.00,"Textile Cutting Machine Setters, Operators, and Tenders",Mathematics,2.12
51-6062.00,"Textile Cutting Machine Setters, Operators, and Tenders",Learning Strategies,2.0
51-6062.00,"Textile Cutting Machine Setters, Operators, and Tenders",Science,1.0
51-6063.00,"Textile Knitting and Weaving Machine Setters, Operators, and Tenders",Monitoring,3.12
51-6063.00,"Textile Knitting and Weaving Machine Setters, Operators, and Tenders",Active Listening,3.0
51-6063.00,"Textile Knitting and Weaving Machine Setters, Operators, and Tenders",Speaking,2.88
51-6063.00,"Textile Knitting and Weaving Machine Setters, Operators, and Tenders",Critical Thinking,2.88
51-6063.00,"Textile Knitting and Weaving Machine Setters, Operators, and Tenders",Reading Comprehension,2.75
51-6063.00,"Textile Knitting and Weaving Machine Setters, Operators, and Tenders",Writing,2.38
51-6063.00,"Textile Knitting and Weaving Machine Setters, Operators, and Tenders",Learning Strategies,2.12
51-6063.00,"Textile Knitting and Weaving Machine Setters, Operators, and Tenders",Active Learning,2.0
51-6063.00,"Textile Knitting and Weaving Machine Setters, Operators, and Tenders",Mathematics,1.88
51-6063.00,"Textile Knitting and Weaving Machine Setters, Operators, and Tenders",Science,1.12
51-6064.00,"Textile Winding, Twisting, and Drawing Out Machine Setters, Operators, and Tenders",Speaking,3.12
51-6064.00,"Textile Winding, Twisting, and Drawing Out Machine Setters, Operators, and Tenders",Active Listening,3.0
51-6064.00,"Textile Winding, Twisting, and Drawing Out Machine Setters, Operators, and Tenders",Critical Thinking,3.0
51-6064.00,"Textile Winding, Twisting, and Drawing Out Machine Setters, Operators, and Tenders",Monitoring,3.0
51-6064.00,"Textile Winding, Twisting, and Drawing Out Machine Setters, Operators, and Tenders",Reading Comprehension,2.5
51-6064.00,"Textile Winding, Twisting, and Drawing Out Machine Setters, Operators, and Tenders",Writing,2.38
51-6064.00,"Textile Winding, Twisting, and Drawing Out Machine Setters, Operators, and Tenders",Active Learning,2.38
51-6064.00,"Textile Winding, Twisting, and Drawing Out Machine Setters, Operators, and Tenders",Learning Strategies,2.38
51-6064.00,"Textile Winding, Twisting, and Drawing Out Machine Setters, Operators, and Tenders",Mathematics,2.0
51-6064.00,"Textile Winding, Twisting, and Drawing Out Machine Setters, Operators, and Tenders",Science,1.0
51-6091.00,"Extruding and Forming Machine Setters, Operators, and Tenders, Synthetic and Glass Fibers",Monitoring,3.5
51-6091.00,"Extruding and Forming Machine Setters, Operators, and Tenders, Synthetic and Glass Fibers",Active Listening,3.0
51-6091.00,"Extruding and Forming Machine Setters, Operators, and Tenders, Synthetic and Glass Fibers",Speaking,3.0
51-6091.00,"Extruding and Forming Machine Setters, Operators, and Tenders, Synthetic and Glass Fibers",Reading Comprehension,2.88
51-6091.00,"Extruding and Forming Machine Setters, Operators, and Tenders, Synthetic and Glass Fibers",Critical Thinking,2.88
51-6091.00,"Extruding and Forming Machine Setters, Operators, and Tenders, Synthetic and Glass Fibers",Active Learning,2.75
51-6091.00,"Extruding and Forming Machine Setters, Operators, and Tenders, Synthetic and Glass Fibers",Writing,2.62
51-6091.00,"Extruding and Forming Machine Setters, Operators, and Tenders, Synthetic and Glass Fibers",Learning Strategies,2.25
51-6091.00,"Extruding and Forming Machine Setters, Operators, and Tenders, Synthetic and Glass Fibers",Mathematics,2.0
51-6091.00,"Extruding and Forming Machine Setters, Operators, and Tenders, Synthetic and Glass Fibers",Science,1.25
51-6092.00,Fabric and Apparel Patternmakers,Critical Thinking,3.75
51-6092.00,Fabric and Apparel Patternmakers,Active Listening,3.38
51-6092.00,Fabric and Apparel Patternmakers,Reading Comprehension,3.12
51-6092.00,Fabric and Apparel Patternmakers,Speaking,3.12
51-6092.00,Fabric and Apparel Patternmakers,Mathematics,3.12
51-6092.00,Fabric and Apparel Patternmakers,Active Learning,3.12
51-6092.00,Fabric and Apparel Patternmakers,Monitoring,3.12
51-6092.00,Fabric and Apparel Patternmakers,Writing,3.0
51-6092.00,Fabric and Apparel Patternmakers,Learning Strategies,3.0
51-6092.00,Fabric and Apparel Patternmakers,Science,1.12
51-6093.00,Upholsterers,Critical Thinking,3.5
51-6093.00,Upholsterers,Reading Comprehension,3.12
51-6093.00,Upholsterers,Active Listening,3.0
51-6093.00,Upholsterers,Speaking,3.0
51-6093.00,Upholsterers,Active Learning,3.0
51-6093.00,Upholsterers,Monitoring,3.0
51-6093.00,Upholsterers,Learning Strategies,2.75
51-6093.00,Upholsterers,Writing,2.62
51-6093.00,Upholsterers,Mathematics,2.5
51-6093.00,Upholsterers,Science,1.25
51-7011.00,Cabinetmakers and Bench Carpenters,Monitoring,3.0
51-7011.00,Cabinetmakers and Bench Carpenters,Reading Comprehension,2.88
51-7011.00,Cabinetmakers and Bench Carpenters,Speaking,2.88
51-7011.00,Cabinetmakers and Bench Carpenters,Active Listening,2.75
51-7011.00,Cabinetmakers and Bench Carpenters,Mathematics,2.75
51-7011.00,Cabinetmakers and Bench Carpenters,Critical Thinking,2.75
51-7011.00,Cabinetmakers and Bench Carpenters,Active Learning,2.62
51-7011.00,Cabinetmakers and Bench Carpenters,Writing,2.38
51-7011.00,Cabinetmakers and Bench Carpenters,Learning Strategies,2.0
51-7011.00,Cabinetmakers and Bench Carpenters,Science,1.0
51-7021.00,Furniture Finishers,Active Listening,3.12
51-7021.00,Furniture Finishers,Critical Thinking,3.12
51-7021.00,Furniture Finishers,Monitoring,3.12
51-7021.00,Furniture Finishers,Speaking,3.0
51-7021.00,Furniture Finishers,Reading Comprehension,2.75
51-7021.00,Furniture Finishers,Active Learning,2.75
51-7021.00,Furniture Finishers,Learning Strategies,2.5
51-7021.00,Furniture Finishers,Writing,2.38
51-7021.00,Furniture Finishers,Mathematics,2.0
51-7021.00,Furniture Finishers,Science,1.12
51-7031.00,"Model Makers, Wood",Monitoring,3.12
51-7031.00,"Model Makers, Wood",Reading Comprehension,3.0
51-7031.00,"Model Makers, Wood",Speaking,3.0
51-7031.00,"Model Makers, Wood",Critical Thinking,3.0
51-7031.00,"Model Makers, Wood",Active Listening,2.88
51-7031.00,"Model Makers, Wood",Active Learning,2.75
51-7031.00,"Model Makers, Wood",Writing,2.62
51-7031.00,"Model Makers, Wood",Mathematics,2.38
51-7031.00,"Model Makers, Wood",Learning Strategies,2.25
51-7031.00,"Model Makers, Wood",Science,1.62
51-7032.00,"Patternmakers, Wood",Reading Comprehension,3.12
51-7032.00,"Patternmakers, Wood",Monitoring,3.12
51-7032.00,"Patternmakers, Wood",Active Listening,3.0
51-7032.00,"Patternmakers, Wood",Mathematics,3.0
51-7032.00,"Patternmakers, Wood",Critical Thinking,3.0
51-7032.00,"Patternmakers, Wood",Speaking,2.88
51-7032.00,"Patternmakers, Wood",Active Learning,2.75
51-7032.00,"Patternmakers, Wood",Writing,2.62
51-7032.00,"Patternmakers, Wood",Learning Strategies,2.12
51-7032.00,"Patternmakers, Wood",Science,1.75
51-7041.00,"Sawing Machine Setters, Operators, and Tenders, Wood",Critical Thinking,3.0
51-7041.00,"Sawing Machine Setters, Operators, and Tenders, Wood",Monitoring,3.0
51-7041.00,"Sawing Machine Setters, Operators, and Tenders, Wood",Active Listening,2.75
51-7041.00,"Sawing Machine Setters, Operators, and Tenders, Wood",Speaking,2.62
51-7041.00,"Sawing Machine Setters, Operators, and Tenders, Wood",Reading Comprehension,2.38
51-7041.00,"Sawing Machine Setters, Operators, and Tenders, Wood",Active Learning,2.12
51-7041.00,"Sawing Machine Setters, Operators, and Tenders, Wood",Mathematics,2.0
51-7041.00,"Sawing Machine Setters, Operators, and Tenders, Wood",Learning Strategies,2.0
51-7041.00,"Sawing Machine Setters, Operators, and Tenders, Wood",Writing,1.75
51-7041.00,"Sawing Machine Setters, Operators, and Tenders, Wood",Science,1.25
51-7042.00,"Woodworking Machine Setters, Operators, and Tenders, Except Sawing",Monitoring,3.12
51-7042.00,"Woodworking Machine Setters, Operators, and Tenders, Except Sawing",Speaking,3.0
51-7042.00,"Woodworking Machine Setters, Operators, and Tenders, Except Sawing",Critical Thinking,3.0
51-7042.00,"Woodworking Machine Setters, Operators, and Tenders, Except Sawing",Active Listening,2.88
51-7042.00,"Woodworking Machine Setters, Operators, and Tenders, Except Sawing",Reading Comprehension,2.75
51-7042.00,"Woodworking Machine Setters, Operators, and Tenders, Except Sawing",Active Learning,2.5
51-7042.00,"Woodworking Machine Setters, Operators, and Tenders, Except Sawing",Mathematics,2.38
51-7042.00,"Woodworking Machine Setters, Operators, and Tenders, Except Sawing",Learning Strategies,2.25
51-7042.00,"Woodworking Machine Setters, Operators, and Tenders, Except Sawing",Writing,1.88
51-7042.00,"Woodworking Machine Setters, Operators, and Tenders, Except Sawing",Science,1.5
51-8011.00,Nuclear Power Reactor Operators,Reading Comprehension,4.0
51-8011.00,Nuclear Power Reactor Operators,Active Listening,3.88
51-8011.00,Nuclear Power Reactor Operators,Critical Thinking,3.88
51-8011.00,Nuclear Power Reactor Operators,Monitoring,3.88
51-8011.00,Nuclear Power Reactor Operators,Writing,3.5
51-8011.00,Nuclear Power Reactor Operators,Speaking,3.25
51-8011.00,Nuclear Power Reactor Operators,Active Learning,3.12
51-8011.00,Nuclear Power Reactor Operators,Learning Strategies,3.0
51-8011.00,Nuclear Power Reactor Operators,Mathematics,2.75
51-8011.00,Nuclear Power Reactor Operators,Science,2.75
51-8012.00,Power Distributors and Dispatchers,Reading Comprehension,3.62
51-8012.00,Power Distributors and Dispatchers,Active Listening,3.62
51-8012.00,Power Distributors and Dispatchers,Critical Thinking,3.62
51-8012.00,Power Distributors and Dispatchers,Monitoring,3.62
51-8012.00,Power Distributors and Dispatchers,Speaking,3.5
51-8012.00,Power Distributors and Dispatchers,Writing,3.12
51-8012.00,Power Distributors and Dispatchers,Active Learning,3.0
51-8012.00,Power Distributors and Dispatchers,Mathematics,2.75
51-8012.00,Power Distributors and Dispatchers,Learning Strategies,2.75
51-8012.00,Power Distributors and Dispatchers,Science,1.88
51-8013.00,Power Plant Operators,Critical Thinking,3.75
51-8013.00,Power Plant Operators,Speaking,3.38
51-8013.00,Power Plant Operators,Active Listening,3.25
51-8013.00,Power Plant Operators,Monitoring,3.25
51-8013.00,Power Plant Operators,Reading Comprehension,3.12
51-8013.00,Power Plant Operators,Writing,3.0
51-8013.00,Power Plant Operators,Active Learning,2.88
51-8013.00,Power Plant Operators,Learning Strategies,2.38
51-8013.00,Power Plant Operators,Mathematics,2.0
51-8013.00,Power Plant Operators,Science,2.0
51-8013.03,Biomass Plant Technicians,Monitoring,3.38
51-8013.03,Biomass Plant Technicians,Critical Thinking,3.12
51-8013.03,Biomass Plant Technicians,Reading Comprehension,3.0
51-8013.03,Biomass Plant Technicians,Active Listening,3.0
51-8013.03,Biomass Plant Technicians,Writing,3.0
51-8013.03,Biomass Plant Technicians,Speaking,3.0
51-8013.03,Biomass Plant Technicians,Active Learning,3.0
51-8013.03,Biomass Plant Technicians,Learning Strategies,3.0
51-8013.03,Biomass Plant Technicians,Mathematics,2.75
51-8013.03,Biomass Plant Technicians,Science,2.25
51-8013.04,Hydroelectric Plant Technicians,Critical Thinking,3.88
51-8013.04,Hydroelectric Plant Technicians,Monitoring,3.62
51-8013.04,Hydroelectric Plant Technicians,Reading Comprehension,3.25
51-8013.04,Hydroelectric Plant Technicians,Active Listening,3.12
51-8013.04,Hydroelectric Plant Technicians,Speaking,3.12
51-8013.04,Hydroelectric Plant Technicians,Writing,3.0
51-8013.04,Hydroelectric Plant Technicians,Mathematics,3.0
51-8013.04,Hydroelectric Plant Technicians,Active Learning,3.0
51-8013.04,Hydroelectric Plant Technicians,Learning Strategies,2.62
51-8013.04,Hydroelectric Plant Technicians,Science,2.38
51-8021.00,Stationary Engineers and Boiler Operators,Active Listening,3.25
51-8021.00,Stationary Engineers and Boiler Operators,Critical Thinking,3.25
51-8021.00,Stationary Engineers and Boiler Operators,Reading Comprehension,3.12
51-8021.00,Stationary Engineers and Boiler Operators,Active Learning,3.12
51-8021.00,Stationary Engineers and Boiler Operators,Monitoring,3.12
51-8021.00,Stationary Engineers and Boiler Operators,Speaking,3.0
51-8021.00,Stationary Engineers and Boiler Operators,Writing,2.88
51-8021.00,Stationary Engineers and Boiler Operators,Science,2.25
51-8021.00,Stationary Engineers and Boiler Operators,Mathematics,2.12
51-8021.00,Stationary Engineers and Boiler Operators,Learning Strategies,2.12
51-8031.00,Water and Wastewater Treatment Plant and System Operators,Monitoring,3.62
51-8031.00,Water and Wastewater Treatment Plant and System Operators,Active Listening,3.12
51-8031.00,Water and Wastewater Treatment Plant and System Operators,Speaking,3.12
51-8031.00,Water and Wastewater Treatment Plant and System Operators,Reading Comprehension,3.0
51-8031.00,Water and Wastewater Treatment Plant and System Operators,Critical Thinking,3.0
51-8031.00,Water and Wastewater Treatment Plant and System Operators,Mathematics,2.88
51-8031.00,Water and Wastewater Treatment Plant and System Operators,Writing,2.75
51-8031.00,Water and Wastewater Treatment Plant and System Operators,Active Learning,2.75
51-8031.00,Water and Wastewater Treatment Plant and System Operators,Learning Strategies,2.75
51-8031.00,Water and Wastewater Treatment Plant and System Operators,Science,2.62
51-8091.00,Chemical Plant and System Operators,Monitoring,3.75
51-8091.00,Chemical Plant and System Operators,Critical Thinking,3.62
51-8091.00,Chemical Plant and System Operators,Reading Comprehension,3.12
51-8091.00,Chemical Plant and System Operators,Active Listening,3.12
51-8091.00,Chemical Plant and System Operators,Speaking,3.12
51-8091.00,Chemical Plant and System Operators,Writing,3.0
51-8091.00,Chemical Plant and System Operators,Active Learning,3.0
51-8091.00,Chemical Plant and System Operators,Mathematics,2.75
51-8091.00,Chemical Plant and System Operators,Learning Strategies,2.75
51-8091.00,Chemical Plant and System Operators,Science,2.62
51-8092.00,Gas Plant Operators,Monitoring,3.62
51-8092.00,Gas Plant Operators,Critical Thinking,3.5
51-8092.00,Gas Plant Operators,Reading Comprehension,3.12
51-8092.00,Gas Plant Operators,Active Listening,3.0
51-8092.00,Gas Plant Operators,Writing,3.0
51-8092.00,Gas Plant Operators,Speaking,3.0
51-8092.00,Gas Plant Operators,Mathematics,2.88
51-8092.00,Gas Plant Operators,Active Learning,2.88
51-8092.00,Gas Plant Operators,Learning Strategies,2.75
51-8092.00,Gas Plant Operators,Science,2.0
51-8093.00,"Petroleum Pump System Operators, Refinery Operators, and Gaugers",Monitoring,3.62
51-8093.00,"Petroleum Pump System Operators, Refinery Operators, and Gaugers",Reading Comprehension,3.5
51-8093.00,"Petroleum Pump System Operators, Refinery Operators, and Gaugers",Speaking,3.12
51-8093.00,"Petroleum Pump System Operators, Refinery Operators, and Gaugers",Active Listening,3.0
51-8093.00,"Petroleum Pump System Operators, Refinery Operators, and Gaugers",Writing,3.0
51-8093.00,"Petroleum Pump System Operators, Refinery Operators, and Gaugers",Critical Thinking,3.0
51-8093.00,"Petroleum Pump System Operators, Refinery Operators, and Gaugers",Active Learning,3.0
51-8093.00,"Petroleum Pump System Operators, Refinery Operators, and Gaugers",Learning Strategies,2.88
51-8093.00,"Petroleum Pump System Operators, Refinery Operators, and Gaugers",Mathematics,2.62
51-8093.00,"Petroleum Pump System Operators, Refinery Operators, and Gaugers",Science,2.0
51-8099.01,Biofuels Processing Technicians,Reading Comprehension,3.5
51-8099.01,Biofuels Processing Technicians,Monitoring,3.38
51-8099.01,Biofuels Processing Technicians,Active Listening,3.25
51-8099.01,Biofuels Processing Technicians,Speaking,3.25
51-8099.01,Biofuels Processing Technicians,Writing,3.12
51-8099.01,Biofuels Processing Technicians,Critical Thinking,3.12
51-8099.01,Biofuels Processing Technicians,Mathematics,2.88
51-8099.01,Biofuels Processing Technicians,Science,2.88
51-8099.01,Biofuels Processing Technicians,Active Learning,2.88
51-8099.01,Biofuels Processing Technicians,Learning Strategies,2.5
51-9011.00,Chemical Equipment Operators and Tenders,Monitoring,3.62
51-9011.00,Chemical Equipment Operators and Tenders,Reading Comprehension,3.12
51-9011.00,Chemical Equipment Operators and Tenders,Active Listening,3.0
51-9011.00,Chemical Equipment Operators and Tenders,Writing,3.0
51-9011.00,Chemical Equipment Operators and Tenders,Critical Thinking,3.0
51-9011.00,Chemical Equipment Operators and Tenders,Speaking,2.88
51-9011.00,Chemical Equipment Operators and Tenders,Active Learning,2.88
51-9011.00,Chemical Equipment Operators and Tenders,Mathematics,2.62
51-9011.00,Chemical Equipment Operators and Tenders,Learning Strategies,2.62
51-9011.00,Chemical Equipment Operators and Tenders,Science,2.5
51-9012.00,"Separating, Filtering, Clarifying, Precipitating, and Still Machine Setters, Operators, and Tenders",Critical Thinking,3.12
51-9012.00,"Separating, Filtering, Clarifying, Precipitating, and Still Machine Setters, Operators, and Tenders",Monitoring,3.12
51-9012.00,"Separating, Filtering, Clarifying, Precipitating, and Still Machine Setters, Operators, and Tenders",Reading Comprehension,3.0
51-9012.00,"Separating, Filtering, Clarifying, Precipitating, and Still Machine Setters, Operators, and Tenders",Active Listening,3.0
51-9012.00,"Separating, Filtering, Clarifying, Precipitating, and Still Machine Setters, Operators, and Tenders",Writing,2.88
51-9012.00,"Separating, Filtering, Clarifying, Precipitating, and Still Machine Setters, Operators, and Tenders",Speaking,2.88
51-9012.00,"Separating, Filtering, Clarifying, Precipitating, and Still Machine Setters, Operators, and Tenders",Active Learning,2.88
51-9012.00,"Separating, Filtering, Clarifying, Precipitating, and Still Machine Setters, Operators, and Tenders",Learning Strategies,2.75
51-9012.00,"Separating, Filtering, Clarifying, Precipitating, and Still Machine Setters, Operators, and Tenders",Mathematics,2.62
51-9012.00,"Separating, Filtering, Clarifying, Precipitating, and Still Machine Setters, Operators, and Tenders",Science,2.5
51-9021.00,"Crushing, Grinding, and Polishing Machine Setters, Operators, and Tenders",Monitoring,3.12
51-9021.00,"Crushing, Grinding, and Polishing Machine Setters, Operators, and Tenders",Reading Comprehension,3.0
51-9021.00,"Crushing, Grinding, and Polishing Machine Setters, Operators, and Tenders",Active Listening,3.0
51-9021.00,"Crushing, Grinding, and Polishing Machine Setters, Operators, and Tenders",Speaking,3.0
51-9021.00,"Crushing, Grinding, and Polishing Machine Setters, Operators, and Tenders",Writing,2.88
51-9021.00,"Crushing, Grinding, and Polishing Machine Setters, Operators, and Tenders",Critical Thinking,2.88
51-9021.00,"Crushing, Grinding, and Polishing Machine Setters, Operators, and Tenders",Active Learning,2.75
51-9021.00,"Crushing, Grinding, and Polishing Machine Setters, Operators, and Tenders",Learning Strategies,2.5
51-9021.00,"Crushing, Grinding, and Polishing Machine Setters, Operators, and Tenders",Mathematics,2.38
51-9021.00,"Crushing, Grinding, and Polishing Machine Setters, Operators, and Tenders",Science,1.88
51-9022.00,"Grinding and Polishing Workers, Hand",Active Listening,2.88
51-9022.00,"Grinding and Polishing Workers, Hand",Speaking,2.88
51-9022.00,"Grinding and Polishing Workers, Hand",Critical Thinking,2.88
51-9022.00,"Grinding and Polishing Workers, Hand",Reading Comprehension,2.75
51-9022.00,"Grinding and Polishing Workers, Hand",Monitoring,2.75
51-9022.00,"Grinding and Polishing Workers, Hand",Writing,2.38
51-9022.00,"Grinding and Polishing Workers, Hand",Active Learning,2.38
51-9022.00,"Grinding and Polishing Workers, Hand",Mathematics,2.12
51-9022.00,"Grinding and Polishing Workers, Hand",Learning Strategies,2.12
51-9022.00,"Grinding and Polishing Workers, Hand",Science,1.12
51-9023.00,"Mixing and Blending Machine Setters, Operators, and Tenders",Reading Comprehension,3.12
51-9023.00,"Mixing and Blending Machine Setters, Operators, and Tenders",Critical Thinking,3.12
51-9023.00,"Mixing and Blending Machine Setters, Operators, and Tenders",Monitoring,3.12
51-9023.00,"Mixing and Blending Machine Setters, Operators, and Tenders",Speaking,3.0
51-9023.00,"Mixing and Blending Machine Setters, Operators, and Tenders",Active Listening,2.88
51-9023.00,"Mixing and Blending Machine Setters, Operators, and Tenders",Writing,2.75
51-9023.00,"Mixing and Blending Machine Setters, Operators, and Tenders",Active Learning,2.75
51-9023.00,"Mixing and Blending Machine Setters, Operators, and Tenders",Learning Strategies,2.62
51-9023.00,"Mixing and Blending Machine Setters, Operators, and Tenders",Mathematics,2.38
51-9023.00,"Mixing and Blending Machine Setters, Operators, and Tenders",Science,1.88
51-9031.00,"Cutters and Trimmers, Hand",Active Listening,2.88
51-9031.00,"Cutters and Trimmers, Hand",Speaking,2.88
51-9031.00,"Cutters and Trimmers, Hand",Reading Comprehension,2.75
51-9031.00,"Cutters and Trimmers, Hand",Monitoring,2.75
51-9031.00,"Cutters and Trimmers, Hand",Critical Thinking,2.62
51-9031.00,"Cutters and Trimmers, Hand",Writing,2.12
51-9031.00,"Cutters and Trimmers, Hand",Active Learning,2.12
51-9031.00,"Cutters and Trimmers, Hand",Mathematics,2.0
51-9031.00,"Cutters and Trimmers, Hand",Learning Strategies,2.0
51-9031.00,"Cutters and Trimmers, Hand",Science,1.0
51-9032.00,"Cutting and Slicing Machine Setters, Operators, and Tenders",Reading Comprehension,3.12
51-9032.00,"Cutting and Slicing Machine Setters, Operators, and Tenders",Monitoring,3.12
51-9032.00,"Cutting and Slicing Machine Setters, Operators, and Tenders",Active Listening,2.88
51-9032.00,"Cutting and Slicing Machine Setters, Operators, and Tenders",Critical Thinking,2.88
51-9032.00,"Cutting and Slicing Machine Setters, Operators, and Tenders",Speaking,2.75
51-9032.00,"Cutting and Slicing Machine Setters, Operators, and Tenders",Active Learning,2.5
51-9032.00,"Cutting and Slicing Machine Setters, Operators, and Tenders",Mathematics,2.38
51-9032.00,"Cutting and Slicing Machine Setters, Operators, and Tenders",Writing,2.25
51-9032.00,"Cutting and Slicing Machine Setters, Operators, and Tenders",Learning Strategies,2.0
51-9032.00,"Cutting and Slicing Machine Setters, Operators, and Tenders",Science,1.5
51-9041.00,"Extruding, Forming, Pressing, and Compacting Machine Setters, Operators, and Tenders",Monitoring,3.38
51-9041.00,"Extruding, Forming, Pressing, and Compacting Machine Setters, Operators, and Tenders",Speaking,3.12
51-9041.00,"Extruding, Forming, Pressing, and Compacting Machine Setters, Operators, and Tenders",Reading Comprehension,3.0
51-9041.00,"Extruding, Forming, Pressing, and Compacting Machine Setters, Operators, and Tenders",Active Listening,3.0
51-9041.00,"Extruding, Forming, Pressing, and Compacting Machine Setters, Operators, and Tenders",Critical Thinking,3.0
51-9041.00,"Extruding, Forming, Pressing, and Compacting Machine Setters, Operators, and Tenders",Writing,2.75
51-9041.00,"Extruding, Forming, Pressing, and Compacting Machine Setters, Operators, and Tenders",Active Learning,2.62
51-9041.00,"Extruding, Forming, Pressing, and Compacting Machine Setters, Operators, and Tenders",Mathematics,2.12
51-9041.00,"Extruding, Forming, Pressing, and Compacting Machine Setters, Operators, and Tenders",Learning Strategies,2.12
51-9041.00,"Extruding, Forming, Pressing, and Compacting Machine Setters, Operators, and Tenders",Science,1.75
51-9051.00,"Furnace, Kiln, Oven, Drier, and Kettle Operators and Tenders",Reading Comprehension,3.12
51-9051.00,"Furnace, Kiln, Oven, Drier, and Kettle Operators and Tenders",Active Listening,3.12
51-9051.00,"Furnace, Kiln, Oven, Drier, and Kettle Operators and Tenders",Speaking,3.12
51-9051.00,"Furnace, Kiln, Oven, Drier, and Kettle Operators and Tenders",Critical Thinking,3.12
51-9051.00,"Furnace, Kiln, Oven, Drier, and Kettle Operators and Tenders",Monitoring,3.12
51-9051.00,"Furnace, Kiln, Oven, Drier, and Kettle Operators and Tenders",Writing,2.62
51-9051.00,"Furnace, Kiln, Oven, Drier, and Kettle Operators and Tenders",Active Learning,2.38
51-9051.00,"Furnace, Kiln, Oven, Drier, and Kettle Operators and Tenders",Mathematics,2.25
51-9051.00,"Furnace, Kiln, Oven, Drier, and Kettle Operators and Tenders",Learning Strategies,2.12
51-9051.00,"Furnace, Kiln, Oven, Drier, and Kettle Operators and Tenders",Science,1.88
51-9061.00,"Inspectors, Testers, Sorters, Samplers, and Weighers",Writing,3.25
51-9061.00,"Inspectors, Testers, Sorters, Samplers, and Weighers",Critical Thinking,3.25
51-9061.00,"Inspectors, Testers, Sorters, Samplers, and Weighers",Reading Comprehension,3.12
51-9061.00,"Inspectors, Testers, Sorters, Samplers, and Weighers",Active Listening,3.12
51-9061.00,"Inspectors, Testers, Sorters, Samplers, and Weighers",Speaking,3.12
51-9061.00,"Inspectors, Testers, Sorters, Samplers, and Weighers",Monitoring,3.0
51-9061.00,"Inspectors, Testers, Sorters, Samplers, and Weighers",Mathematics,2.62
51-9061.00,"Inspectors, Testers, Sorters, Samplers, and Weighers",Active Learning,2.38
51-9061.00,"Inspectors, Testers, Sorters, Samplers, and Weighers",Learning Strategies,2.0
51-9061.00,"Inspectors, Testers, Sorters, Samplers, and Weighers",Science,1.62
51-9071.00,Jewelers and Precious Stone and Metal Workers,Active Listening,3.12
51-9071.00,Jewelers and Precious Stone and Metal Workers,Speaking,3.0
51-9071.00,Jewelers and Precious Stone and Metal Workers,Critical Thinking,3.0
51-9071.00,Jewelers and Precious Stone and Metal Workers,Reading Comprehension,2.75
51-9071.00,Jewelers and Precious Stone and Metal Workers,Monitoring,2.75
51-9071.00,Jewelers and Precious Stone and Metal Workers,Writing,2.5
51-9071.00,Jewelers and Precious Stone and Metal Workers,Active Learning,2.38
51-9071.00,Jewelers and Precious Stone and Metal Workers,Learning Strategies,2.25
51-9071.00,Jewelers and Precious Stone and Metal Workers,Mathematics,2.0
51-9071.00,Jewelers and Precious Stone and Metal Workers,Science,1.25
51-9071.06,Gem and Diamond Workers,Critical Thinking,3.12
51-9071.06,Gem and Diamond Workers,Monitoring,3.12
51-9071.06,Gem and Diamond Workers,Reading Comprehension,3.0
51-9071.06,Gem and Diamond Workers,Active Listening,3.0
51-9071.06,Gem and Diamond Workers,Speaking,3.0
51-9071.06,Gem and Diamond Workers,Writing,2.88
51-9071.06,Gem and Diamond Workers,Mathematics,2.75
51-9071.06,Gem and Diamond Workers,Active Learning,2.75
51-9071.06,Gem and Diamond Workers,Learning Strategies,2.12
51-9071.06,Gem and Diamond Workers,Science,1.5
51-9081.00,Dental Laboratory Technicians,Reading Comprehension,3.38
51-9081.00,Dental Laboratory Technicians,Critical Thinking,3.25
51-9081.00,Dental Laboratory Technicians,Active Listening,3.0
51-9081.00,Dental Laboratory Technicians,Speaking,3.0
51-9081.00,Dental Laboratory Technicians,Active Learning,3.0
51-9081.00,Dental Laboratory Technicians,Monitoring,3.0
51-9081.00,Dental Laboratory Technicians,Writing,2.88
51-9081.00,Dental Laboratory Technicians,Learning Strategies,2.88
51-9081.00,Dental Laboratory Technicians,Science,2.12
51-9081.00,Dental Laboratory Technicians,Mathematics,2.0
51-9082.00,Medical Appliance Technicians,Critical Thinking,3.75
51-9082.00,Medical Appliance Technicians,Reading Comprehension,3.62
51-9082.00,Medical Appliance Technicians,Active Listening,3.62
51-9082.00,Medical Appliance Technicians,Speaking,3.62
51-9082.00,Medical Appliance Technicians,Monitoring,3.25
51-9082.00,Medical Appliance Technicians,Active Learning,3.12
51-9082.00,Medical Appliance Technicians,Writing,2.88
51-9082.00,Medical Appliance Technicians,Learning Strategies,2.75
51-9082.00,Medical Appliance Technicians,Mathematics,2.62
51-9082.00,Medical Appliance Technicians,Science,1.75
51-9083.00,Ophthalmic Laboratory Technicians,Reading Comprehension,3.0
51-9083.00,Ophthalmic Laboratory Technicians,Critical Thinking,3.0
51-9083.00,Ophthalmic Laboratory Technicians,Monitoring,3.0
51-9083.00,Ophthalmic Laboratory Technicians,Active Listening,2.88
51-9083.00,Ophthalmic Laboratory Technicians,Speaking,2.88
51-9083.00,Ophthalmic Laboratory Technicians,Writing,2.75
51-9083.00,Ophthalmic Laboratory Technicians,Active Learning,2.75
51-9083.00,Ophthalmic Laboratory Technicians,Learning Strategies,2.5
51-9083.00,Ophthalmic Laboratory Technicians,Mathematics,2.12
51-9083.00,Ophthalmic Laboratory Technicians,Science,1.75
51-9111.00,Packaging and Filling Machine Operators and Tenders,Monitoring,3.12
51-9111.00,Packaging and Filling Machine Operators and Tenders,Active Listening,3.0
51-9111.00,Packaging and Filling Machine Operators and Tenders,Reading Comprehension,2.88
51-9111.00,Packaging and Filling Machine Operators and Tenders,Critical Thinking,2.88
51-9111.00,Packaging and Filling Machine Operators and Tenders,Speaking,2.75
51-9111.00,Packaging and Filling Machine Operators and Tenders,Writing,2.62
51-9111.00,Packaging and Filling Machine Operators and Tenders,Active Learning,2.38
51-9111.00,Packaging and Filling Machine Operators and Tenders,Mathematics,2.12
51-9111.00,Packaging and Filling Machine Operators and Tenders,Learning Strategies,2.12
51-9111.00,Packaging and Filling Machine Operators and Tenders,Science,1.0
51-9123.00,"Painting, Coating, and Decorating Workers",Active Listening,2.88
51-9123.00,"Painting, Coating, and Decorating Workers",Monitoring,2.88
51-9123.00,"Painting, Coating, and Decorating Workers",Reading Comprehension,2.75
51-9123.00,"Painting, Coating, and Decorating Workers",Speaking,2.75
51-9123.00,"Painting, Coating, and Decorating Workers",Critical Thinking,2.75
51-9123.00,"Painting, Coating, and Decorating Workers",Writing,2.25
51-9123.00,"Painting, Coating, and Decorating Workers",Active Learning,2.12
51-9123.00,"Painting, Coating, and Decorating Workers",Learning Strategies,2.0
51-9123.00,"Painting, Coating, and Decorating Workers",Mathematics,1.88
51-9123.00,"Painting, Coating, and Decorating Workers",Science,1.0
51-9124.00,"Coating, Painting, and Spraying Machine Setters, Operators, and Tenders",Monitoring,3.12
51-9124.00,"Coating, Painting, and Spraying Machine Setters, Operators, and Tenders",Critical Thinking,2.75
51-9124.00,"Coating, Painting, and Spraying Machine Setters, Operators, and Tenders",Reading Comprehension,2.62
51-9124.00,"Coating, Painting, and Spraying Machine Setters, Operators, and Tenders",Active Listening,2.62
51-9124.00,"Coating, Painting, and Spraying Machine Setters, Operators, and Tenders",Speaking,2.62
51-9124.00,"Coating, Painting, and Spraying Machine Setters, Operators, and Tenders",Learning Strategies,2.62
51-9124.00,"Coating, Painting, and Spraying Machine Setters, Operators, and Tenders",Active Learning,2.5
51-9124.00,"Coating, Painting, and Spraying Machine Setters, Operators, and Tenders",Writing,2.25
51-9124.00,"Coating, Painting, and Spraying Machine Setters, Operators, and Tenders",Mathematics,2.0
51-9124.00,"Coating, Painting, and Spraying Machine Setters, Operators, and Tenders",Science,1.12
51-9141.00,Semiconductor Processing Technicians,Reading Comprehension,3.38
51-9141.00,Semiconductor Processing Technicians,Critical Thinking,3.38
51-9141.00,Semiconductor Processing Technicians,Active Listening,3.25
51-9141.00,Semiconductor Processing Technicians,Monitoring,3.25
51-9141.00,Semiconductor Processing Technicians,Speaking,2.88
51-9141.00,Semiconductor Processing Technicians,Writing,2.75
51-9141.00,Semiconductor Processing Technicians,Active Learning,2.5
51-9141.00,Semiconductor Processing Technicians,Learning Strategies,2.25
51-9141.00,Semiconductor Processing Technicians,Mathematics,1.88
51-9141.00,Semiconductor Processing Technicians,Science,1.88
51-9151.00,Photographic Process Workers and Processing Machine Operators,Active Listening,3.38
51-9151.00,Photographic Process Workers and Processing Machine Operators,Reading Comprehension,3.25
51-9151.00,Photographic Process Workers and Processing Machine Operators,Speaking,3.25
51-9151.00,Photographic Process Workers and Processing Machine Operators,Critical Thinking,3.12
51-9151.00,Photographic Process Workers and Processing Machine Operators,Monitoring,3.12
51-9151.00,Photographic Process Workers and Processing Machine Operators,Active Learning,2.88
51-9151.00,Photographic Process Workers and Processing Machine Operators,Writing,2.75
51-9151.00,Photographic Process Workers and Processing Machine Operators,Learning Strategies,2.5
51-9151.00,Photographic Process Workers and Processing Machine Operators,Mathematics,2.0
51-9151.00,Photographic Process Workers and Processing Machine Operators,Science,1.62
51-9161.00,Computer Numerically Controlled Tool Operators,Critical Thinking,3.62
51-9161.00,Computer Numerically Controlled Tool Operators,Monitoring,3.62
51-9161.00,Computer Numerically Controlled Tool Operators,Active Listening,3.12
51-9161.00,Computer Numerically Controlled Tool Operators,Speaking,3.0
51-9161.00,Computer Numerically Controlled Tool Operators,Reading Comprehension,2.88
51-9161.00,Computer Numerically Controlled Tool Operators,Active Learning,2.88
51-9161.00,Computer Numerically Controlled Tool Operators,Mathematics,2.75
51-9161.00,Computer Numerically Controlled Tool Operators,Writing,2.62
51-9161.00,Computer Numerically Controlled Tool Operators,Learning Strategies,2.62
51-9161.00,Computer Numerically Controlled Tool Operators,Science,1.62
51-9162.00,Computer Numerically Controlled Tool Programmers,Monitoring,3.5
51-9162.00,Computer Numerically Controlled Tool Programmers,Mathematics,3.12
51-9162.00,Computer Numerically Controlled Tool Programmers,Reading Comprehension,3.0
51-9162.00,Computer Numerically Controlled Tool Programmers,Active Listening,3.0
51-9162.00,Computer Numerically Controlled Tool Programmers,Speaking,3.0
51-9162.00,Computer Numerically Controlled Tool Programmers,Critical Thinking,3.0
51-9162.00,Computer Numerically Controlled Tool Programmers,Writing,2.88
51-9162.00,Computer Numerically Controlled Tool Programmers,Active Learning,2.88
51-9162.00,Computer Numerically Controlled Tool Programmers,Learning Strategies,2.62
51-9162.00,Computer Numerically Controlled Tool Programmers,Science,1.88
51-9191.00,Adhesive Bonding Machine Operators and Tenders,Active Listening,3.12
51-9191.00,Adhesive Bonding Machine Operators and Tenders,Speaking,3.12
51-9191.00,Adhesive Bonding Machine Operators and Tenders,Monitoring,3.12
51-9191.00,Adhesive Bonding Machine Operators and Tenders,Reading Comprehension,3.0
51-9191.00,Adhesive Bonding Machine Operators and Tenders,Critical Thinking,2.88
51-9191.00,Adhesive Bonding Machine Operators and Tenders,Writing,2.75
51-9191.00,Adhesive Bonding Machine Operators and Tenders,Active Learning,2.62
51-9191.00,Adhesive Bonding Machine Operators and Tenders,Mathematics,2.5
51-9191.00,Adhesive Bonding Machine Operators and Tenders,Learning Strategies,2.25
51-9191.00,Adhesive Bonding Machine Operators and Tenders,Science,1.5
51-9192.00,"Cleaning, Washing, and Metal Pickling Equipment Operators and Tenders",Active Listening,2.88
51-9192.00,"Cleaning, Washing, and Metal Pickling Equipment Operators and Tenders",Speaking,2.88
51-9192.00,"Cleaning, Washing, and Metal Pickling Equipment Operators and Tenders",Critical Thinking,2.88
51-9192.00,"Cleaning, Washing, and Metal Pickling Equipment Operators and Tenders",Monitoring,2.88
51-9192.00,"Cleaning, Washing, and Metal Pickling Equipment Operators and Tenders",Reading Comprehension,2.75
51-9192.00,"Cleaning, Washing, and Metal Pickling Equipment Operators and Tenders",Writing,2.25
51-9192.00,"Cleaning, Washing, and Metal Pickling Equipment Operators and Tenders",Learning Strategies,2.25
51-9192.00,"Cleaning, Washing, and Metal Pickling Equipment Operators and Tenders",Active Learning,2.12
51-9192.00,"Cleaning, Washing, and Metal Pickling Equipment Operators and Tenders",Mathematics,2.0
51-9192.00,"Cleaning, Washing, and Metal Pickling Equipment Operators and Tenders",Science,1.5
51-9193.00,Cooling and Freezing Equipment Operators and Tenders,Critical Thinking,3.62
51-9193.00,Cooling and Freezing Equipment Operators and Tenders,Monitoring,3.5
51-9193.00,Cooling and Freezing Equipment Operators and Tenders,Speaking,3.12
51-9193.00,Cooling and Freezing Equipment Operators and Tenders,Reading Comprehension,3.0
51-9193.00,Cooling and Freezing Equipment Operators and Tenders,Active Listening,3.0
51-9193.00,Cooling and Freezing Equipment Operators and Tenders,Active Learning,3.0
51-9193.00,Cooling and Freezing Equipment Operators and Tenders,Writing,2.88
51-9193.00,Cooling and Freezing Equipment Operators and Tenders,Learning Strategies,2.5
51-9193.00,Cooling and Freezing Equipment Operators and Tenders,Mathematics,2.38
51-9193.00,Cooling and Freezing Equipment Operators and Tenders,Science,1.75
51-9194.00,Etchers and Engravers,Reading Comprehension,3.12
51-9194.00,Etchers and Engravers,Monitoring,3.12
51-9194.00,Etchers and Engravers,Active Listening,3.0
51-9194.00,Etchers and Engravers,Speaking,3.0
51-9194.00,Etchers and Engravers,Critical Thinking,3.0
51-9194.00,Etchers and Engravers,Active Learning,2.38
51-9194.00,Etchers and Engravers,Writing,2.25
51-9194.00,Etchers and Engravers,Learning Strategies,2.25
51-9194.00,Etchers and Engravers,Mathematics,2.0
51-9194.00,Etchers and Engravers,Science,1.12
51-9195.00,"Molders, Shapers, and Casters, Except Metal and Plastic",Reading Comprehension,2.88
51-9195.00,"Molders, Shapers, and Casters, Except Metal and Plastic",Active Listening,2.88
51-9195.00,"Molders, Shapers, and Casters, Except Metal and Plastic",Speaking,2.75
51-9195.00,"Molders, Shapers, and Casters, Except Metal and Plastic",Monitoring,2.75
51-9195.00,"Molders, Shapers, and Casters, Except Metal and Plastic",Writing,2.62
51-9195.00,"Molders, Shapers, and Casters, Except Metal and Plastic",Critical Thinking,2.62
51-9195.00,"Molders, Shapers, and Casters, Except Metal and Plastic",Active Learning,2.25
51-9195.00,"Molders, Shapers, and Casters, Except Metal and Plastic",Learning Strategies,2.12
51-9195.00,"Molders, Shapers, and Casters, Except Metal and Plastic",Mathematics,2.0
51-9195.00,"Molders, Shapers, and Casters, Except Metal and Plastic",Science,1.0
51-9195.03,"Stone Cutters and Carvers, Manufacturing",Active Listening,3.0
51-9195.03,"Stone Cutters and Carvers, Manufacturing",Critical Thinking,3.0
51-9195.03,"Stone Cutters and Carvers, Manufacturing",Reading Comprehension,2.88
51-9195.03,"Stone Cutters and Carvers, Manufacturing",Speaking,2.88
51-9195.03,"Stone Cutters and Carvers, Manufacturing",Monitoring,2.88
51-9195.03,"Stone Cutters and Carvers, Manufacturing",Active Learning,2.5
51-9195.03,"Stone Cutters and Carvers, Manufacturing",Writing,2.25
51-9195.03,"Stone Cutters and Carvers, Manufacturing",Mathematics,2.25
51-9195.03,"Stone Cutters and Carvers, Manufacturing",Learning Strategies,2.25
51-9195.03,"Stone Cutters and Carvers, Manufacturing",Science,1.38
51-9195.04,"Glass Blowers, Molders, Benders, and Finishers",Monitoring,3.12
51-9195.04,"Glass Blowers, Molders, Benders, and Finishers",Active Listening,3.0
51-9195.04,"Glass Blowers, Molders, Benders, and Finishers",Speaking,3.0
51-9195.04,"Glass Blowers, Molders, Benders, and Finishers",Critical Thinking,3.0
51-9195.04,"Glass Blowers, Molders, Benders, and Finishers",Reading Comprehension,2.88
51-9195.04,"Glass Blowers, Molders, Benders, and Finishers",Writing,2.88
51-9195.04,"Glass Blowers, Molders, Benders, and Finishers",Mathematics,2.5
51-9195.04,"Glass Blowers, Molders, Benders, and Finishers",Active Learning,2.5
51-9195.04,"Glass Blowers, Molders, Benders, and Finishers",Learning Strategies,2.5
51-9195.04,"Glass Blowers, Molders, Benders, and Finishers",Science,1.75
51-9195.05,"Potters, Manufacturing",Active Listening,3.0
51-9195.05,"Potters, Manufacturing",Critical Thinking,3.0
51-9195.05,"Potters, Manufacturing",Monitoring,3.0
51-9195.05,"Potters, Manufacturing",Speaking,2.88
51-9195.05,"Potters, Manufacturing",Reading Comprehension,2.75
51-9195.05,"Potters, Manufacturing",Writing,2.38
51-9195.05,"Potters, Manufacturing",Mathematics,2.12
51-9195.05,"Potters, Manufacturing",Active Learning,2.0
51-9195.05,"Potters, Manufacturing",Learning Strategies,1.75
51-9195.05,"Potters, Manufacturing",Science,1.5
51-9196.00,"Paper Goods Machine Setters, Operators, and Tenders",Active Listening,3.0
51-9196.00,"Paper Goods Machine Setters, Operators, and Tenders",Speaking,3.0
51-9196.00,"Paper Goods Machine Setters, Operators, and Tenders",Critical Thinking,3.0
51-9196.00,"Paper Goods Machine Setters, Operators, and Tenders",Monitoring,3.0
51-9196.00,"Paper Goods Machine Setters, Operators, and Tenders",Active Learning,2.88
51-9196.00,"Paper Goods Machine Setters, Operators, and Tenders",Reading Comprehension,2.75
51-9196.00,"Paper Goods Machine Setters, Operators, and Tenders",Writing,2.25
51-9196.00,"Paper Goods Machine Setters, Operators, and Tenders",Mathematics,2.12
51-9196.00,"Paper Goods Machine Setters, Operators, and Tenders",Learning Strategies,2.0
51-9196.00,"Paper Goods Machine Setters, Operators, and Tenders",Science,1.0
51-9197.00,Tire Builders,Active Listening,3.0
51-9197.00,Tire Builders,Critical Thinking,3.0
51-9197.00,Tire Builders,Monitoring,3.0
51-9197.00,Tire Builders,Speaking,2.62
51-9197.00,Tire Builders,Reading Comprehension,2.25
51-9197.00,Tire Builders,Writing,2.0
51-9197.00,Tire Builders,Active Learning,2.0
51-9197.00,Tire Builders,Learning Strategies,2.0
51-9197.00,Tire Builders,Mathematics,1.88
51-9197.00,Tire Builders,Science,1.0
51-9198.00,Helpers--Production Workers,Active Listening,2.75
51-9198.00,Helpers--Production Workers,Monitoring,2.75
51-9198.00,Helpers--Production Workers,Reading Comprehension,2.62
51-9198.00,Helpers--Production Workers,Speaking,2.62
51-9198.00,Helpers--Production Workers,Critical Thinking,2.62
51-9198.00,Helpers--Production Workers,Active Learning,2.12
51-9198.00,Helpers--Production Workers,Writing,2.0
51-9198.00,Helpers--Production Workers,Mathematics,2.0
51-9198.00,Helpers--Production Workers,Learning Strategies,2.0
51-9198.00,Helpers--Production Workers,Science,1.0
53-1041.00,Aircraft Cargo Handling Supervisors,Critical Thinking,3.75
53-1041.00,Aircraft Cargo Handling Supervisors,Active Listening,3.62
53-1041.00,Aircraft Cargo Handling Supervisors,Speaking,3.62
53-1041.00,Aircraft Cargo Handling Supervisors,Monitoring,3.62
53-1041.00,Aircraft Cargo Handling Supervisors,Learning Strategies,3.5
53-1041.00,Aircraft Cargo Handling Supervisors,Reading Comprehension,3.25
53-1041.00,Aircraft Cargo Handling Supervisors,Writing,3.12
53-1041.00,Aircraft Cargo Handling Supervisors,Mathematics,3.0
53-1041.00,Aircraft Cargo Handling Supervisors,Active Learning,3.0
53-1041.00,Aircraft Cargo Handling Supervisors,Science,1.5
53-1042.00,"First-Line Supervisors of Helpers, Laborers, and Material Movers, Hand",Speaking,3.62
53-1042.00,"First-Line Supervisors of Helpers, Laborers, and Material Movers, Hand",Active Listening,3.5
53-1042.00,"First-Line Supervisors of Helpers, Laborers, and Material Movers, Hand",Critical Thinking,3.38
53-1042.00,"First-Line Supervisors of Helpers, Laborers, and Material Movers, Hand",Monitoring,3.38
53-1042.00,"First-Line Supervisors of Helpers, Laborers, and Material Movers, Hand",Reading Comprehension,3.12
53-1042.00,"First-Line Supervisors of Helpers, Laborers, and Material Movers, Hand",Writing,3.12
53-1042.00,"First-Line Supervisors of Helpers, Laborers, and Material Movers, Hand",Learning Strategies,3.0
53-1042.00,"First-Line Supervisors of Helpers, Laborers, and Material Movers, Hand",Active Learning,2.75
53-1042.00,"First-Line Supervisors of Helpers, Laborers, and Material Movers, Hand",Mathematics,2.25
53-1042.00,"First-Line Supervisors of Helpers, Laborers, and Material Movers, Hand",Science,1.38
53-1042.01,Recycling Coordinators,Speaking,3.88
53-1042.01,Recycling Coordinators,Active Listening,3.62
53-1042.01,Recycling Coordinators,Critical Thinking,3.62
53-1042.01,Recycling Coordinators,Reading Comprehension,3.5
53-1042.01,Recycling Coordinators,Monitoring,3.5
53-1042.01,Recycling Coordinators,Writing,3.12
53-1042.01,Recycling Coordinators,Active Learning,3.12
53-1042.01,Recycling Coordinators,Learning Strategies,3.0
53-1042.01,Recycling Coordinators,Mathematics,2.5
53-1042.01,Recycling Coordinators,Science,1.25
53-1043.00,First-Line Supervisors of Material-Moving Machine and Vehicle Operators,Active Listening,4.0
53-1043.00,First-Line Supervisors of Material-Moving Machine and Vehicle Operators,Speaking,3.88
53-1043.00,First-Line Supervisors of Material-Moving Machine and Vehicle Operators,Reading Comprehension,3.62
53-1043.00,First-Line Supervisors of Material-Moving Machine and Vehicle Operators,Critical Thinking,3.62
53-1043.00,First-Line Supervisors of Material-Moving Machine and Vehicle Operators,Monitoring,3.5
53-1043.00,First-Line Supervisors of Material-Moving Machine and Vehicle Operators,Writing,3.38
53-1043.00,First-Line Supervisors of Material-Moving Machine and Vehicle Operators,Active Learning,3.12
53-1043.00,First-Line Supervisors of Material-Moving Machine and Vehicle Operators,Learning Strategies,3.12
53-1043.00,First-Line Supervisors of Material-Moving Machine and Vehicle Operators,Mathematics,2.75
53-1043.00,First-Line Supervisors of Material-Moving Machine and Vehicle Operators,Science,1.25
53-1044.00,First-Line Supervisors of Passenger Attendants,Active Listening,3.88
53-1044.00,First-Line Supervisors of Passenger Attendants,Speaking,3.88
53-1044.00,First-Line Supervisors of Passenger Attendants,Reading Comprehension,3.62
53-1044.00,First-Line Supervisors of Passenger Attendants,Critical Thinking,3.62
53-1044.00,First-Line Supervisors of Passenger Attendants,Active Learning,3.5
53-1044.00,First-Line Supervisors of Passenger Attendants,Monitoring,3.5
53-1044.00,First-Line Supervisors of Passenger Attendants,Writing,3.38
53-1044.00,First-Line Supervisors of Passenger Attendants,Learning Strategies,3.25
53-1044.00,First-Line Supervisors of Passenger Attendants,Mathematics,2.5
53-1044.00,First-Line Supervisors of Passenger Attendants,Science,1.12
53-2011.00,"Airline Pilots, Copilots, and Flight Engineers",Active Listening,4.12
53-2011.00,"Airline Pilots, Copilots, and Flight Engineers",Critical Thinking,4.12
53-2011.00,"Airline Pilots, Copilots, and Flight Engineers",Monitoring,4.12
53-2011.00,"Airline Pilots, Copilots, and Flight Engineers",Reading Comprehension,3.88
53-2011.00,"Airline Pilots, Copilots, and Flight Engineers",Speaking,3.75
53-2011.00,"Airline Pilots, Copilots, and Flight Engineers",Active Learning,3.75
53-2011.00,"Airline Pilots, Copilots, and Flight Engineers",Writing,3.12
53-2011.00,"Airline Pilots, Copilots, and Flight Engineers",Mathematics,3.12
53-2011.00,"Airline Pilots, Copilots, and Flight Engineers",Learning Strategies,3.0
53-2011.00,"Airline Pilots, Copilots, and Flight Engineers",Science,2.75
53-2012.00,Commercial Pilots,Monitoring,4.12
53-2012.00,Commercial Pilots,Critical Thinking,4.0
53-2012.00,Commercial Pilots,Active Listening,3.88
53-2012.00,Commercial Pilots,Reading Comprehension,3.75
53-2012.00,Commercial Pilots,Speaking,3.75
53-2012.00,Commercial Pilots,Active Learning,3.62
53-2012.00,Commercial Pilots,Learning Strategies,3.12
53-2012.00,Commercial Pilots,Writing,3.0
53-2012.00,Commercial Pilots,Mathematics,2.75
53-2012.00,Commercial Pilots,Science,2.62
53-2021.00,Air Traffic Controllers,Active Listening,4.38
53-2021.00,Air Traffic Controllers,Speaking,4.25
53-2021.00,Air Traffic Controllers,Critical Thinking,4.12
53-2021.00,Air Traffic Controllers,Monitoring,4.0
53-2021.00,Air Traffic Controllers,Reading Comprehension,3.75
53-2021.00,Air Traffic Controllers,Active Learning,3.75
53-2021.00,Air Traffic Controllers,Writing,3.12
53-2021.00,Air Traffic Controllers,Learning Strategies,3.12
53-2021.00,Air Traffic Controllers,Mathematics,2.88
53-2021.00,Air Traffic Controllers,Science,1.75
53-2022.00,Airfield Operations Specialists,Active Listening,4.0
53-2022.00,Airfield Operations Specialists,Monitoring,4.0
53-2022.00,Airfield Operations Specialists,Reading Comprehension,3.75
53-2022.00,Airfield Operations Specialists,Speaking,3.75
53-2022.00,Airfield Operations Specialists,Critical Thinking,3.75
53-2022.00,Airfield Operations Specialists,Writing,3.38
53-2022.00,Airfield Operations Specialists,Active Learning,3.25
53-2022.00,Airfield Operations Specialists,Learning Strategies,3.0
53-2022.00,Airfield Operations Specialists,Mathematics,2.12
53-2022.00,Airfield Operations Specialists,Science,1.62
53-2031.00,Flight Attendants,Speaking,4.12
53-2031.00,Flight Attendants,Active Listening,3.88
53-2031.00,Flight Attendants,Monitoring,3.88
53-2031.00,Flight Attendants,Reading Comprehension,3.12
53-2031.00,Flight Attendants,Critical Thinking,3.12
53-2031.00,Flight Attendants,Active Learning,3.12
53-2031.00,Flight Attendants,Writing,3.0
53-2031.00,Flight Attendants,Learning Strategies,2.75
53-2031.00,Flight Attendants,Mathematics,2.0
53-2031.00,Flight Attendants,Science,1.38
53-3011.00,"Ambulance Drivers and Attendants, Except Emergency Medical Technicians",Active Listening,3.5
53-3011.00,"Ambulance Drivers and Attendants, Except Emergency Medical Technicians",Critical Thinking,3.5
53-3011.00,"Ambulance Drivers and Attendants, Except Emergency Medical Technicians",Speaking,3.38
53-3011.00,"Ambulance Drivers and Attendants, Except Emergency Medical Technicians",Reading Comprehension,3.25
53-3011.00,"Ambulance Drivers and Attendants, Except Emergency Medical Technicians",Active Learning,3.12
53-3011.00,"Ambulance Drivers and Attendants, Except Emergency Medical Technicians",Monitoring,3.0
53-3011.00,"Ambulance Drivers and Attendants, Except Emergency Medical Technicians",Writing,2.75
53-3011.00,"Ambulance Drivers and Attendants, Except Emergency Medical Technicians",Learning Strategies,2.5
53-3011.00,"Ambulance Drivers and Attendants, Except Emergency Medical Technicians",Mathematics,2.0
53-3011.00,"Ambulance Drivers and Attendants, Except Emergency Medical Technicians",Science,1.62
53-3031.00,Driver/Sales Workers,Active Listening,3.75
53-3031.00,Driver/Sales Workers,Speaking,3.62
53-3031.00,Driver/Sales Workers,Critical Thinking,3.12
53-3031.00,Driver/Sales Workers,Reading Comprehension,3.0
53-3031.00,Driver/Sales Workers,Monitoring,2.88
53-3031.00,Driver/Sales Workers,Writing,2.75
53-3031.00,Driver/Sales Workers,Active Learning,2.75
53-3031.00,Driver/Sales Workers,Mathematics,2.62
53-3031.00,Driver/Sales Workers,Learning Strategies,2.0
53-3031.00,Driver/Sales Workers,Science,1.0
53-3032.00,Heavy and Tractor-Trailer Truck Drivers,Monitoring,3.12
53-3032.00,Heavy and Tractor-Trailer Truck Drivers,Reading Comprehension,3.0
53-3032.00,Heavy and Tractor-Trailer Truck Drivers,Speaking,3.0
53-3032.00,Heavy and Tractor-Trailer Truck Drivers,Critical Thinking,3.0
53-3032.00,Heavy and Tractor-Trailer Truck Drivers,Active Listening,2.88
53-3032.00,Heavy and Tractor-Trailer Truck Drivers,Writing,2.75
53-3032.00,Heavy and Tractor-Trailer Truck Drivers,Active Learning,2.5
53-3032.00,Heavy and Tractor-Trailer Truck Drivers,Mathematics,2.0
53-3032.00,Heavy and Tractor-Trailer Truck Drivers,Learning Strategies,2.0
53-3032.00,Heavy and Tractor-Trailer Truck Drivers,Science,1.0
53-3033.00,Light Truck Drivers,Reading Comprehension,3.12
53-3033.00,Light Truck Drivers,Active Listening,3.12
53-3033.00,Light Truck Drivers,Speaking,3.12
53-3033.00,Light Truck Drivers,Monitoring,3.12
53-3033.00,Light Truck Drivers,Critical Thinking,3.0
53-3033.00,Light Truck Drivers,Writing,2.75
53-3033.00,Light Truck Drivers,Mathematics,2.25
53-3033.00,Light Truck Drivers,Active Learning,2.12
53-3033.00,Light Truck Drivers,Learning Strategies,2.0
53-3033.00,Light Truck Drivers,Science,1.12
53-3051.00,"Bus Drivers, School",Active Listening,3.38
53-3051.00,"Bus Drivers, School",Critical Thinking,3.38
53-3051.00,"Bus Drivers, School",Monitoring,3.38
53-3051.00,"Bus Drivers, School",Speaking,3.12
53-3051.00,"Bus Drivers, School",Reading Comprehension,3.0
53-3051.00,"Bus Drivers, School",Writing,2.62
53-3051.00,"Bus Drivers, School",Active Learning,2.5
53-3051.00,"Bus Drivers, School",Learning Strategies,2.38
53-3051.00,"Bus Drivers, School",Mathematics,1.75
53-3051.00,"Bus Drivers, School",Science,1.0
53-3052.00,"Bus Drivers, Transit and Intercity",Active Listening,3.12
53-3052.00,"Bus Drivers, Transit and Intercity",Critical Thinking,3.12
53-3052.00,"Bus Drivers, Transit and Intercity",Speaking,3.0
53-3052.00,"Bus Drivers, Transit and Intercity",Monitoring,3.0
53-3052.00,"Bus Drivers, Transit and Intercity",Reading Comprehension,2.75
53-3052.00,"Bus Drivers, Transit and Intercity",Active Learning,2.62
53-3052.00,"Bus Drivers, Transit and Intercity",Writing,2.5
53-3052.00,"Bus Drivers, Transit and Intercity",Learning Strategies,2.12
53-3052.00,"Bus Drivers, Transit and Intercity",Mathematics,2.0
53-3052.00,"Bus Drivers, Transit and Intercity",Science,1.0
53-3053.00,Shuttle Drivers and Chauffeurs,Active Listening,3.38
53-3053.00,Shuttle Drivers and Chauffeurs,Critical Thinking,3.25
53-3053.00,Shuttle Drivers and Chauffeurs,Monitoring,3.25
53-3053.00,Shuttle Drivers and Chauffeurs,Speaking,3.12
53-3053.00,Shuttle Drivers and Chauffeurs,Reading Comprehension,2.88
53-3053.00,Shuttle Drivers and Chauffeurs,Active Learning,2.62
53-3053.00,Shuttle Drivers and Chauffeurs,Writing,2.5
53-3053.00,Shuttle Drivers and Chauffeurs,Learning Strategies,2.25
53-3053.00,Shuttle Drivers and Chauffeurs,Mathematics,1.88
53-3053.00,Shuttle Drivers and Chauffeurs,Science,1.0
53-4011.00,Locomotive Engineers,Monitoring,3.88
53-4011.00,Locomotive Engineers,Critical Thinking,3.62
53-4011.00,Locomotive Engineers,Active Listening,3.5
53-4011.00,Locomotive Engineers,Speaking,3.38
53-4011.00,Locomotive Engineers,Reading Comprehension,3.12
53-4011.00,Locomotive Engineers,Active Learning,3.0
53-4011.00,Locomotive Engineers,Writing,2.88
53-4011.00,Locomotive Engineers,Learning Strategies,2.62
53-4011.00,Locomotive Engineers,Mathematics,2.5
53-4011.00,Locomotive Engineers,Science,1.12
53-4013.00,"Rail Yard Engineers, Dinkey Operators, and Hostlers",Monitoring,3.62
53-4013.00,"Rail Yard Engineers, Dinkey Operators, and Hostlers",Speaking,3.5
53-4013.00,"Rail Yard Engineers, Dinkey Operators, and Hostlers",Active Listening,3.38
53-4013.00,"Rail Yard Engineers, Dinkey Operators, and Hostlers",Critical Thinking,3.25
53-4013.00,"Rail Yard Engineers, Dinkey Operators, and Hostlers",Reading Comprehension,3.12
53-4013.00,"Rail Yard Engineers, Dinkey Operators, and Hostlers",Active Learning,3.0
53-4013.00,"Rail Yard Engineers, Dinkey Operators, and Hostlers",Writing,2.88
53-4013.00,"Rail Yard Engineers, Dinkey Operators, and Hostlers",Learning Strategies,2.75
53-4013.00,"Rail Yard Engineers, Dinkey Operators, and Hostlers",Mathematics,2.38
53-4013.00,"Rail Yard Engineers, Dinkey Operators, and Hostlers",Science,1.5
53-4022.00,"Railroad Brake, Signal, and Switch Operators and Locomotive Firers",Monitoring,3.38
53-4022.00,"Railroad Brake, Signal, and Switch Operators and Locomotive Firers",Active Listening,3.0
53-4022.00,"Railroad Brake, Signal, and Switch Operators and Locomotive Firers",Speaking,3.0
53-4022.00,"Railroad Brake, Signal, and Switch Operators and Locomotive Firers",Critical Thinking,3.0
53-4022.00,"Railroad Brake, Signal, and Switch Operators and Locomotive Firers",Reading Comprehension,2.88
53-4022.00,"Railroad Brake, Signal, and Switch Operators and Locomotive Firers",Writing,2.38
53-4022.00,"Railroad Brake, Signal, and Switch Operators and Locomotive Firers",Active Learning,2.38
53-4022.00,"Railroad Brake, Signal, and Switch Operators and Locomotive Firers",Learning Strategies,2.25
53-4022.00,"Railroad Brake, Signal, and Switch Operators and Locomotive Firers",Mathematics,1.75
53-4022.00,"Railroad Brake, Signal, and Switch Operators and Locomotive Firers",Science,1.0
53-4031.00,Railroad Conductors and Yardmasters,Speaking,3.75
53-4031.00,Railroad Conductors and Yardmasters,Monitoring,3.75
53-4031.00,Railroad Conductors and Yardmasters,Critical Thinking,3.62
53-4031.00,Railroad Conductors and Yardmasters,Active Listening,3.5
53-4031.00,Railroad Conductors and Yardmasters,Reading Comprehension,3.12
53-4031.00,Railroad Conductors and Yardmasters,Writing,3.0
53-4031.00,Railroad Conductors and Yardmasters,Active Learning,3.0
53-4031.00,Railroad Conductors and Yardmasters,Learning Strategies,2.75
53-4031.00,Railroad Conductors and Yardmasters,Mathematics,2.25
53-4031.00,Railroad Conductors and Yardmasters,Science,1.5
53-4041.00,Subway and Streetcar Operators,Active Listening,3.62
53-4041.00,Subway and Streetcar Operators,Speaking,3.38
53-4041.00,Subway and Streetcar Operators,Monitoring,3.25
53-4041.00,Subway and Streetcar Operators,Reading Comprehension,3.12
53-4041.00,Subway and Streetcar Operators,Critical Thinking,3.0
53-4041.00,Subway and Streetcar Operators,Active Learning,3.0
53-4041.00,Subway and Streetcar Operators,Writing,2.75
53-4041.00,Subway and Streetcar Operators,Learning Strategies,2.62
53-4041.00,Subway and Streetcar Operators,Mathematics,2.38
53-4041.00,Subway and Streetcar Operators,Science,1.0
53-5011.00,Sailors and Marine Oilers,Monitoring,3.5
53-5011.00,Sailors and Marine Oilers,Reading Comprehension,3.0
53-5011.00,Sailors and Marine Oilers,Active Listening,3.0
53-5011.00,Sailors and Marine Oilers,Speaking,3.0
53-5011.00,Sailors and Marine Oilers,Critical Thinking,3.0
53-5011.00,Sailors and Marine Oilers,Active Learning,3.0
53-5011.00,Sailors and Marine Oilers,Writing,2.5
53-5011.00,Sailors and Marine Oilers,Learning Strategies,2.38
53-5011.00,Sailors and Marine Oilers,Mathematics,2.25
53-5011.00,Sailors and Marine Oilers,Science,1.62
53-5021.00,"Captains, Mates, and Pilots of Water Vessels",Speaking,3.5
53-5021.00,"Captains, Mates, and Pilots of Water Vessels",Monitoring,3.5
53-5021.00,"Captains, Mates, and Pilots of Water Vessels",Active Listening,3.38
53-5021.00,"Captains, Mates, and Pilots of Water Vessels",Critical Thinking,3.38
53-5021.00,"Captains, Mates, and Pilots of Water Vessels",Reading Comprehension,3.25
53-5021.00,"Captains, Mates, and Pilots of Water Vessels",Writing,3.12
53-5021.00,"Captains, Mates, and Pilots of Water Vessels",Active Learning,3.12
53-5021.00,"Captains, Mates, and Pilots of Water Vessels",Learning Strategies,2.88
53-5021.00,"Captains, Mates, and Pilots of Water Vessels",Mathematics,2.38
53-5021.00,"Captains, Mates, and Pilots of Water Vessels",Science,1.88
53-5022.00,Motorboat Operators,Speaking,3.38
53-5022.00,Motorboat Operators,Monitoring,3.38
53-5022.00,Motorboat Operators,Active Listening,3.12
53-5022.00,Motorboat Operators,Critical Thinking,3.12
53-5022.00,Motorboat Operators,Reading Comprehension,2.88
53-5022.00,Motorboat Operators,Active Learning,2.75
53-5022.00,Motorboat Operators,Writing,2.5
53-5022.00,Motorboat Operators,Learning Strategies,2.38
53-5022.00,Motorboat Operators,Mathematics,2.25
53-5022.00,Motorboat Operators,Science,1.5
53-5031.00,Ship Engineers,Critical Thinking,3.88
53-5031.00,Ship Engineers,Active Listening,3.62
53-5031.00,Ship Engineers,Monitoring,3.62
53-5031.00,Ship Engineers,Speaking,3.5
53-5031.00,Ship Engineers,Active Learning,3.25
53-5031.00,Ship Engineers,Reading Comprehension,3.12
53-5031.00,Ship Engineers,Writing,3.0
53-5031.00,Ship Engineers,Learning Strategies,2.75
53-5031.00,Ship Engineers,Mathematics,2.38
53-5031.00,Ship Engineers,Science,1.88
53-6011.00,Bridge and Lock Tenders,Monitoring,3.25
53-6011.00,Bridge and Lock Tenders,Active Listening,3.0
53-6011.00,Bridge and Lock Tenders,Speaking,3.0
53-6011.00,Bridge and Lock Tenders,Critical Thinking,3.0
53-6011.00,Bridge and Lock Tenders,Reading Comprehension,2.88
53-6011.00,Bridge and Lock Tenders,Writing,2.88
53-6011.00,Bridge and Lock Tenders,Learning Strategies,2.5
53-6011.00,Bridge and Lock Tenders,Active Learning,2.38
53-6011.00,Bridge and Lock Tenders,Mathematics,2.0
53-6011.00,Bridge and Lock Tenders,Science,1.12
53-6021.00,Parking Attendants,Speaking,3.5
53-6021.00,Parking Attendants,Active Listening,3.25
53-6021.00,Parking Attendants,Critical Thinking,2.88
53-6021.00,Parking Attendants,Writing,2.75
53-6021.00,Parking Attendants,Mathematics,2.75
53-6021.00,Parking Attendants,Monitoring,2.75
53-6021.00,Parking Attendants,Reading Comprehension,2.5
53-6021.00,Parking Attendants,Active Learning,2.25
53-6021.00,Parking Attendants,Learning Strategies,2.12
53-6021.00,Parking Attendants,Science,1.0
53-6031.00,Automotive and Watercraft Service Attendants,Active Listening,3.12
53-6031.00,Automotive and Watercraft Service Attendants,Speaking,3.12
53-6031.00,Automotive and Watercraft Service Attendants,Critical Thinking,3.0
53-6031.00,Automotive and Watercraft Service Attendants,Reading Comprehension,2.75
53-6031.00,Automotive and Watercraft Service Attendants,Monitoring,2.75
53-6031.00,Automotive and Watercraft Service Attendants,Writing,2.62
53-6031.00,Automotive and Watercraft Service Attendants,Active Learning,2.5
53-6031.00,Automotive and Watercraft Service Attendants,Mathematics,2.38
53-6031.00,Automotive and Watercraft Service Attendants,Learning Strategies,2.25
53-6031.00,Automotive and Watercraft Service Attendants,Science,1.38
53-6032.00,Aircraft Service Attendants,Active Listening,3.25
53-6032.00,Aircraft Service Attendants,Monitoring,3.25
53-6032.00,Aircraft Service Attendants,Reading Comprehension,3.0
53-6032.00,Aircraft Service Attendants,Speaking,3.0
53-6032.00,Aircraft Service Attendants,Critical Thinking,3.0
53-6032.00,Aircraft Service Attendants,Writing,2.75
53-6032.00,Aircraft Service Attendants,Active Learning,2.75
53-6032.00,Aircraft Service Attendants,Learning Strategies,2.5
53-6032.00,Aircraft Service Attendants,Mathematics,2.0
53-6032.00,Aircraft Service Attendants,Science,1.38
53-6041.00,Traffic Technicians,Active Listening,3.62
53-6041.00,Traffic Technicians,Reading Comprehension,3.25
53-6041.00,Traffic Technicians,Speaking,3.25
53-6041.00,Traffic Technicians,Critical Thinking,3.25
53-6041.00,Traffic Technicians,Writing,3.12
53-6041.00,Traffic Technicians,Monitoring,3.12
53-6041.00,Traffic Technicians,Active Learning,3.0
53-6041.00,Traffic Technicians,Mathematics,2.88
53-6041.00,Traffic Technicians,Science,2.75
53-6041.00,Traffic Technicians,Learning Strategies,2.62
53-6051.00,Transportation Inspectors,Reading Comprehension,3.62
53-6051.00,Transportation Inspectors,Writing,3.62
53-6051.00,Transportation Inspectors,Speaking,3.62
53-6051.00,Transportation Inspectors,Critical Thinking,3.62
53-6051.00,Transportation Inspectors,Active Listening,3.5
53-6051.00,Transportation Inspectors,Monitoring,3.38
53-6051.00,Transportation Inspectors,Active Learning,2.75
53-6051.00,Transportation Inspectors,Mathematics,2.62
53-6051.00,Transportation Inspectors,Learning Strategies,2.62
53-6051.00,Transportation Inspectors,Science,1.38
53-6051.01,Aviation Inspectors,Critical Thinking,4.0
53-6051.01,Aviation Inspectors,Reading Comprehension,3.88
53-6051.01,Aviation Inspectors,Active Listening,3.88
53-6051.01,Aviation Inspectors,Speaking,3.88
53-6051.01,Aviation Inspectors,Writing,3.62
53-6051.01,Aviation Inspectors,Monitoring,3.38
53-6051.01,Aviation Inspectors,Active Learning,3.12
53-6051.01,Aviation Inspectors,Science,2.88
53-6051.01,Aviation Inspectors,Learning Strategies,2.88
53-6051.01,Aviation Inspectors,Mathematics,2.25
53-6051.07,"Transportation Vehicle, Equipment and Systems Inspectors, Except Aviation",Active Listening,3.12
53-6051.07,"Transportation Vehicle, Equipment and Systems Inspectors, Except Aviation",Reading Comprehension,3.0
53-6051.07,"Transportation Vehicle, Equipment and Systems Inspectors, Except Aviation",Speaking,3.0
53-6051.07,"Transportation Vehicle, Equipment and Systems Inspectors, Except Aviation",Critical Thinking,3.0
53-6051.07,"Transportation Vehicle, Equipment and Systems Inspectors, Except Aviation",Monitoring,2.88
53-6051.07,"Transportation Vehicle, Equipment and Systems Inspectors, Except Aviation",Active Learning,2.75
53-6051.07,"Transportation Vehicle, Equipment and Systems Inspectors, Except Aviation",Writing,2.62
53-6051.07,"Transportation Vehicle, Equipment and Systems Inspectors, Except Aviation",Science,2.38
53-6051.07,"Transportation Vehicle, Equipment and Systems Inspectors, Except Aviation",Mathematics,2.0
53-6051.07,"Transportation Vehicle, Equipment and Systems Inspectors, Except Aviation",Learning Strategies,2.0
53-6061.00,Passenger Attendants,Active Listening,3.75
53-6061.00,Passenger Attendants,Speaking,3.75
53-6061.00,Passenger Attendants,Monitoring,3.25
53-6061.00,Passenger Attendants,Critical Thinking,3.0
53-6061.00,Passenger Attendants,Reading Comprehension,2.88
53-6061.00,Passenger Attendants,Active Learning,2.88
53-6061.00,Passenger Attendants,Writing,2.62
53-6061.00,Passenger Attendants,Learning Strategies,2.12
53-6061.00,Passenger Attendants,Mathematics,2.0
53-6061.00,Passenger Attendants,Science,1.0
53-7011.00,Conveyor Operators and Tenders,Monitoring,3.38
53-7011.00,Conveyor Operators and Tenders,Active Listening,3.12
53-7011.00,Conveyor Operators and Tenders,Speaking,3.0
53-7011.00,Conveyor Operators and Tenders,Critical Thinking,3.0
53-7011.00,Conveyor Operators and Tenders,Reading Comprehension,2.88
53-7011.00,Conveyor Operators and Tenders,Writing,2.75
53-7011.00,Conveyor Operators and Tenders,Active Learning,2.75
53-7011.00,Conveyor Operators and Tenders,Learning Strategies,2.12
53-7011.00,Conveyor Operators and Tenders,Mathematics,2.0
53-7011.00,Conveyor Operators and Tenders,Science,1.75
53-7021.00,Crane and Tower Operators,Critical Thinking,3.25
53-7021.00,Crane and Tower Operators,Active Listening,3.12
53-7021.00,Crane and Tower Operators,Monitoring,3.12
53-7021.00,Crane and Tower Operators,Reading Comprehension,3.0
53-7021.00,Crane and Tower Operators,Speaking,3.0
53-7021.00,Crane and Tower Operators,Active Learning,2.88
53-7021.00,Crane and Tower Operators,Writing,2.62
53-7021.00,Crane and Tower Operators,Mathematics,2.62
53-7021.00,Crane and Tower Operators,Learning Strategies,2.25
53-7021.00,Crane and Tower Operators,Science,1.12
53-7031.00,Dredge Operators,Critical Thinking,3.0
53-7031.00,Dredge Operators,Active Listening,2.88
53-7031.00,Dredge Operators,Speaking,2.88
53-7031.00,Dredge Operators,Monitoring,2.88
53-7031.00,Dredge Operators,Reading Comprehension,2.5
53-7031.00,Dredge Operators,Active Learning,2.5
53-7031.00,Dredge Operators,Learning Strategies,2.38
53-7031.00,Dredge Operators,Writing,2.12
53-7031.00,Dredge Operators,Mathematics,2.0
53-7031.00,Dredge Operators,Science,1.25
53-7041.00,Hoist and Winch Operators,Critical Thinking,3.75
53-7041.00,Hoist and Winch Operators,Monitoring,3.62
53-7041.00,Hoist and Winch Operators,Active Listening,3.38
53-7041.00,Hoist and Winch Operators,Speaking,3.12
53-7041.00,Hoist and Winch Operators,Active Learning,2.88
53-7041.00,Hoist and Winch Operators,Reading Comprehension,2.75
53-7041.00,Hoist and Winch Operators,Mathematics,2.62
53-7041.00,Hoist and Winch Operators,Learning Strategies,2.5
53-7041.00,Hoist and Winch Operators,Writing,2.25
53-7041.00,Hoist and Winch Operators,Science,1.25
53-7051.00,Industrial Truck and Tractor Operators,Reading Comprehension,2.88
53-7051.00,Industrial Truck and Tractor Operators,Active Listening,2.88
53-7051.00,Industrial Truck and Tractor Operators,Speaking,2.75
53-7051.00,Industrial Truck and Tractor Operators,Critical Thinking,2.75
53-7051.00,Industrial Truck and Tractor Operators,Monitoring,2.75
53-7051.00,Industrial Truck and Tractor Operators,Writing,2.5
53-7051.00,Industrial Truck and Tractor Operators,Mathematics,2.12
53-7051.00,Industrial Truck and Tractor Operators,Active Learning,2.12
53-7051.00,Industrial Truck and Tractor Operators,Learning Strategies,2.12
53-7051.00,Industrial Truck and Tractor Operators,Science,1.25
53-7061.00,Cleaners of Vehicles and Equipment,Monitoring,2.75
53-7061.00,Cleaners of Vehicles and Equipment,Speaking,2.62
53-7061.00,Cleaners of Vehicles and Equipment,Active Listening,2.5
53-7061.00,Cleaners of Vehicles and Equipment,Reading Comprehension,2.25
53-7061.00,Cleaners of Vehicles and Equipment,Critical Thinking,2.25
53-7061.00,Cleaners of Vehicles and Equipment,Active Learning,2.0
53-7061.00,Cleaners of Vehicles and Equipment,Writing,1.88
53-7061.00,Cleaners of Vehicles and Equipment,Learning Strategies,1.88
53-7061.00,Cleaners of Vehicles and Equipment,Mathematics,1.62
53-7061.00,Cleaners of Vehicles and Equipment,Science,1.25
53-7062.00,"Laborers and Freight, Stock, and Material Movers, Hand",Active Listening,2.88
53-7062.00,"Laborers and Freight, Stock, and Material Movers, Hand",Reading Comprehension,2.75
53-7062.00,"Laborers and Freight, Stock, and Material Movers, Hand",Speaking,2.75
53-7062.00,"Laborers and Freight, Stock, and Material Movers, Hand",Monitoring,2.75
53-7062.00,"Laborers and Freight, Stock, and Material Movers, Hand",Critical Thinking,2.5
53-7062.00,"Laborers and Freight, Stock, and Material Movers, Hand",Writing,2.25
53-7062.00,"Laborers and Freight, Stock, and Material Movers, Hand",Learning Strategies,2.12
53-7062.00,"Laborers and Freight, Stock, and Material Movers, Hand",Mathematics,2.0
53-7062.00,"Laborers and Freight, Stock, and Material Movers, Hand",Active Learning,2.0
53-7062.00,"Laborers and Freight, Stock, and Material Movers, Hand",Science,1.0
53-7062.04,Recycling and Reclamation Workers,Active Listening,3.12
53-7062.04,Recycling and Reclamation Workers,Monitoring,3.12
53-7062.04,Recycling and Reclamation Workers,Speaking,2.75
53-7062.04,Recycling and Reclamation Workers,Critical Thinking,2.75
53-7062.04,Recycling and Reclamation Workers,Reading Comprehension,2.62
53-7062.04,Recycling and Reclamation Workers,Active Learning,2.5
53-7062.04,Recycling and Reclamation Workers,Writing,2.38
53-7062.04,Recycling and Reclamation Workers,Learning Strategies,2.0
53-7062.04,Recycling and Reclamation Workers,Mathematics,1.88
53-7062.04,Recycling and Reclamation Workers,Science,1.12
53-7063.00,Machine Feeders and Offbearers,Monitoring,3.0
53-7063.00,Machine Feeders and Offbearers,Reading Comprehension,2.75
53-7063.00,Machine Feeders and Offbearers,Active Listening,2.75
53-7063.00,Machine Feeders and Offbearers,Speaking,2.75
53-7063.00,Machine Feeders and Offbearers,Critical Thinking,2.5
53-7063.00,Machine Feeders and Offbearers,Writing,2.38
53-7063.00,Machine Feeders and Offbearers,Mathematics,2.12
53-7063.00,Machine Feeders and Offbearers,Active Learning,2.0
53-7063.00,Machine Feeders and Offbearers,Learning Strategies,2.0
53-7063.00,Machine Feeders and Offbearers,Science,1.25
53-7064.00,"Packers and Packagers, Hand",Monitoring,3.0
53-7064.00,"Packers and Packagers, Hand",Active Listening,2.75
53-7064.00,"Packers and Packagers, Hand",Critical Thinking,2.75
53-7064.00,"Packers and Packagers, Hand",Reading Comprehension,2.62
53-7064.00,"Packers and Packagers, Hand",Speaking,2.62
53-7064.00,"Packers and Packagers, Hand",Active Learning,2.12
53-7064.00,"Packers and Packagers, Hand",Writing,2.0
53-7064.00,"Packers and Packagers, Hand",Mathematics,2.0
53-7064.00,"Packers and Packagers, Hand",Learning Strategies,2.0
53-7064.00,"Packers and Packagers, Hand",Science,1.0
53-7065.00,Stockers and Order Fillers,Active Listening,3.12
53-7065.00,Stockers and Order Fillers,Reading Comprehension,3.0
53-7065.00,Stockers and Order Fillers,Speaking,2.75
53-7065.00,Stockers and Order Fillers,Critical Thinking,2.75
53-7065.00,Stockers and Order Fillers,Writing,2.62
53-7065.00,Stockers and Order Fillers,Monitoring,2.62
53-7065.00,Stockers and Order Fillers,Active Learning,2.12
53-7065.00,Stockers and Order Fillers,Mathematics,2.0
53-7065.00,Stockers and Order Fillers,Learning Strategies,2.0
53-7065.00,Stockers and Order Fillers,Science,1.0
53-7071.00,Gas Compressor and Gas Pumping Station Operators,Critical Thinking,3.62
53-7071.00,Gas Compressor and Gas Pumping Station Operators,Reading Comprehension,3.12
53-7071.00,Gas Compressor and Gas Pumping Station Operators,Active Listening,3.12
53-7071.00,Gas Compressor and Gas Pumping Station Operators,Monitoring,3.12
53-7071.00,Gas Compressor and Gas Pumping Station Operators,Writing,3.0
53-7071.00,Gas Compressor and Gas Pumping Station Operators,Speaking,3.0
53-7071.00,Gas Compressor and Gas Pumping Station Operators,Active Learning,2.88
53-7071.00,Gas Compressor and Gas Pumping Station Operators,Mathematics,2.25
53-7071.00,Gas Compressor and Gas Pumping Station Operators,Learning Strategies,2.25
53-7071.00,Gas Compressor and Gas Pumping Station Operators,Science,1.88
53-7072.00,"Pump Operators, Except Wellhead Pumpers",Monitoring,3.5
53-7072.00,"Pump Operators, Except Wellhead Pumpers",Reading Comprehension,3.12
53-7072.00,"Pump Operators, Except Wellhead Pumpers",Active Listening,3.12
53-7072.00,"Pump Operators, Except Wellhead Pumpers",Speaking,3.12
53-7072.00,"Pump Operators, Except Wellhead Pumpers",Critical Thinking,3.12
53-7072.00,"Pump Operators, Except Wellhead Pumpers",Writing,2.88
53-7072.00,"Pump Operators, Except Wellhead Pumpers",Active Learning,2.88
53-7072.00,"Pump Operators, Except Wellhead Pumpers",Mathematics,2.38
53-7072.00,"Pump Operators, Except Wellhead Pumpers",Learning Strategies,2.12
53-7072.00,"Pump Operators, Except Wellhead Pumpers",Science,2.0
53-7073.00,Wellhead Pumpers,Critical Thinking,3.12
53-7073.00,Wellhead Pumpers,Monitoring,3.12
53-7073.00,Wellhead Pumpers,Speaking,3.0
53-7073.00,Wellhead Pumpers,Active Listening,2.88
53-7073.00,Wellhead Pumpers,Reading Comprehension,2.75
53-7073.00,Wellhead Pumpers,Writing,2.62
53-7073.00,Wellhead Pumpers,Active Learning,2.38
53-7073.00,Wellhead Pumpers,Mathematics,2.25
53-7073.00,Wellhead Pumpers,Learning Strategies,1.88
53-7073.00,Wellhead Pumpers,Science,1.12
53-7081.00,Refuse and Recyclable Material Collectors,Active Listening,2.88
53-7081.00,Refuse and Recyclable Material Collectors,Speaking,2.88
53-7081.00,Refuse and Recyclable Material Collectors,Critical Thinking,2.75
53-7081.00,Refuse and Recyclable Material Collectors,Reading Comprehension,2.62
53-7081.00,Refuse and Recyclable Material Collectors,Writing,2.5
53-7081.00,Refuse and Recyclable Material Collectors,Monitoring,2.5
53-7081.00,Refuse and Recyclable Material Collectors,Active Learning,2.25
53-7081.00,Refuse and Recyclable Material Collectors,Learning Strategies,1.38
53-7081.00,Refuse and Recyclable Material Collectors,Mathematics,1.0
53-7081.00,Refuse and Recyclable Material Collectors,Science,1.0
53-7121.00,"Tank Car, Truck, and Ship Loaders",Reading Comprehension,3.25
53-7121.00,"Tank Car, Truck, and Ship Loaders",Active Listening,3.0
53-7121.00,"Tank Car, Truck, and Ship Loaders",Writing,3.0
53-7121.00,"Tank Car, Truck, and Ship Loaders",Speaking,3.0
53-7121.00,"Tank Car, Truck, and Ship Loaders",Critical Thinking,3.0
53-7121.00,"Tank Car, Truck, and Ship Loaders",Monitoring,3.0
53-7121.00,"Tank Car, Truck, and Ship Loaders",Active Learning,2.75
53-7121.00,"Tank Car, Truck, and Ship Loaders",Mathematics,2.5
53-7121.00,"Tank Car, Truck, and Ship Loaders",Learning Strategies,2.5
53-7121.00,"Tank Car, Truck, and Ship Loaders",Science,1.5
